
*** Running vivado
    with args -log video_out_pynq_z2_smartconnect_0_0.vds -m64 -product Vivado -mode batch -messageDb vivado.pb -notrace -source video_out_pynq_z2_smartconnect_0_0.tcl


ECHO is off.
ECHO is off.

****** Vivado v2023.2 (64-bit)
  **** SW Build 4029153 on Fri Oct 13 20:14:34 MDT 2023
  **** IP Build 4028589 on Sat Oct 14 00:45:43 MDT 2023
  **** SharedData Build 4025554 on Tue Oct 10 17:18:54 MDT 2023
    ** Copyright 1986-2022 Xilinx, Inc. All Rights Reserved.
    ** Copyright 2022-2023 Advanced Micro Devices, Inc. All Rights Reserved.

source video_out_pynq_z2_smartconnect_0_0.tcl -notrace
create_project: Time (s): cpu = 00:00:08 ; elapsed = 00:00:08 . Memory (MB): peak = 462.863 ; gain = 184.047
INFO: [IP_Flow 19-234] Refreshing IP repositories
INFO: [IP_Flow 19-1700] Loaded user IP repository 'c:/selected_topics_hdmi/pyzq/vivado-library'.
INFO: [IP_Flow 19-1700] Loaded user IP repository 'c:/selected_topics_hdmi/pyzq/hw/ip_repo'.
INFO: [IP_Flow 19-1700] Loaded user IP repository 'c:/selected_topics_hdmi/pyzq/hw/hls_gray_ip/hls_export/myip'.
INFO: [IP_Flow 19-2313] Loaded Vivado IP repository 'C:/Xilinx_vitis/Vivado/2023.2/data/ip'.
INFO: [IP_Flow 19-6924] IPCACHE: Running cache check for IP inst: video_out_pynq_z2_smartconnect_0_0
Command: synth_design -top video_out_pynq_z2_smartconnect_0_0 -part xc7z020clg400-1 -incremental_mode off -mode out_of_context
Starting synth_design
Attempting to get a license for feature 'Synthesis' and/or device 'xc7z020'
INFO: [Common 17-349] Got license for feature 'Synthesis' and/or device 'xc7z020'
INFO: [Device 21-403] Loading part xc7z020clg400-1
INFO: [Synth 8-7079] Multithreading enabled for synth_design using a maximum of 2 processes.
INFO: [Synth 8-7078] Launching helper process for spawning children vivado processes
INFO: [Synth 8-7075] Helper process launched with PID 28968
---------------------------------------------------------------------------------
Starting RTL Elaboration : Time (s): cpu = 00:00:08 ; elapsed = 00:00:09 . Memory (MB): peak = 1380.977 ; gain = 441.066
---------------------------------------------------------------------------------
INFO: [Synth 8-6157] synthesizing module 'video_out_pynq_z2_smartconnect_0_0' [c:/selected_topics_hdmi/pyzq/hw/hw_proj/hw_proj.gen/sources_1/bd/video_out_pynq_z2/ip/video_out_pynq_z2_smartconnect_0_0/synth/video_out_pynq_z2_smartconnect_0_0.v:53]
INFO: [Synth 8-6157] synthesizing module 'bd_98e7' [c:/selected_topics_hdmi/pyzq/hw/hw_proj/hw_proj.gen/sources_1/bd/video_out_pynq_z2/ip/video_out_pynq_z2_smartconnect_0_0/bd_0/synth/bd_98e7.v:10]
INFO: [Synth 8-6157] synthesizing module 'clk_map_imp_CG7MAC' [c:/selected_topics_hdmi/pyzq/hw/hw_proj/hw_proj.gen/sources_1/bd/video_out_pynq_z2/ip/video_out_pynq_z2_smartconnect_0_0/bd_0/synth/bd_98e7.v:2744]
INFO: [Synth 8-6157] synthesizing module 'bd_98e7_one_0' [c:/selected_topics_hdmi/pyzq/hw/hw_proj/hw_proj.gen/sources_1/bd/video_out_pynq_z2/ip/video_out_pynq_z2_smartconnect_0_0/bd_0/ip/ip_0/synth/bd_98e7_one_0.v:53]
INFO: [Synth 8-6157] synthesizing module 'xlconstant_v1_1_8_xlconstant' [c:/selected_topics_hdmi/pyzq/hw/hw_proj/hw_proj.gen/sources_1/bd/video_out_pynq_z2/ipshared/d390/hdl/xlconstant_v1_1_vl_rfs.v:68]
INFO: [Synth 8-6155] done synthesizing module 'xlconstant_v1_1_8_xlconstant' (0#1) [c:/selected_topics_hdmi/pyzq/hw/hw_proj/hw_proj.gen/sources_1/bd/video_out_pynq_z2/ipshared/d390/hdl/xlconstant_v1_1_vl_rfs.v:68]
INFO: [Synth 8-6155] done synthesizing module 'bd_98e7_one_0' (0#1) [c:/selected_topics_hdmi/pyzq/hw/hw_proj/hw_proj.gen/sources_1/bd/video_out_pynq_z2/ip/video_out_pynq_z2_smartconnect_0_0/bd_0/ip/ip_0/synth/bd_98e7_one_0.v:53]
INFO: [Synth 8-638] synthesizing module 'bd_98e7_psr_aclk_0' [c:/selected_topics_hdmi/pyzq/hw/hw_proj/hw_proj.gen/sources_1/bd/video_out_pynq_z2/ip/video_out_pynq_z2_smartconnect_0_0/bd_0/ip/ip_1/synth/bd_98e7_psr_aclk_0.vhd:74]
	Parameter C_FAMILY bound to: zynq - type: string 
	Parameter C_EXT_RST_WIDTH bound to: 4 - type: integer 
	Parameter C_AUX_RST_WIDTH bound to: 1 - type: integer 
	Parameter C_EXT_RESET_HIGH bound to: 1'b0 
	Parameter C_AUX_RESET_HIGH bound to: 1'b0 
	Parameter C_NUM_BUS_RST bound to: 1 - type: integer 
	Parameter C_NUM_PERP_RST bound to: 1 - type: integer 
	Parameter C_NUM_INTERCONNECT_ARESETN bound to: 1 - type: integer 
	Parameter C_NUM_PERP_ARESETN bound to: 1 - type: integer 
INFO: [Synth 8-3491] module 'proc_sys_reset' declared at 'c:/selected_topics_hdmi/pyzq/hw/hw_proj/hw_proj.gen/sources_1/bd/video_out_pynq_z2/ipshared/408c/hdl/proc_sys_reset_v5_0_vh_rfs.vhd:1271' bound to instance 'U0' of component 'proc_sys_reset' [c:/selected_topics_hdmi/pyzq/hw/hw_proj/hw_proj.gen/sources_1/bd/video_out_pynq_z2/ip/video_out_pynq_z2_smartconnect_0_0/bd_0/ip/ip_1/synth/bd_98e7_psr_aclk_0.vhd:129]
INFO: [Synth 8-638] synthesizing module 'proc_sys_reset' [c:/selected_topics_hdmi/pyzq/hw/hw_proj/hw_proj.gen/sources_1/bd/video_out_pynq_z2/ipshared/408c/hdl/proc_sys_reset_v5_0_vh_rfs.vhd:1330]
	Parameter INIT bound to: 1'b1 
INFO: [Synth 8-113] binding component instance 'FDRE_inst' to cell 'FDRE' [c:/selected_topics_hdmi/pyzq/hw/hw_proj/hw_proj.gen/sources_1/bd/video_out_pynq_z2/ipshared/408c/hdl/proc_sys_reset_v5_0_vh_rfs.vhd:1399]
	Parameter INIT bound to: 1'b1 
INFO: [Synth 8-113] binding component instance 'FDRE_BSR' to cell 'FDRE' [c:/selected_topics_hdmi/pyzq/hw/hw_proj/hw_proj.gen/sources_1/bd/video_out_pynq_z2/ipshared/408c/hdl/proc_sys_reset_v5_0_vh_rfs.vhd:1415]
	Parameter INIT bound to: 1'b0 
INFO: [Synth 8-113] binding component instance 'FDRE_BSR_N' to cell 'FDRE' [c:/selected_topics_hdmi/pyzq/hw/hw_proj/hw_proj.gen/sources_1/bd/video_out_pynq_z2/ipshared/408c/hdl/proc_sys_reset_v5_0_vh_rfs.vhd:1441]
	Parameter INIT bound to: 1'b1 
INFO: [Synth 8-113] binding component instance 'FDRE_PER' to cell 'FDRE' [c:/selected_topics_hdmi/pyzq/hw/hw_proj/hw_proj.gen/sources_1/bd/video_out_pynq_z2/ipshared/408c/hdl/proc_sys_reset_v5_0_vh_rfs.vhd:1464]
	Parameter INIT bound to: 1'b0 
INFO: [Synth 8-113] binding component instance 'FDRE_PER_N' to cell 'FDRE' [c:/selected_topics_hdmi/pyzq/hw/hw_proj/hw_proj.gen/sources_1/bd/video_out_pynq_z2/ipshared/408c/hdl/proc_sys_reset_v5_0_vh_rfs.vhd:1488]
INFO: [Synth 8-638] synthesizing module 'lpf' [c:/selected_topics_hdmi/pyzq/hw/hw_proj/hw_proj.gen/sources_1/bd/video_out_pynq_z2/ipshared/408c/hdl/proc_sys_reset_v5_0_vh_rfs.vhd:821]
INFO: [Synth 8-3491] module 'SRL16' declared at 'C:/Xilinx_vitis/Vivado/2023.2/scripts/rt/data/unisim_comp.v:133721' bound to instance 'POR_SRL_I' of component 'SRL16' [c:/selected_topics_hdmi/pyzq/hw/hw_proj/hw_proj.gen/sources_1/bd/video_out_pynq_z2/ipshared/408c/hdl/proc_sys_reset_v5_0_vh_rfs.vhd:873]
INFO: [Synth 8-6157] synthesizing module 'SRL16' [C:/Xilinx_vitis/Vivado/2023.2/scripts/rt/data/unisim_comp.v:133721]
INFO: [Synth 8-6155] done synthesizing module 'SRL16' (0#1) [C:/Xilinx_vitis/Vivado/2023.2/scripts/rt/data/unisim_comp.v:133721]
INFO: [Synth 8-638] synthesizing module 'cdc_sync' [c:/selected_topics_hdmi/pyzq/hw/hw_proj/hw_proj.gen/sources_1/bd/video_out_pynq_z2/ipshared/ef1e/hdl/lib_cdc_v1_0_rfs.vhd:106]
	Parameter INIT bound to: 1'b0 
INFO: [Synth 8-113] binding component instance 'CROSS_PLEVEL_IN2SCNDRY_IN_cdc_to' to cell 'FDR' [c:/selected_topics_hdmi/pyzq/hw/hw_proj/hw_proj.gen/sources_1/bd/video_out_pynq_z2/ipshared/ef1e/hdl/lib_cdc_v1_0_rfs.vhd:514]
	Parameter INIT bound to: 1'b0 
INFO: [Synth 8-113] binding component instance 'CROSS_PLEVEL_IN2SCNDRY_s_level_out_d2' to cell 'FDR' [c:/selected_topics_hdmi/pyzq/hw/hw_proj/hw_proj.gen/sources_1/bd/video_out_pynq_z2/ipshared/ef1e/hdl/lib_cdc_v1_0_rfs.vhd:545]
	Parameter INIT bound to: 1'b0 
INFO: [Synth 8-113] binding component instance 'CROSS_PLEVEL_IN2SCNDRY_s_level_out_d3' to cell 'FDR' [c:/selected_topics_hdmi/pyzq/hw/hw_proj/hw_proj.gen/sources_1/bd/video_out_pynq_z2/ipshared/ef1e/hdl/lib_cdc_v1_0_rfs.vhd:554]
	Parameter INIT bound to: 1'b0 
INFO: [Synth 8-113] binding component instance 'CROSS_PLEVEL_IN2SCNDRY_s_level_out_d4' to cell 'FDR' [c:/selected_topics_hdmi/pyzq/hw/hw_proj/hw_proj.gen/sources_1/bd/video_out_pynq_z2/ipshared/ef1e/hdl/lib_cdc_v1_0_rfs.vhd:564]
	Parameter INIT bound to: 1'b0 
INFO: [Synth 8-113] binding component instance 'CROSS_PLEVEL_IN2SCNDRY_s_level_out_d5' to cell 'FDR' [c:/selected_topics_hdmi/pyzq/hw/hw_proj/hw_proj.gen/sources_1/bd/video_out_pynq_z2/ipshared/ef1e/hdl/lib_cdc_v1_0_rfs.vhd:574]
	Parameter INIT bound to: 1'b0 
INFO: [Synth 8-113] binding component instance 'CROSS_PLEVEL_IN2SCNDRY_s_level_out_d6' to cell 'FDR' [c:/selected_topics_hdmi/pyzq/hw/hw_proj/hw_proj.gen/sources_1/bd/video_out_pynq_z2/ipshared/ef1e/hdl/lib_cdc_v1_0_rfs.vhd:584]
INFO: [Synth 8-256] done synthesizing module 'cdc_sync' (0#1) [c:/selected_topics_hdmi/pyzq/hw/hw_proj/hw_proj.gen/sources_1/bd/video_out_pynq_z2/ipshared/ef1e/hdl/lib_cdc_v1_0_rfs.vhd:106]
INFO: [Synth 8-256] done synthesizing module 'lpf' (0#1) [c:/selected_topics_hdmi/pyzq/hw/hw_proj/hw_proj.gen/sources_1/bd/video_out_pynq_z2/ipshared/408c/hdl/proc_sys_reset_v5_0_vh_rfs.vhd:821]
INFO: [Synth 8-638] synthesizing module 'sequence_psr' [c:/selected_topics_hdmi/pyzq/hw/hw_proj/hw_proj.gen/sources_1/bd/video_out_pynq_z2/ipshared/408c/hdl/proc_sys_reset_v5_0_vh_rfs.vhd:304]
INFO: [Synth 8-638] synthesizing module 'upcnt_n' [c:/selected_topics_hdmi/pyzq/hw/hw_proj/hw_proj.gen/sources_1/bd/video_out_pynq_z2/ipshared/408c/hdl/proc_sys_reset_v5_0_vh_rfs.vhd:126]
INFO: [Synth 8-256] done synthesizing module 'upcnt_n' (0#1) [c:/selected_topics_hdmi/pyzq/hw/hw_proj/hw_proj.gen/sources_1/bd/video_out_pynq_z2/ipshared/408c/hdl/proc_sys_reset_v5_0_vh_rfs.vhd:126]
INFO: [Synth 8-256] done synthesizing module 'sequence_psr' (0#1) [c:/selected_topics_hdmi/pyzq/hw/hw_proj/hw_proj.gen/sources_1/bd/video_out_pynq_z2/ipshared/408c/hdl/proc_sys_reset_v5_0_vh_rfs.vhd:304]
INFO: [Synth 8-256] done synthesizing module 'proc_sys_reset' (0#1) [c:/selected_topics_hdmi/pyzq/hw/hw_proj/hw_proj.gen/sources_1/bd/video_out_pynq_z2/ipshared/408c/hdl/proc_sys_reset_v5_0_vh_rfs.vhd:1330]
INFO: [Synth 8-256] done synthesizing module 'bd_98e7_psr_aclk_0' (0#1) [c:/selected_topics_hdmi/pyzq/hw/hw_proj/hw_proj.gen/sources_1/bd/video_out_pynq_z2/ip/video_out_pynq_z2_smartconnect_0_0/bd_0/ip/ip_1/synth/bd_98e7_psr_aclk_0.vhd:74]
WARNING: [Synth 8-7071] port 'mb_reset' of module 'bd_98e7_psr_aclk_0' is unconnected for instance 'psr_aclk' [c:/selected_topics_hdmi/pyzq/hw/hw_proj/hw_proj.gen/sources_1/bd/video_out_pynq_z2/ip/video_out_pynq_z2_smartconnect_0_0/bd_0/synth/bd_98e7.v:2809]
WARNING: [Synth 8-7071] port 'bus_struct_reset' of module 'bd_98e7_psr_aclk_0' is unconnected for instance 'psr_aclk' [c:/selected_topics_hdmi/pyzq/hw/hw_proj/hw_proj.gen/sources_1/bd/video_out_pynq_z2/ip/video_out_pynq_z2_smartconnect_0_0/bd_0/synth/bd_98e7.v:2809]
WARNING: [Synth 8-7071] port 'peripheral_reset' of module 'bd_98e7_psr_aclk_0' is unconnected for instance 'psr_aclk' [c:/selected_topics_hdmi/pyzq/hw/hw_proj/hw_proj.gen/sources_1/bd/video_out_pynq_z2/ip/video_out_pynq_z2_smartconnect_0_0/bd_0/synth/bd_98e7.v:2809]
WARNING: [Synth 8-7071] port 'peripheral_aresetn' of module 'bd_98e7_psr_aclk_0' is unconnected for instance 'psr_aclk' [c:/selected_topics_hdmi/pyzq/hw/hw_proj/hw_proj.gen/sources_1/bd/video_out_pynq_z2/ip/video_out_pynq_z2_smartconnect_0_0/bd_0/synth/bd_98e7.v:2809]
WARNING: [Synth 8-7023] instance 'psr_aclk' of module 'bd_98e7_psr_aclk_0' has 10 connections declared, but only 6 given [c:/selected_topics_hdmi/pyzq/hw/hw_proj/hw_proj.gen/sources_1/bd/video_out_pynq_z2/ip/video_out_pynq_z2_smartconnect_0_0/bd_0/synth/bd_98e7.v:2809]
INFO: [Synth 8-6155] done synthesizing module 'clk_map_imp_CG7MAC' (0#1) [c:/selected_topics_hdmi/pyzq/hw/hw_proj/hw_proj.gen/sources_1/bd/video_out_pynq_z2/ip/video_out_pynq_z2_smartconnect_0_0/bd_0/synth/bd_98e7.v:2744]
INFO: [Synth 8-6157] synthesizing module 'm00_exit_pipeline_imp_1MXZA6N' [c:/selected_topics_hdmi/pyzq/hw/hw_proj/hw_proj.gen/sources_1/bd/video_out_pynq_z2/ip/video_out_pynq_z2_smartconnect_0_0/bd_0/synth/bd_98e7.v:3114]
INFO: [Synth 8-6157] synthesizing module 'bd_98e7_m00e_0' [c:/selected_topics_hdmi/pyzq/hw/hw_proj/hw_proj.gen/sources_1/bd/video_out_pynq_z2/ip/video_out_pynq_z2_smartconnect_0_0/bd_0/ip/ip_32/synth/bd_98e7_m00e_0.sv:53]
INFO: [Synth 8-6157] synthesizing module 'xpm_cdc_async_rst' [C:/Xilinx_vitis/Vivado/2023.2/data/ip/xpm/xpm_cdc/hdl/xpm_cdc.sv:1175]
INFO: [Synth 8-6155] done synthesizing module 'xpm_cdc_async_rst' (0#1) [C:/Xilinx_vitis/Vivado/2023.2/data/ip/xpm/xpm_cdc/hdl/xpm_cdc.sv:1175]
INFO: [Synth 8-6155] done synthesizing module 'bd_98e7_m00e_0' (0#1) [c:/selected_topics_hdmi/pyzq/hw/hw_proj/hw_proj.gen/sources_1/bd/video_out_pynq_z2/ip/video_out_pynq_z2_smartconnect_0_0/bd_0/ip/ip_32/synth/bd_98e7_m00e_0.sv:53]
INFO: [Synth 8-6155] done synthesizing module 'm00_exit_pipeline_imp_1MXZA6N' (0#1) [c:/selected_topics_hdmi/pyzq/hw/hw_proj/hw_proj.gen/sources_1/bd/video_out_pynq_z2/ip/video_out_pynq_z2_smartconnect_0_0/bd_0/synth/bd_98e7.v:3114]
INFO: [Synth 8-6157] synthesizing module 'm00_nodes_imp_10P7V4Z' [c:/selected_topics_hdmi/pyzq/hw/hw_proj/hw_proj.gen/sources_1/bd/video_out_pynq_z2/ip/video_out_pynq_z2_smartconnect_0_0/bd_0/synth/bd_98e7.v:3415]
INFO: [Synth 8-6157] synthesizing module 'bd_98e7_m00arn_0' [c:/selected_topics_hdmi/pyzq/hw/hw_proj/hw_proj.gen/sources_1/bd/video_out_pynq_z2/ip/video_out_pynq_z2_smartconnect_0_0/bd_0/ip/ip_27/synth/bd_98e7_m00arn_0.sv:53]
INFO: [Synth 8-6155] done synthesizing module 'bd_98e7_m00arn_0' (0#1) [c:/selected_topics_hdmi/pyzq/hw/hw_proj/hw_proj.gen/sources_1/bd/video_out_pynq_z2/ip/video_out_pynq_z2_smartconnect_0_0/bd_0/ip/ip_27/synth/bd_98e7_m00arn_0.sv:53]
INFO: [Synth 8-6157] synthesizing module 'bd_98e7_m00awn_0' [c:/selected_topics_hdmi/pyzq/hw/hw_proj/hw_proj.gen/sources_1/bd/video_out_pynq_z2/ip/video_out_pynq_z2_smartconnect_0_0/bd_0/ip/ip_29/synth/bd_98e7_m00awn_0.sv:53]
INFO: [Synth 8-6155] done synthesizing module 'bd_98e7_m00awn_0' (0#1) [c:/selected_topics_hdmi/pyzq/hw/hw_proj/hw_proj.gen/sources_1/bd/video_out_pynq_z2/ip/video_out_pynq_z2_smartconnect_0_0/bd_0/ip/ip_29/synth/bd_98e7_m00awn_0.sv:53]
INFO: [Synth 8-6157] synthesizing module 'bd_98e7_m00bn_0' [c:/selected_topics_hdmi/pyzq/hw/hw_proj/hw_proj.gen/sources_1/bd/video_out_pynq_z2/ip/video_out_pynq_z2_smartconnect_0_0/bd_0/ip/ip_31/synth/bd_98e7_m00bn_0.sv:53]
INFO: [Synth 8-6155] done synthesizing module 'bd_98e7_m00bn_0' (0#1) [c:/selected_topics_hdmi/pyzq/hw/hw_proj/hw_proj.gen/sources_1/bd/video_out_pynq_z2/ip/video_out_pynq_z2_smartconnect_0_0/bd_0/ip/ip_31/synth/bd_98e7_m00bn_0.sv:53]
INFO: [Synth 8-6157] synthesizing module 'bd_98e7_m00rn_0' [c:/selected_topics_hdmi/pyzq/hw/hw_proj/hw_proj.gen/sources_1/bd/video_out_pynq_z2/ip/video_out_pynq_z2_smartconnect_0_0/bd_0/ip/ip_28/synth/bd_98e7_m00rn_0.sv:53]
INFO: [Synth 8-6155] done synthesizing module 'bd_98e7_m00rn_0' (0#1) [c:/selected_topics_hdmi/pyzq/hw/hw_proj/hw_proj.gen/sources_1/bd/video_out_pynq_z2/ip/video_out_pynq_z2_smartconnect_0_0/bd_0/ip/ip_28/synth/bd_98e7_m00rn_0.sv:53]
INFO: [Synth 8-6157] synthesizing module 'bd_98e7_m00wn_0' [c:/selected_topics_hdmi/pyzq/hw/hw_proj/hw_proj.gen/sources_1/bd/video_out_pynq_z2/ip/video_out_pynq_z2_smartconnect_0_0/bd_0/ip/ip_30/synth/bd_98e7_m00wn_0.sv:53]
INFO: [Synth 8-6155] done synthesizing module 'bd_98e7_m00wn_0' (0#1) [c:/selected_topics_hdmi/pyzq/hw/hw_proj/hw_proj.gen/sources_1/bd/video_out_pynq_z2/ip/video_out_pynq_z2_smartconnect_0_0/bd_0/ip/ip_30/synth/bd_98e7_m00wn_0.sv:53]
INFO: [Synth 8-6155] done synthesizing module 'm00_nodes_imp_10P7V4Z' (0#1) [c:/selected_topics_hdmi/pyzq/hw/hw_proj/hw_proj.gen/sources_1/bd/video_out_pynq_z2/ip/video_out_pynq_z2_smartconnect_0_0/bd_0/synth/bd_98e7.v:3415]
INFO: [Synth 8-6157] synthesizing module 'bd_98e7_m00s2a_0' [c:/selected_topics_hdmi/pyzq/hw/hw_proj/hw_proj.gen/sources_1/bd/video_out_pynq_z2/ip/video_out_pynq_z2_smartconnect_0_0/bd_0/ip/ip_26/synth/bd_98e7_m00s2a_0.sv:53]
INFO: [Synth 8-6155] done synthesizing module 'bd_98e7_m00s2a_0' (0#1) [c:/selected_topics_hdmi/pyzq/hw/hw_proj/hw_proj.gen/sources_1/bd/video_out_pynq_z2/ip/video_out_pynq_z2_smartconnect_0_0/bd_0/ip/ip_26/synth/bd_98e7_m00s2a_0.sv:53]
INFO: [Synth 8-6157] synthesizing module 'm01_exit_pipeline_imp_1I78Z9R' [c:/selected_topics_hdmi/pyzq/hw/hw_proj/hw_proj.gen/sources_1/bd/video_out_pynq_z2/ip/video_out_pynq_z2_smartconnect_0_0/bd_0/synth/bd_98e7.v:3711]
INFO: [Synth 8-6157] synthesizing module 'bd_98e7_m01e_0' [c:/selected_topics_hdmi/pyzq/hw/hw_proj/hw_proj.gen/sources_1/bd/video_out_pynq_z2/ip/video_out_pynq_z2_smartconnect_0_0/bd_0/ip/ip_39/synth/bd_98e7_m01e_0.sv:53]
INFO: [Synth 8-6155] done synthesizing module 'bd_98e7_m01e_0' (0#1) [c:/selected_topics_hdmi/pyzq/hw/hw_proj/hw_proj.gen/sources_1/bd/video_out_pynq_z2/ip/video_out_pynq_z2_smartconnect_0_0/bd_0/ip/ip_39/synth/bd_98e7_m01e_0.sv:53]
INFO: [Synth 8-6155] done synthesizing module 'm01_exit_pipeline_imp_1I78Z9R' (0#1) [c:/selected_topics_hdmi/pyzq/hw/hw_proj/hw_proj.gen/sources_1/bd/video_out_pynq_z2/ip/video_out_pynq_z2_smartconnect_0_0/bd_0/synth/bd_98e7.v:3711]
INFO: [Synth 8-6157] synthesizing module 'm01_nodes_imp_70MIHH' [c:/selected_topics_hdmi/pyzq/hw/hw_proj/hw_proj.gen/sources_1/bd/video_out_pynq_z2/ip/video_out_pynq_z2_smartconnect_0_0/bd_0/synth/bd_98e7.v:4012]
INFO: [Synth 8-6157] synthesizing module 'bd_98e7_m01arn_0' [c:/selected_topics_hdmi/pyzq/hw/hw_proj/hw_proj.gen/sources_1/bd/video_out_pynq_z2/ip/video_out_pynq_z2_smartconnect_0_0/bd_0/ip/ip_34/synth/bd_98e7_m01arn_0.sv:53]
INFO: [Synth 8-6155] done synthesizing module 'bd_98e7_m01arn_0' (0#1) [c:/selected_topics_hdmi/pyzq/hw/hw_proj/hw_proj.gen/sources_1/bd/video_out_pynq_z2/ip/video_out_pynq_z2_smartconnect_0_0/bd_0/ip/ip_34/synth/bd_98e7_m01arn_0.sv:53]
INFO: [Synth 8-6157] synthesizing module 'bd_98e7_m01awn_0' [c:/selected_topics_hdmi/pyzq/hw/hw_proj/hw_proj.gen/sources_1/bd/video_out_pynq_z2/ip/video_out_pynq_z2_smartconnect_0_0/bd_0/ip/ip_36/synth/bd_98e7_m01awn_0.sv:53]
INFO: [Synth 8-6155] done synthesizing module 'bd_98e7_m01awn_0' (0#1) [c:/selected_topics_hdmi/pyzq/hw/hw_proj/hw_proj.gen/sources_1/bd/video_out_pynq_z2/ip/video_out_pynq_z2_smartconnect_0_0/bd_0/ip/ip_36/synth/bd_98e7_m01awn_0.sv:53]
INFO: [Synth 8-6157] synthesizing module 'bd_98e7_m01bn_0' [c:/selected_topics_hdmi/pyzq/hw/hw_proj/hw_proj.gen/sources_1/bd/video_out_pynq_z2/ip/video_out_pynq_z2_smartconnect_0_0/bd_0/ip/ip_38/synth/bd_98e7_m01bn_0.sv:53]
INFO: [Synth 8-6155] done synthesizing module 'bd_98e7_m01bn_0' (0#1) [c:/selected_topics_hdmi/pyzq/hw/hw_proj/hw_proj.gen/sources_1/bd/video_out_pynq_z2/ip/video_out_pynq_z2_smartconnect_0_0/bd_0/ip/ip_38/synth/bd_98e7_m01bn_0.sv:53]
INFO: [Synth 8-6157] synthesizing module 'bd_98e7_m01rn_0' [c:/selected_topics_hdmi/pyzq/hw/hw_proj/hw_proj.gen/sources_1/bd/video_out_pynq_z2/ip/video_out_pynq_z2_smartconnect_0_0/bd_0/ip/ip_35/synth/bd_98e7_m01rn_0.sv:53]
INFO: [Synth 8-6155] done synthesizing module 'bd_98e7_m01rn_0' (0#1) [c:/selected_topics_hdmi/pyzq/hw/hw_proj/hw_proj.gen/sources_1/bd/video_out_pynq_z2/ip/video_out_pynq_z2_smartconnect_0_0/bd_0/ip/ip_35/synth/bd_98e7_m01rn_0.sv:53]
INFO: [Synth 8-6157] synthesizing module 'bd_98e7_m01wn_0' [c:/selected_topics_hdmi/pyzq/hw/hw_proj/hw_proj.gen/sources_1/bd/video_out_pynq_z2/ip/video_out_pynq_z2_smartconnect_0_0/bd_0/ip/ip_37/synth/bd_98e7_m01wn_0.sv:53]
INFO: [Synth 8-6155] done synthesizing module 'bd_98e7_m01wn_0' (0#1) [c:/selected_topics_hdmi/pyzq/hw/hw_proj/hw_proj.gen/sources_1/bd/video_out_pynq_z2/ip/video_out_pynq_z2_smartconnect_0_0/bd_0/ip/ip_37/synth/bd_98e7_m01wn_0.sv:53]
INFO: [Synth 8-6155] done synthesizing module 'm01_nodes_imp_70MIHH' (0#1) [c:/selected_topics_hdmi/pyzq/hw/hw_proj/hw_proj.gen/sources_1/bd/video_out_pynq_z2/ip/video_out_pynq_z2_smartconnect_0_0/bd_0/synth/bd_98e7.v:4012]
INFO: [Synth 8-6157] synthesizing module 'bd_98e7_m01s2a_0' [c:/selected_topics_hdmi/pyzq/hw/hw_proj/hw_proj.gen/sources_1/bd/video_out_pynq_z2/ip/video_out_pynq_z2_smartconnect_0_0/bd_0/ip/ip_33/synth/bd_98e7_m01s2a_0.sv:53]
INFO: [Synth 8-6155] done synthesizing module 'bd_98e7_m01s2a_0' (0#1) [c:/selected_topics_hdmi/pyzq/hw/hw_proj/hw_proj.gen/sources_1/bd/video_out_pynq_z2/ip/video_out_pynq_z2_smartconnect_0_0/bd_0/ip/ip_33/synth/bd_98e7_m01s2a_0.sv:53]
INFO: [Synth 8-6157] synthesizing module 'm02_exit_pipeline_imp_1XEGKPB' [c:/selected_topics_hdmi/pyzq/hw/hw_proj/hw_proj.gen/sources_1/bd/video_out_pynq_z2/ip/video_out_pynq_z2_smartconnect_0_0/bd_0/synth/bd_98e7.v:4308]
INFO: [Synth 8-6157] synthesizing module 'bd_98e7_m02e_0' [c:/selected_topics_hdmi/pyzq/hw/hw_proj/hw_proj.gen/sources_1/bd/video_out_pynq_z2/ip/video_out_pynq_z2_smartconnect_0_0/bd_0/ip/ip_46/synth/bd_98e7_m02e_0.sv:53]
INFO: [Synth 8-6155] done synthesizing module 'bd_98e7_m02e_0' (0#1) [c:/selected_topics_hdmi/pyzq/hw/hw_proj/hw_proj.gen/sources_1/bd/video_out_pynq_z2/ip/video_out_pynq_z2_smartconnect_0_0/bd_0/ip/ip_46/synth/bd_98e7_m02e_0.sv:53]
INFO: [Synth 8-6155] done synthesizing module 'm02_exit_pipeline_imp_1XEGKPB' (0#1) [c:/selected_topics_hdmi/pyzq/hw/hw_proj/hw_proj.gen/sources_1/bd/video_out_pynq_z2/ip/video_out_pynq_z2_smartconnect_0_0/bd_0/synth/bd_98e7.v:4308]
INFO: [Synth 8-6157] synthesizing module 'm02_nodes_imp_S2KB0U' [c:/selected_topics_hdmi/pyzq/hw/hw_proj/hw_proj.gen/sources_1/bd/video_out_pynq_z2/ip/video_out_pynq_z2_smartconnect_0_0/bd_0/synth/bd_98e7.v:4609]
INFO: [Synth 8-6157] synthesizing module 'bd_98e7_m02arn_0' [c:/selected_topics_hdmi/pyzq/hw/hw_proj/hw_proj.gen/sources_1/bd/video_out_pynq_z2/ip/video_out_pynq_z2_smartconnect_0_0/bd_0/ip/ip_41/synth/bd_98e7_m02arn_0.sv:53]
INFO: [Synth 8-6155] done synthesizing module 'bd_98e7_m02arn_0' (0#1) [c:/selected_topics_hdmi/pyzq/hw/hw_proj/hw_proj.gen/sources_1/bd/video_out_pynq_z2/ip/video_out_pynq_z2_smartconnect_0_0/bd_0/ip/ip_41/synth/bd_98e7_m02arn_0.sv:53]
INFO: [Synth 8-6157] synthesizing module 'bd_98e7_m02awn_0' [c:/selected_topics_hdmi/pyzq/hw/hw_proj/hw_proj.gen/sources_1/bd/video_out_pynq_z2/ip/video_out_pynq_z2_smartconnect_0_0/bd_0/ip/ip_43/synth/bd_98e7_m02awn_0.sv:53]
INFO: [Synth 8-6155] done synthesizing module 'bd_98e7_m02awn_0' (0#1) [c:/selected_topics_hdmi/pyzq/hw/hw_proj/hw_proj.gen/sources_1/bd/video_out_pynq_z2/ip/video_out_pynq_z2_smartconnect_0_0/bd_0/ip/ip_43/synth/bd_98e7_m02awn_0.sv:53]
INFO: [Synth 8-6157] synthesizing module 'bd_98e7_m02bn_0' [c:/selected_topics_hdmi/pyzq/hw/hw_proj/hw_proj.gen/sources_1/bd/video_out_pynq_z2/ip/video_out_pynq_z2_smartconnect_0_0/bd_0/ip/ip_45/synth/bd_98e7_m02bn_0.sv:53]
INFO: [Synth 8-6155] done synthesizing module 'bd_98e7_m02bn_0' (0#1) [c:/selected_topics_hdmi/pyzq/hw/hw_proj/hw_proj.gen/sources_1/bd/video_out_pynq_z2/ip/video_out_pynq_z2_smartconnect_0_0/bd_0/ip/ip_45/synth/bd_98e7_m02bn_0.sv:53]
INFO: [Synth 8-6157] synthesizing module 'bd_98e7_m02rn_0' [c:/selected_topics_hdmi/pyzq/hw/hw_proj/hw_proj.gen/sources_1/bd/video_out_pynq_z2/ip/video_out_pynq_z2_smartconnect_0_0/bd_0/ip/ip_42/synth/bd_98e7_m02rn_0.sv:53]
INFO: [Synth 8-6155] done synthesizing module 'bd_98e7_m02rn_0' (0#1) [c:/selected_topics_hdmi/pyzq/hw/hw_proj/hw_proj.gen/sources_1/bd/video_out_pynq_z2/ip/video_out_pynq_z2_smartconnect_0_0/bd_0/ip/ip_42/synth/bd_98e7_m02rn_0.sv:53]
INFO: [Synth 8-6157] synthesizing module 'bd_98e7_m02wn_0' [c:/selected_topics_hdmi/pyzq/hw/hw_proj/hw_proj.gen/sources_1/bd/video_out_pynq_z2/ip/video_out_pynq_z2_smartconnect_0_0/bd_0/ip/ip_44/synth/bd_98e7_m02wn_0.sv:53]
INFO: [Synth 8-6155] done synthesizing module 'bd_98e7_m02wn_0' (0#1) [c:/selected_topics_hdmi/pyzq/hw/hw_proj/hw_proj.gen/sources_1/bd/video_out_pynq_z2/ip/video_out_pynq_z2_smartconnect_0_0/bd_0/ip/ip_44/synth/bd_98e7_m02wn_0.sv:53]
INFO: [Synth 8-6155] done synthesizing module 'm02_nodes_imp_S2KB0U' (0#1) [c:/selected_topics_hdmi/pyzq/hw/hw_proj/hw_proj.gen/sources_1/bd/video_out_pynq_z2/ip/video_out_pynq_z2_smartconnect_0_0/bd_0/synth/bd_98e7.v:4609]
INFO: [Synth 8-6157] synthesizing module 'bd_98e7_m02s2a_0' [c:/selected_topics_hdmi/pyzq/hw/hw_proj/hw_proj.gen/sources_1/bd/video_out_pynq_z2/ip/video_out_pynq_z2_smartconnect_0_0/bd_0/ip/ip_40/synth/bd_98e7_m02s2a_0.sv:53]
INFO: [Synth 8-6155] done synthesizing module 'bd_98e7_m02s2a_0' (0#1) [c:/selected_topics_hdmi/pyzq/hw/hw_proj/hw_proj.gen/sources_1/bd/video_out_pynq_z2/ip/video_out_pynq_z2_smartconnect_0_0/bd_0/ip/ip_40/synth/bd_98e7_m02s2a_0.sv:53]
INFO: [Synth 8-6157] synthesizing module 'm03_exit_pipeline_imp_1TRNXU7' [c:/selected_topics_hdmi/pyzq/hw/hw_proj/hw_proj.gen/sources_1/bd/video_out_pynq_z2/ip/video_out_pynq_z2_smartconnect_0_0/bd_0/synth/bd_98e7.v:4905]
INFO: [Synth 8-6157] synthesizing module 'bd_98e7_m03e_0' [c:/selected_topics_hdmi/pyzq/hw/hw_proj/hw_proj.gen/sources_1/bd/video_out_pynq_z2/ip/video_out_pynq_z2_smartconnect_0_0/bd_0/ip/ip_53/synth/bd_98e7_m03e_0.sv:53]
INFO: [Synth 8-6155] done synthesizing module 'bd_98e7_m03e_0' (0#1) [c:/selected_topics_hdmi/pyzq/hw/hw_proj/hw_proj.gen/sources_1/bd/video_out_pynq_z2/ip/video_out_pynq_z2_smartconnect_0_0/bd_0/ip/ip_53/synth/bd_98e7_m03e_0.sv:53]
INFO: [Synth 8-6155] done synthesizing module 'm03_exit_pipeline_imp_1TRNXU7' (0#1) [c:/selected_topics_hdmi/pyzq/hw/hw_proj/hw_proj.gen/sources_1/bd/video_out_pynq_z2/ip/video_out_pynq_z2_smartconnect_0_0/bd_0/synth/bd_98e7.v:4905]
INFO: [Synth 8-6157] synthesizing module 'm03_nodes_imp_1WUM9IW' [c:/selected_topics_hdmi/pyzq/hw/hw_proj/hw_proj.gen/sources_1/bd/video_out_pynq_z2/ip/video_out_pynq_z2_smartconnect_0_0/bd_0/synth/bd_98e7.v:5206]
INFO: [Synth 8-6157] synthesizing module 'bd_98e7_m03arn_0' [c:/selected_topics_hdmi/pyzq/hw/hw_proj/hw_proj.gen/sources_1/bd/video_out_pynq_z2/ip/video_out_pynq_z2_smartconnect_0_0/bd_0/ip/ip_48/synth/bd_98e7_m03arn_0.sv:53]
INFO: [Synth 8-6155] done synthesizing module 'bd_98e7_m03arn_0' (0#1) [c:/selected_topics_hdmi/pyzq/hw/hw_proj/hw_proj.gen/sources_1/bd/video_out_pynq_z2/ip/video_out_pynq_z2_smartconnect_0_0/bd_0/ip/ip_48/synth/bd_98e7_m03arn_0.sv:53]
INFO: [Synth 8-6157] synthesizing module 'bd_98e7_m03awn_0' [c:/selected_topics_hdmi/pyzq/hw/hw_proj/hw_proj.gen/sources_1/bd/video_out_pynq_z2/ip/video_out_pynq_z2_smartconnect_0_0/bd_0/ip/ip_50/synth/bd_98e7_m03awn_0.sv:53]
INFO: [Synth 8-6155] done synthesizing module 'bd_98e7_m03awn_0' (0#1) [c:/selected_topics_hdmi/pyzq/hw/hw_proj/hw_proj.gen/sources_1/bd/video_out_pynq_z2/ip/video_out_pynq_z2_smartconnect_0_0/bd_0/ip/ip_50/synth/bd_98e7_m03awn_0.sv:53]
INFO: [Synth 8-6157] synthesizing module 'bd_98e7_m03bn_0' [c:/selected_topics_hdmi/pyzq/hw/hw_proj/hw_proj.gen/sources_1/bd/video_out_pynq_z2/ip/video_out_pynq_z2_smartconnect_0_0/bd_0/ip/ip_52/synth/bd_98e7_m03bn_0.sv:53]
INFO: [Synth 8-6155] done synthesizing module 'bd_98e7_m03bn_0' (0#1) [c:/selected_topics_hdmi/pyzq/hw/hw_proj/hw_proj.gen/sources_1/bd/video_out_pynq_z2/ip/video_out_pynq_z2_smartconnect_0_0/bd_0/ip/ip_52/synth/bd_98e7_m03bn_0.sv:53]
INFO: [Synth 8-6157] synthesizing module 'bd_98e7_m03rn_0' [c:/selected_topics_hdmi/pyzq/hw/hw_proj/hw_proj.gen/sources_1/bd/video_out_pynq_z2/ip/video_out_pynq_z2_smartconnect_0_0/bd_0/ip/ip_49/synth/bd_98e7_m03rn_0.sv:53]
INFO: [Synth 8-6155] done synthesizing module 'bd_98e7_m03rn_0' (0#1) [c:/selected_topics_hdmi/pyzq/hw/hw_proj/hw_proj.gen/sources_1/bd/video_out_pynq_z2/ip/video_out_pynq_z2_smartconnect_0_0/bd_0/ip/ip_49/synth/bd_98e7_m03rn_0.sv:53]
INFO: [Synth 8-6157] synthesizing module 'bd_98e7_m03wn_0' [c:/selected_topics_hdmi/pyzq/hw/hw_proj/hw_proj.gen/sources_1/bd/video_out_pynq_z2/ip/video_out_pynq_z2_smartconnect_0_0/bd_0/ip/ip_51/synth/bd_98e7_m03wn_0.sv:53]
INFO: [Synth 8-6155] done synthesizing module 'bd_98e7_m03wn_0' (0#1) [c:/selected_topics_hdmi/pyzq/hw/hw_proj/hw_proj.gen/sources_1/bd/video_out_pynq_z2/ip/video_out_pynq_z2_smartconnect_0_0/bd_0/ip/ip_51/synth/bd_98e7_m03wn_0.sv:53]
INFO: [Synth 8-6155] done synthesizing module 'm03_nodes_imp_1WUM9IW' (0#1) [c:/selected_topics_hdmi/pyzq/hw/hw_proj/hw_proj.gen/sources_1/bd/video_out_pynq_z2/ip/video_out_pynq_z2_smartconnect_0_0/bd_0/synth/bd_98e7.v:5206]
INFO: [Synth 8-6157] synthesizing module 'bd_98e7_m03s2a_0' [c:/selected_topics_hdmi/pyzq/hw/hw_proj/hw_proj.gen/sources_1/bd/video_out_pynq_z2/ip/video_out_pynq_z2_smartconnect_0_0/bd_0/ip/ip_47/synth/bd_98e7_m03s2a_0.sv:53]
INFO: [Synth 8-6155] done synthesizing module 'bd_98e7_m03s2a_0' (0#1) [c:/selected_topics_hdmi/pyzq/hw/hw_proj/hw_proj.gen/sources_1/bd/video_out_pynq_z2/ip/video_out_pynq_z2_smartconnect_0_0/bd_0/ip/ip_47/synth/bd_98e7_m03s2a_0.sv:53]
INFO: [Synth 8-6157] synthesizing module 'm04_exit_pipeline_imp_11YN61B' [c:/selected_topics_hdmi/pyzq/hw/hw_proj/hw_proj.gen/sources_1/bd/video_out_pynq_z2/ip/video_out_pynq_z2_smartconnect_0_0/bd_0/synth/bd_98e7.v:5502]
INFO: [Synth 8-6157] synthesizing module 'bd_98e7_m04e_0' [c:/selected_topics_hdmi/pyzq/hw/hw_proj/hw_proj.gen/sources_1/bd/video_out_pynq_z2/ip/video_out_pynq_z2_smartconnect_0_0/bd_0/ip/ip_60/synth/bd_98e7_m04e_0.sv:53]
INFO: [Synth 8-6155] done synthesizing module 'bd_98e7_m04e_0' (0#1) [c:/selected_topics_hdmi/pyzq/hw/hw_proj/hw_proj.gen/sources_1/bd/video_out_pynq_z2/ip/video_out_pynq_z2_smartconnect_0_0/bd_0/ip/ip_60/synth/bd_98e7_m04e_0.sv:53]
INFO: [Synth 8-6155] done synthesizing module 'm04_exit_pipeline_imp_11YN61B' (0#1) [c:/selected_topics_hdmi/pyzq/hw/hw_proj/hw_proj.gen/sources_1/bd/video_out_pynq_z2/ip/video_out_pynq_z2_smartconnect_0_0/bd_0/synth/bd_98e7.v:5502]
INFO: [Synth 8-6157] synthesizing module 'm04_nodes_imp_17TCUBC' [c:/selected_topics_hdmi/pyzq/hw/hw_proj/hw_proj.gen/sources_1/bd/video_out_pynq_z2/ip/video_out_pynq_z2_smartconnect_0_0/bd_0/synth/bd_98e7.v:5803]
INFO: [Synth 8-6157] synthesizing module 'bd_98e7_m04arn_0' [c:/selected_topics_hdmi/pyzq/hw/hw_proj/hw_proj.gen/sources_1/bd/video_out_pynq_z2/ip/video_out_pynq_z2_smartconnect_0_0/bd_0/ip/ip_55/synth/bd_98e7_m04arn_0.sv:53]
INFO: [Synth 8-6155] done synthesizing module 'bd_98e7_m04arn_0' (0#1) [c:/selected_topics_hdmi/pyzq/hw/hw_proj/hw_proj.gen/sources_1/bd/video_out_pynq_z2/ip/video_out_pynq_z2_smartconnect_0_0/bd_0/ip/ip_55/synth/bd_98e7_m04arn_0.sv:53]
INFO: [Synth 8-6157] synthesizing module 'bd_98e7_m04awn_0' [c:/selected_topics_hdmi/pyzq/hw/hw_proj/hw_proj.gen/sources_1/bd/video_out_pynq_z2/ip/video_out_pynq_z2_smartconnect_0_0/bd_0/ip/ip_57/synth/bd_98e7_m04awn_0.sv:53]
INFO: [Synth 8-6155] done synthesizing module 'bd_98e7_m04awn_0' (0#1) [c:/selected_topics_hdmi/pyzq/hw/hw_proj/hw_proj.gen/sources_1/bd/video_out_pynq_z2/ip/video_out_pynq_z2_smartconnect_0_0/bd_0/ip/ip_57/synth/bd_98e7_m04awn_0.sv:53]
INFO: [Synth 8-6157] synthesizing module 'bd_98e7_m04bn_0' [c:/selected_topics_hdmi/pyzq/hw/hw_proj/hw_proj.gen/sources_1/bd/video_out_pynq_z2/ip/video_out_pynq_z2_smartconnect_0_0/bd_0/ip/ip_59/synth/bd_98e7_m04bn_0.sv:53]
INFO: [Synth 8-6155] done synthesizing module 'bd_98e7_m04bn_0' (0#1) [c:/selected_topics_hdmi/pyzq/hw/hw_proj/hw_proj.gen/sources_1/bd/video_out_pynq_z2/ip/video_out_pynq_z2_smartconnect_0_0/bd_0/ip/ip_59/synth/bd_98e7_m04bn_0.sv:53]
INFO: [Synth 8-6157] synthesizing module 'bd_98e7_m04rn_0' [c:/selected_topics_hdmi/pyzq/hw/hw_proj/hw_proj.gen/sources_1/bd/video_out_pynq_z2/ip/video_out_pynq_z2_smartconnect_0_0/bd_0/ip/ip_56/synth/bd_98e7_m04rn_0.sv:53]
INFO: [Synth 8-6155] done synthesizing module 'bd_98e7_m04rn_0' (0#1) [c:/selected_topics_hdmi/pyzq/hw/hw_proj/hw_proj.gen/sources_1/bd/video_out_pynq_z2/ip/video_out_pynq_z2_smartconnect_0_0/bd_0/ip/ip_56/synth/bd_98e7_m04rn_0.sv:53]
INFO: [Synth 8-6157] synthesizing module 'bd_98e7_m04wn_0' [c:/selected_topics_hdmi/pyzq/hw/hw_proj/hw_proj.gen/sources_1/bd/video_out_pynq_z2/ip/video_out_pynq_z2_smartconnect_0_0/bd_0/ip/ip_58/synth/bd_98e7_m04wn_0.sv:53]
INFO: [Synth 8-6155] done synthesizing module 'bd_98e7_m04wn_0' (0#1) [c:/selected_topics_hdmi/pyzq/hw/hw_proj/hw_proj.gen/sources_1/bd/video_out_pynq_z2/ip/video_out_pynq_z2_smartconnect_0_0/bd_0/ip/ip_58/synth/bd_98e7_m04wn_0.sv:53]
INFO: [Synth 8-6155] done synthesizing module 'm04_nodes_imp_17TCUBC' (0#1) [c:/selected_topics_hdmi/pyzq/hw/hw_proj/hw_proj.gen/sources_1/bd/video_out_pynq_z2/ip/video_out_pynq_z2_smartconnect_0_0/bd_0/synth/bd_98e7.v:5803]
INFO: [Synth 8-6157] synthesizing module 'bd_98e7_m04s2a_0' [c:/selected_topics_hdmi/pyzq/hw/hw_proj/hw_proj.gen/sources_1/bd/video_out_pynq_z2/ip/video_out_pynq_z2_smartconnect_0_0/bd_0/ip/ip_54/synth/bd_98e7_m04s2a_0.sv:53]
INFO: [Synth 8-6155] done synthesizing module 'bd_98e7_m04s2a_0' (0#1) [c:/selected_topics_hdmi/pyzq/hw/hw_proj/hw_proj.gen/sources_1/bd/video_out_pynq_z2/ip/video_out_pynq_z2_smartconnect_0_0/bd_0/ip/ip_54/synth/bd_98e7_m04s2a_0.sv:53]
INFO: [Synth 8-6157] synthesizing module 'm05_exit_pipeline_imp_18DYIRZ' [c:/selected_topics_hdmi/pyzq/hw/hw_proj/hw_proj.gen/sources_1/bd/video_out_pynq_z2/ip/video_out_pynq_z2_smartconnect_0_0/bd_0/synth/bd_98e7.v:6099]
INFO: [Synth 8-6157] synthesizing module 'bd_98e7_m05e_0' [c:/selected_topics_hdmi/pyzq/hw/hw_proj/hw_proj.gen/sources_1/bd/video_out_pynq_z2/ip/video_out_pynq_z2_smartconnect_0_0/bd_0/ip/ip_67/synth/bd_98e7_m05e_0.sv:53]
INFO: [Synth 8-6155] done synthesizing module 'bd_98e7_m05e_0' (0#1) [c:/selected_topics_hdmi/pyzq/hw/hw_proj/hw_proj.gen/sources_1/bd/video_out_pynq_z2/ip/video_out_pynq_z2_smartconnect_0_0/bd_0/ip/ip_67/synth/bd_98e7_m05e_0.sv:53]
INFO: [Synth 8-6155] done synthesizing module 'm05_exit_pipeline_imp_18DYIRZ' (0#1) [c:/selected_topics_hdmi/pyzq/hw/hw_proj/hw_proj.gen/sources_1/bd/video_out_pynq_z2/ip/video_out_pynq_z2_smartconnect_0_0/bd_0/synth/bd_98e7.v:6099]
INFO: [Synth 8-6157] synthesizing module 'm05_nodes_imp_8Z4ZY' [c:/selected_topics_hdmi/pyzq/hw/hw_proj/hw_proj.gen/sources_1/bd/video_out_pynq_z2/ip/video_out_pynq_z2_smartconnect_0_0/bd_0/synth/bd_98e7.v:6400]
INFO: [Synth 8-6157] synthesizing module 'bd_98e7_m05arn_0' [c:/selected_topics_hdmi/pyzq/hw/hw_proj/hw_proj.gen/sources_1/bd/video_out_pynq_z2/ip/video_out_pynq_z2_smartconnect_0_0/bd_0/ip/ip_62/synth/bd_98e7_m05arn_0.sv:53]
INFO: [Synth 8-6155] done synthesizing module 'bd_98e7_m05arn_0' (0#1) [c:/selected_topics_hdmi/pyzq/hw/hw_proj/hw_proj.gen/sources_1/bd/video_out_pynq_z2/ip/video_out_pynq_z2_smartconnect_0_0/bd_0/ip/ip_62/synth/bd_98e7_m05arn_0.sv:53]
INFO: [Synth 8-6157] synthesizing module 'bd_98e7_m05awn_0' [c:/selected_topics_hdmi/pyzq/hw/hw_proj/hw_proj.gen/sources_1/bd/video_out_pynq_z2/ip/video_out_pynq_z2_smartconnect_0_0/bd_0/ip/ip_64/synth/bd_98e7_m05awn_0.sv:53]
INFO: [Synth 8-6155] done synthesizing module 'bd_98e7_m05awn_0' (0#1) [c:/selected_topics_hdmi/pyzq/hw/hw_proj/hw_proj.gen/sources_1/bd/video_out_pynq_z2/ip/video_out_pynq_z2_smartconnect_0_0/bd_0/ip/ip_64/synth/bd_98e7_m05awn_0.sv:53]
INFO: [Synth 8-6157] synthesizing module 'bd_98e7_m05bn_0' [c:/selected_topics_hdmi/pyzq/hw/hw_proj/hw_proj.gen/sources_1/bd/video_out_pynq_z2/ip/video_out_pynq_z2_smartconnect_0_0/bd_0/ip/ip_66/synth/bd_98e7_m05bn_0.sv:53]
INFO: [Synth 8-6155] done synthesizing module 'bd_98e7_m05bn_0' (0#1) [c:/selected_topics_hdmi/pyzq/hw/hw_proj/hw_proj.gen/sources_1/bd/video_out_pynq_z2/ip/video_out_pynq_z2_smartconnect_0_0/bd_0/ip/ip_66/synth/bd_98e7_m05bn_0.sv:53]
INFO: [Synth 8-6157] synthesizing module 'bd_98e7_m05rn_0' [c:/selected_topics_hdmi/pyzq/hw/hw_proj/hw_proj.gen/sources_1/bd/video_out_pynq_z2/ip/video_out_pynq_z2_smartconnect_0_0/bd_0/ip/ip_63/synth/bd_98e7_m05rn_0.sv:53]
INFO: [Synth 8-6155] done synthesizing module 'bd_98e7_m05rn_0' (0#1) [c:/selected_topics_hdmi/pyzq/hw/hw_proj/hw_proj.gen/sources_1/bd/video_out_pynq_z2/ip/video_out_pynq_z2_smartconnect_0_0/bd_0/ip/ip_63/synth/bd_98e7_m05rn_0.sv:53]
INFO: [Synth 8-6157] synthesizing module 'bd_98e7_m05wn_0' [c:/selected_topics_hdmi/pyzq/hw/hw_proj/hw_proj.gen/sources_1/bd/video_out_pynq_z2/ip/video_out_pynq_z2_smartconnect_0_0/bd_0/ip/ip_65/synth/bd_98e7_m05wn_0.sv:53]
INFO: [Synth 8-6155] done synthesizing module 'bd_98e7_m05wn_0' (0#1) [c:/selected_topics_hdmi/pyzq/hw/hw_proj/hw_proj.gen/sources_1/bd/video_out_pynq_z2/ip/video_out_pynq_z2_smartconnect_0_0/bd_0/ip/ip_65/synth/bd_98e7_m05wn_0.sv:53]
INFO: [Synth 8-6155] done synthesizing module 'm05_nodes_imp_8Z4ZY' (0#1) [c:/selected_topics_hdmi/pyzq/hw/hw_proj/hw_proj.gen/sources_1/bd/video_out_pynq_z2/ip/video_out_pynq_z2_smartconnect_0_0/bd_0/synth/bd_98e7.v:6400]
INFO: [Synth 8-6157] synthesizing module 'bd_98e7_m05s2a_0' [c:/selected_topics_hdmi/pyzq/hw/hw_proj/hw_proj.gen/sources_1/bd/video_out_pynq_z2/ip/video_out_pynq_z2_smartconnect_0_0/bd_0/ip/ip_61/synth/bd_98e7_m05s2a_0.sv:53]
INFO: [Synth 8-6155] done synthesizing module 'bd_98e7_m05s2a_0' (0#1) [c:/selected_topics_hdmi/pyzq/hw/hw_proj/hw_proj.gen/sources_1/bd/video_out_pynq_z2/ip/video_out_pynq_z2_smartconnect_0_0/bd_0/ip/ip_61/synth/bd_98e7_m05s2a_0.sv:53]
INFO: [Synth 8-6157] synthesizing module 'bd_98e7_s00a2s_0' [c:/selected_topics_hdmi/pyzq/hw/hw_proj/hw_proj.gen/sources_1/bd/video_out_pynq_z2/ip/video_out_pynq_z2_smartconnect_0_0/bd_0/ip/ip_20/synth/bd_98e7_s00a2s_0.sv:53]
INFO: [Synth 8-6155] done synthesizing module 'bd_98e7_s00a2s_0' (0#1) [c:/selected_topics_hdmi/pyzq/hw/hw_proj/hw_proj.gen/sources_1/bd/video_out_pynq_z2/ip/video_out_pynq_z2_smartconnect_0_0/bd_0/ip/ip_20/synth/bd_98e7_s00a2s_0.sv:53]
INFO: [Synth 8-6157] synthesizing module 's00_entry_pipeline_imp_O8IYJ0' [c:/selected_topics_hdmi/pyzq/hw/hw_proj/hw_proj.gen/sources_1/bd/video_out_pynq_z2/ip/video_out_pynq_z2_smartconnect_0_0/bd_0/synth/bd_98e7.v:6696]
INFO: [Synth 8-6157] synthesizing module 'bd_98e7_s00mmu_0' [c:/selected_topics_hdmi/pyzq/hw/hw_proj/hw_proj.gen/sources_1/bd/video_out_pynq_z2/ip/video_out_pynq_z2_smartconnect_0_0/bd_0/ip/ip_17/synth/bd_98e7_s00mmu_0.sv:53]
INFO: [Synth 8-6155] done synthesizing module 'bd_98e7_s00mmu_0' (0#1) [c:/selected_topics_hdmi/pyzq/hw/hw_proj/hw_proj.gen/sources_1/bd/video_out_pynq_z2/ip/video_out_pynq_z2_smartconnect_0_0/bd_0/ip/ip_17/synth/bd_98e7_s00mmu_0.sv:53]
INFO: [Synth 8-6157] synthesizing module 'bd_98e7_s00sic_0' [c:/selected_topics_hdmi/pyzq/hw/hw_proj/hw_proj.gen/sources_1/bd/video_out_pynq_z2/ip/video_out_pynq_z2_smartconnect_0_0/bd_0/ip/ip_19/synth/bd_98e7_s00sic_0.sv:53]
INFO: [Synth 8-6155] done synthesizing module 'bd_98e7_s00sic_0' (0#1) [c:/selected_topics_hdmi/pyzq/hw/hw_proj/hw_proj.gen/sources_1/bd/video_out_pynq_z2/ip/video_out_pynq_z2_smartconnect_0_0/bd_0/ip/ip_19/synth/bd_98e7_s00sic_0.sv:53]
INFO: [Synth 8-6157] synthesizing module 'bd_98e7_s00tr_0' [c:/selected_topics_hdmi/pyzq/hw/hw_proj/hw_proj.gen/sources_1/bd/video_out_pynq_z2/ip/video_out_pynq_z2_smartconnect_0_0/bd_0/ip/ip_18/synth/bd_98e7_s00tr_0.sv:53]
INFO: [Synth 8-6155] done synthesizing module 'bd_98e7_s00tr_0' (0#1) [c:/selected_topics_hdmi/pyzq/hw/hw_proj/hw_proj.gen/sources_1/bd/video_out_pynq_z2/ip/video_out_pynq_z2_smartconnect_0_0/bd_0/ip/ip_18/synth/bd_98e7_s00tr_0.sv:53]
INFO: [Synth 8-6155] done synthesizing module 's00_entry_pipeline_imp_O8IYJ0' (0#1) [c:/selected_topics_hdmi/pyzq/hw/hw_proj/hw_proj.gen/sources_1/bd/video_out_pynq_z2/ip/video_out_pynq_z2_smartconnect_0_0/bd_0/synth/bd_98e7.v:6696]
INFO: [Synth 8-6157] synthesizing module 's00_nodes_imp_IK0S46' [c:/selected_topics_hdmi/pyzq/hw/hw_proj/hw_proj.gen/sources_1/bd/video_out_pynq_z2/ip/video_out_pynq_z2_smartconnect_0_0/bd_0/synth/bd_98e7.v:7350]
INFO: [Synth 8-6157] synthesizing module 'bd_98e7_sarn_0' [c:/selected_topics_hdmi/pyzq/hw/hw_proj/hw_proj.gen/sources_1/bd/video_out_pynq_z2/ip/video_out_pynq_z2_smartconnect_0_0/bd_0/ip/ip_21/synth/bd_98e7_sarn_0.sv:53]
INFO: [Synth 8-6155] done synthesizing module 'bd_98e7_sarn_0' (0#1) [c:/selected_topics_hdmi/pyzq/hw/hw_proj/hw_proj.gen/sources_1/bd/video_out_pynq_z2/ip/video_out_pynq_z2_smartconnect_0_0/bd_0/ip/ip_21/synth/bd_98e7_sarn_0.sv:53]
INFO: [Synth 8-6157] synthesizing module 'bd_98e7_sawn_0' [c:/selected_topics_hdmi/pyzq/hw/hw_proj/hw_proj.gen/sources_1/bd/video_out_pynq_z2/ip/video_out_pynq_z2_smartconnect_0_0/bd_0/ip/ip_23/synth/bd_98e7_sawn_0.sv:53]
INFO: [Synth 8-6155] done synthesizing module 'bd_98e7_sawn_0' (0#1) [c:/selected_topics_hdmi/pyzq/hw/hw_proj/hw_proj.gen/sources_1/bd/video_out_pynq_z2/ip/video_out_pynq_z2_smartconnect_0_0/bd_0/ip/ip_23/synth/bd_98e7_sawn_0.sv:53]
INFO: [Synth 8-6157] synthesizing module 'bd_98e7_sbn_0' [c:/selected_topics_hdmi/pyzq/hw/hw_proj/hw_proj.gen/sources_1/bd/video_out_pynq_z2/ip/video_out_pynq_z2_smartconnect_0_0/bd_0/ip/ip_25/synth/bd_98e7_sbn_0.sv:53]
INFO: [Synth 8-6155] done synthesizing module 'bd_98e7_sbn_0' (0#1) [c:/selected_topics_hdmi/pyzq/hw/hw_proj/hw_proj.gen/sources_1/bd/video_out_pynq_z2/ip/video_out_pynq_z2_smartconnect_0_0/bd_0/ip/ip_25/synth/bd_98e7_sbn_0.sv:53]
INFO: [Synth 8-6157] synthesizing module 'bd_98e7_srn_0' [c:/selected_topics_hdmi/pyzq/hw/hw_proj/hw_proj.gen/sources_1/bd/video_out_pynq_z2/ip/video_out_pynq_z2_smartconnect_0_0/bd_0/ip/ip_22/synth/bd_98e7_srn_0.sv:53]
INFO: [Synth 8-6155] done synthesizing module 'bd_98e7_srn_0' (0#1) [c:/selected_topics_hdmi/pyzq/hw/hw_proj/hw_proj.gen/sources_1/bd/video_out_pynq_z2/ip/video_out_pynq_z2_smartconnect_0_0/bd_0/ip/ip_22/synth/bd_98e7_srn_0.sv:53]
INFO: [Synth 8-6157] synthesizing module 'bd_98e7_swn_0' [c:/selected_topics_hdmi/pyzq/hw/hw_proj/hw_proj.gen/sources_1/bd/video_out_pynq_z2/ip/video_out_pynq_z2_smartconnect_0_0/bd_0/ip/ip_24/synth/bd_98e7_swn_0.sv:53]
INFO: [Synth 8-6155] done synthesizing module 'bd_98e7_swn_0' (0#1) [c:/selected_topics_hdmi/pyzq/hw/hw_proj/hw_proj.gen/sources_1/bd/video_out_pynq_z2/ip/video_out_pynq_z2_smartconnect_0_0/bd_0/ip/ip_24/synth/bd_98e7_swn_0.sv:53]
INFO: [Synth 8-6155] done synthesizing module 's00_nodes_imp_IK0S46' (0#1) [c:/selected_topics_hdmi/pyzq/hw/hw_proj/hw_proj.gen/sources_1/bd/video_out_pynq_z2/ip/video_out_pynq_z2_smartconnect_0_0/bd_0/synth/bd_98e7.v:7350]
INFO: [Synth 8-6157] synthesizing module 'switchboards_imp_BEFVIA' [c:/selected_topics_hdmi/pyzq/hw/hw_proj/hw_proj.gen/sources_1/bd/video_out_pynq_z2/ip/video_out_pynq_z2_smartconnect_0_0/bd_0/synth/bd_98e7.v:7646]
INFO: [Synth 8-6157] synthesizing module 'bd_98e7_arinsw_0' [c:/selected_topics_hdmi/pyzq/hw/hw_proj/hw_proj.gen/sources_1/bd/video_out_pynq_z2/ip/video_out_pynq_z2_smartconnect_0_0/bd_0/ip/ip_2/synth/bd_98e7_arinsw_0.sv:53]
INFO: [Synth 8-6155] done synthesizing module 'bd_98e7_arinsw_0' (0#1) [c:/selected_topics_hdmi/pyzq/hw/hw_proj/hw_proj.gen/sources_1/bd/video_out_pynq_z2/ip/video_out_pynq_z2_smartconnect_0_0/bd_0/ip/ip_2/synth/bd_98e7_arinsw_0.sv:53]
INFO: [Synth 8-6157] synthesizing module 'bd_98e7_aroutsw_0' [c:/selected_topics_hdmi/pyzq/hw/hw_proj/hw_proj.gen/sources_1/bd/video_out_pynq_z2/ip/video_out_pynq_z2_smartconnect_0_0/bd_0/ip/ip_7/synth/bd_98e7_aroutsw_0.sv:53]
INFO: [Synth 8-6155] done synthesizing module 'bd_98e7_aroutsw_0' (0#1) [c:/selected_topics_hdmi/pyzq/hw/hw_proj/hw_proj.gen/sources_1/bd/video_out_pynq_z2/ip/video_out_pynq_z2_smartconnect_0_0/bd_0/ip/ip_7/synth/bd_98e7_aroutsw_0.sv:53]
INFO: [Synth 8-6157] synthesizing module 'bd_98e7_awinsw_0' [c:/selected_topics_hdmi/pyzq/hw/hw_proj/hw_proj.gen/sources_1/bd/video_out_pynq_z2/ip/video_out_pynq_z2_smartconnect_0_0/bd_0/ip/ip_4/synth/bd_98e7_awinsw_0.sv:53]
INFO: [Synth 8-6155] done synthesizing module 'bd_98e7_awinsw_0' (0#1) [c:/selected_topics_hdmi/pyzq/hw/hw_proj/hw_proj.gen/sources_1/bd/video_out_pynq_z2/ip/video_out_pynq_z2_smartconnect_0_0/bd_0/ip/ip_4/synth/bd_98e7_awinsw_0.sv:53]
INFO: [Synth 8-6157] synthesizing module 'bd_98e7_awoutsw_0' [c:/selected_topics_hdmi/pyzq/hw/hw_proj/hw_proj.gen/sources_1/bd/video_out_pynq_z2/ip/video_out_pynq_z2_smartconnect_0_0/bd_0/ip/ip_9/synth/bd_98e7_awoutsw_0.sv:53]
INFO: [Synth 8-6155] done synthesizing module 'bd_98e7_awoutsw_0' (0#1) [c:/selected_topics_hdmi/pyzq/hw/hw_proj/hw_proj.gen/sources_1/bd/video_out_pynq_z2/ip/video_out_pynq_z2_smartconnect_0_0/bd_0/ip/ip_9/synth/bd_98e7_awoutsw_0.sv:53]
INFO: [Synth 8-6157] synthesizing module 'bd_98e7_binsw_0' [c:/selected_topics_hdmi/pyzq/hw/hw_proj/hw_proj.gen/sources_1/bd/video_out_pynq_z2/ip/video_out_pynq_z2_smartconnect_0_0/bd_0/ip/ip_6/synth/bd_98e7_binsw_0.sv:53]
INFO: [Synth 8-6155] done synthesizing module 'bd_98e7_binsw_0' (0#1) [c:/selected_topics_hdmi/pyzq/hw/hw_proj/hw_proj.gen/sources_1/bd/video_out_pynq_z2/ip/video_out_pynq_z2_smartconnect_0_0/bd_0/ip/ip_6/synth/bd_98e7_binsw_0.sv:53]
INFO: [Synth 8-6157] synthesizing module 'bd_98e7_boutsw_0' [c:/selected_topics_hdmi/pyzq/hw/hw_proj/hw_proj.gen/sources_1/bd/video_out_pynq_z2/ip/video_out_pynq_z2_smartconnect_0_0/bd_0/ip/ip_11/synth/bd_98e7_boutsw_0.sv:53]
INFO: [Synth 8-6155] done synthesizing module 'bd_98e7_boutsw_0' (0#1) [c:/selected_topics_hdmi/pyzq/hw/hw_proj/hw_proj.gen/sources_1/bd/video_out_pynq_z2/ip/video_out_pynq_z2_smartconnect_0_0/bd_0/ip/ip_11/synth/bd_98e7_boutsw_0.sv:53]
INFO: [Synth 8-6157] synthesizing module 'i_nodes_imp_1TT9BWA' [c:/selected_topics_hdmi/pyzq/hw/hw_proj/hw_proj.gen/sources_1/bd/video_out_pynq_z2/ip/video_out_pynq_z2_smartconnect_0_0/bd_0/synth/bd_98e7.v:2818]
INFO: [Synth 8-6157] synthesizing module 'bd_98e7_arni_0' [c:/selected_topics_hdmi/pyzq/hw/hw_proj/hw_proj.gen/sources_1/bd/video_out_pynq_z2/ip/video_out_pynq_z2_smartconnect_0_0/bd_0/ip/ip_12/synth/bd_98e7_arni_0.sv:53]
INFO: [Synth 8-6155] done synthesizing module 'bd_98e7_arni_0' (0#1) [c:/selected_topics_hdmi/pyzq/hw/hw_proj/hw_proj.gen/sources_1/bd/video_out_pynq_z2/ip/video_out_pynq_z2_smartconnect_0_0/bd_0/ip/ip_12/synth/bd_98e7_arni_0.sv:53]
INFO: [Synth 8-6157] synthesizing module 'bd_98e7_awni_0' [c:/selected_topics_hdmi/pyzq/hw/hw_proj/hw_proj.gen/sources_1/bd/video_out_pynq_z2/ip/video_out_pynq_z2_smartconnect_0_0/bd_0/ip/ip_14/synth/bd_98e7_awni_0.sv:53]
INFO: [Synth 8-6155] done synthesizing module 'bd_98e7_awni_0' (0#1) [c:/selected_topics_hdmi/pyzq/hw/hw_proj/hw_proj.gen/sources_1/bd/video_out_pynq_z2/ip/video_out_pynq_z2_smartconnect_0_0/bd_0/ip/ip_14/synth/bd_98e7_awni_0.sv:53]
INFO: [Synth 8-6157] synthesizing module 'bd_98e7_bni_0' [c:/selected_topics_hdmi/pyzq/hw/hw_proj/hw_proj.gen/sources_1/bd/video_out_pynq_z2/ip/video_out_pynq_z2_smartconnect_0_0/bd_0/ip/ip_16/synth/bd_98e7_bni_0.sv:53]
INFO: [Synth 8-6155] done synthesizing module 'bd_98e7_bni_0' (0#1) [c:/selected_topics_hdmi/pyzq/hw/hw_proj/hw_proj.gen/sources_1/bd/video_out_pynq_z2/ip/video_out_pynq_z2_smartconnect_0_0/bd_0/ip/ip_16/synth/bd_98e7_bni_0.sv:53]
INFO: [Synth 8-6157] synthesizing module 'bd_98e7_rni_0' [c:/selected_topics_hdmi/pyzq/hw/hw_proj/hw_proj.gen/sources_1/bd/video_out_pynq_z2/ip/video_out_pynq_z2_smartconnect_0_0/bd_0/ip/ip_13/synth/bd_98e7_rni_0.sv:53]
INFO: [Synth 8-6155] done synthesizing module 'bd_98e7_rni_0' (0#1) [c:/selected_topics_hdmi/pyzq/hw/hw_proj/hw_proj.gen/sources_1/bd/video_out_pynq_z2/ip/video_out_pynq_z2_smartconnect_0_0/bd_0/ip/ip_13/synth/bd_98e7_rni_0.sv:53]
INFO: [Synth 8-6157] synthesizing module 'bd_98e7_wni_0' [c:/selected_topics_hdmi/pyzq/hw/hw_proj/hw_proj.gen/sources_1/bd/video_out_pynq_z2/ip/video_out_pynq_z2_smartconnect_0_0/bd_0/ip/ip_15/synth/bd_98e7_wni_0.sv:53]
INFO: [Synth 8-6155] done synthesizing module 'bd_98e7_wni_0' (0#1) [c:/selected_topics_hdmi/pyzq/hw/hw_proj/hw_proj.gen/sources_1/bd/video_out_pynq_z2/ip/video_out_pynq_z2_smartconnect_0_0/bd_0/ip/ip_15/synth/bd_98e7_wni_0.sv:53]
INFO: [Synth 8-6155] done synthesizing module 'i_nodes_imp_1TT9BWA' (0#1) [c:/selected_topics_hdmi/pyzq/hw/hw_proj/hw_proj.gen/sources_1/bd/video_out_pynq_z2/ip/video_out_pynq_z2_smartconnect_0_0/bd_0/synth/bd_98e7.v:2818]
INFO: [Synth 8-6157] synthesizing module 'bd_98e7_rinsw_0' [c:/selected_topics_hdmi/pyzq/hw/hw_proj/hw_proj.gen/sources_1/bd/video_out_pynq_z2/ip/video_out_pynq_z2_smartconnect_0_0/bd_0/ip/ip_3/synth/bd_98e7_rinsw_0.sv:53]
INFO: [Synth 8-6155] done synthesizing module 'bd_98e7_rinsw_0' (0#1) [c:/selected_topics_hdmi/pyzq/hw/hw_proj/hw_proj.gen/sources_1/bd/video_out_pynq_z2/ip/video_out_pynq_z2_smartconnect_0_0/bd_0/ip/ip_3/synth/bd_98e7_rinsw_0.sv:53]
INFO: [Synth 8-6157] synthesizing module 'bd_98e7_routsw_0' [c:/selected_topics_hdmi/pyzq/hw/hw_proj/hw_proj.gen/sources_1/bd/video_out_pynq_z2/ip/video_out_pynq_z2_smartconnect_0_0/bd_0/ip/ip_8/synth/bd_98e7_routsw_0.sv:53]
INFO: [Synth 8-6155] done synthesizing module 'bd_98e7_routsw_0' (0#1) [c:/selected_topics_hdmi/pyzq/hw/hw_proj/hw_proj.gen/sources_1/bd/video_out_pynq_z2/ip/video_out_pynq_z2_smartconnect_0_0/bd_0/ip/ip_8/synth/bd_98e7_routsw_0.sv:53]
INFO: [Synth 8-6157] synthesizing module 'bd_98e7_winsw_0' [c:/selected_topics_hdmi/pyzq/hw/hw_proj/hw_proj.gen/sources_1/bd/video_out_pynq_z2/ip/video_out_pynq_z2_smartconnect_0_0/bd_0/ip/ip_5/synth/bd_98e7_winsw_0.sv:53]
INFO: [Synth 8-6155] done synthesizing module 'bd_98e7_winsw_0' (0#1) [c:/selected_topics_hdmi/pyzq/hw/hw_proj/hw_proj.gen/sources_1/bd/video_out_pynq_z2/ip/video_out_pynq_z2_smartconnect_0_0/bd_0/ip/ip_5/synth/bd_98e7_winsw_0.sv:53]
INFO: [Synth 8-6157] synthesizing module 'bd_98e7_woutsw_0' [c:/selected_topics_hdmi/pyzq/hw/hw_proj/hw_proj.gen/sources_1/bd/video_out_pynq_z2/ip/video_out_pynq_z2_smartconnect_0_0/bd_0/ip/ip_10/synth/bd_98e7_woutsw_0.sv:53]
INFO: [Synth 8-6155] done synthesizing module 'bd_98e7_woutsw_0' (0#1) [c:/selected_topics_hdmi/pyzq/hw/hw_proj/hw_proj.gen/sources_1/bd/video_out_pynq_z2/ip/video_out_pynq_z2_smartconnect_0_0/bd_0/ip/ip_10/synth/bd_98e7_woutsw_0.sv:53]
INFO: [Synth 8-6155] done synthesizing module 'switchboards_imp_BEFVIA' (0#1) [c:/selected_topics_hdmi/pyzq/hw/hw_proj/hw_proj.gen/sources_1/bd/video_out_pynq_z2/ip/video_out_pynq_z2_smartconnect_0_0/bd_0/synth/bd_98e7.v:7646]
INFO: [Synth 8-6155] done synthesizing module 'bd_98e7' (0#1) [c:/selected_topics_hdmi/pyzq/hw/hw_proj/hw_proj.gen/sources_1/bd/video_out_pynq_z2/ip/video_out_pynq_z2_smartconnect_0_0/bd_0/synth/bd_98e7.v:10]
INFO: [Synth 8-6155] done synthesizing module 'video_out_pynq_z2_smartconnect_0_0' (0#1) [c:/selected_topics_hdmi/pyzq/hw/hw_proj/hw_proj.gen/sources_1/bd/video_out_pynq_z2/ip/video_out_pynq_z2_smartconnect_0_0/synth/video_out_pynq_z2_smartconnect_0_0.v:53]
WARNING: [Synth 8-3848] Net aresetn_out in module/entity clk_map_imp_CG7MAC does not have driver. [c:/selected_topics_hdmi/pyzq/hw/hw_proj/hw_proj.gen/sources_1/bd/video_out_pynq_z2/ip/video_out_pynq_z2_smartconnect_0_0/bd_0/synth/bd_98e7.v:2780]
WARNING: [Synth 8-7129] Port aclk in module sc_util_v1_0_4_pipeline__parameterized4 is either unconnected or has no load
WARNING: [Synth 8-7129] Port aclken in module sc_util_v1_0_4_pipeline__parameterized4 is either unconnected or has no load
WARNING: [Synth 8-7129] Port areset in module sc_util_v1_0_4_pipeline__parameterized4 is either unconnected or has no load
WARNING: [Synth 8-7129] Port aclk in module sc_util_v1_0_4_pipeline__parameterized0 is either unconnected or has no load
WARNING: [Synth 8-7129] Port aclken in module sc_util_v1_0_4_pipeline__parameterized0 is either unconnected or has no load
WARNING: [Synth 8-7129] Port areset in module sc_util_v1_0_4_pipeline__parameterized0 is either unconnected or has no load
WARNING: [Synth 8-7129] Port din[0] in module sc_util_v1_0_4_onehot_to_binary__parameterized0 is either unconnected or has no load
WARNING: [Synth 8-7129] Port connectivity[5] in module sc_switchboard_v1_0_7_top__parameterized6 is either unconnected or has no load
WARNING: [Synth 8-7129] Port connectivity[4] in module sc_switchboard_v1_0_7_top__parameterized6 is either unconnected or has no load
WARNING: [Synth 8-7129] Port connectivity[3] in module sc_switchboard_v1_0_7_top__parameterized6 is either unconnected or has no load
WARNING: [Synth 8-7129] Port connectivity[2] in module sc_switchboard_v1_0_7_top__parameterized6 is either unconnected or has no load
WARNING: [Synth 8-7129] Port connectivity[1] in module sc_switchboard_v1_0_7_top__parameterized6 is either unconnected or has no load
WARNING: [Synth 8-7129] Port connectivity[0] in module sc_switchboard_v1_0_7_top__parameterized6 is either unconnected or has no load
WARNING: [Synth 8-7129] Port connectivity[0] in module sc_switchboard_v1_0_7_top__parameterized5 is either unconnected or has no load
WARNING: [Synth 8-7129] Port aclk in module sc_util_v1_0_4_pipeline__parameterized3 is either unconnected or has no load
WARNING: [Synth 8-7129] Port aclken in module sc_util_v1_0_4_pipeline__parameterized3 is either unconnected or has no load
WARNING: [Synth 8-7129] Port areset in module sc_util_v1_0_4_pipeline__parameterized3 is either unconnected or has no load
WARNING: [Synth 8-7129] Port aclk in module sc_util_v1_0_4_pipeline__parameterized5 is either unconnected or has no load
WARNING: [Synth 8-7129] Port aclken in module sc_util_v1_0_4_pipeline__parameterized5 is either unconnected or has no load
WARNING: [Synth 8-7129] Port areset in module sc_util_v1_0_4_pipeline__parameterized5 is either unconnected or has no load
WARNING: [Synth 8-7129] Port din[0] in module sc_util_v1_0_4_onehot_to_binary__parameterized1 is either unconnected or has no load
WARNING: [Synth 8-7129] Port connectivity[5] in module sc_switchboard_v1_0_7_top__parameterized4 is either unconnected or has no load
WARNING: [Synth 8-7129] Port connectivity[4] in module sc_switchboard_v1_0_7_top__parameterized4 is either unconnected or has no load
WARNING: [Synth 8-7129] Port connectivity[3] in module sc_switchboard_v1_0_7_top__parameterized4 is either unconnected or has no load
WARNING: [Synth 8-7129] Port connectivity[2] in module sc_switchboard_v1_0_7_top__parameterized4 is either unconnected or has no load
WARNING: [Synth 8-7129] Port connectivity[1] in module sc_switchboard_v1_0_7_top__parameterized4 is either unconnected or has no load
WARNING: [Synth 8-7129] Port connectivity[0] in module sc_switchboard_v1_0_7_top__parameterized4 is either unconnected or has no load
WARNING: [Synth 8-7129] Port connectivity[0] in module sc_switchboard_v1_0_7_top__parameterized3 is either unconnected or has no load
WARNING: [Synth 8-7129] Port din[0] in module sc_util_v1_0_4_onehot_to_binary is either unconnected or has no load
WARNING: [Synth 8-7129] Port slow_clk in module sc_util_v1_0_4_sample_cycle_ratio is either unconnected or has no load
WARNING: [Synth 8-7129] Port fast_clk in module sc_util_v1_0_4_sample_cycle_ratio is either unconnected or has no load
WARNING: [Synth 8-7129] Port aclk in module sc_util_v1_0_4_pipeline__parameterized11 is either unconnected or has no load
WARNING: [Synth 8-7129] Port aclken in module sc_util_v1_0_4_pipeline__parameterized11 is either unconnected or has no load
WARNING: [Synth 8-7129] Port areset in module sc_util_v1_0_4_pipeline__parameterized11 is either unconnected or has no load
WARNING: [Synth 8-7129] Port aclk in module sc_node_v1_0_15_reg_slice3 is either unconnected or has no load
WARNING: [Synth 8-7129] Port aclken in module sc_node_v1_0_15_reg_slice3 is either unconnected or has no load
WARNING: [Synth 8-7129] Port areset in module sc_node_v1_0_15_reg_slice3 is either unconnected or has no load
WARNING: [Synth 8-7129] Port aclk in module sc_node_v1_0_15_si_handler__parameterized8 is either unconnected or has no load
WARNING: [Synth 8-7129] Port aclken in module sc_node_v1_0_15_si_handler__parameterized8 is either unconnected or has no load
WARNING: [Synth 8-7129] Port areset in module sc_node_v1_0_15_si_handler__parameterized8 is either unconnected or has no load
WARNING: [Synth 8-7129] Port s_sc_req[0] in module sc_node_v1_0_15_si_handler__parameterized8 is either unconnected or has no load
WARNING: [Synth 8-7129] Port s_sc_info[0] in module sc_node_v1_0_15_si_handler__parameterized8 is either unconnected or has no load
WARNING: [Synth 8-7129] Port s_axis_arb_tvalid in module sc_node_v1_0_15_si_handler__parameterized8 is either unconnected or has no load
WARNING: [Synth 8-7129] Port s_axis_arb_tdata[15] in module sc_node_v1_0_15_si_handler__parameterized8 is either unconnected or has no load
WARNING: [Synth 8-7129] Port s_axis_arb_tdata[14] in module sc_node_v1_0_15_si_handler__parameterized8 is either unconnected or has no load
WARNING: [Synth 8-7129] Port s_axis_arb_tdata[13] in module sc_node_v1_0_15_si_handler__parameterized8 is either unconnected or has no load
WARNING: [Synth 8-7129] Port s_axis_arb_tdata[12] in module sc_node_v1_0_15_si_handler__parameterized8 is either unconnected or has no load
WARNING: [Synth 8-7129] Port s_axis_arb_tdata[11] in module sc_node_v1_0_15_si_handler__parameterized8 is either unconnected or has no load
WARNING: [Synth 8-7129] Port s_axis_arb_tdata[10] in module sc_node_v1_0_15_si_handler__parameterized8 is either unconnected or has no load
WARNING: [Synth 8-7129] Port s_axis_arb_tdata[9] in module sc_node_v1_0_15_si_handler__parameterized8 is either unconnected or has no load
WARNING: [Synth 8-7129] Port s_axis_arb_tdata[8] in module sc_node_v1_0_15_si_handler__parameterized8 is either unconnected or has no load
WARNING: [Synth 8-7129] Port s_axis_arb_tdata[7] in module sc_node_v1_0_15_si_handler__parameterized8 is either unconnected or has no load
WARNING: [Synth 8-7129] Port s_axis_arb_tdata[6] in module sc_node_v1_0_15_si_handler__parameterized8 is either unconnected or has no load
WARNING: [Synth 8-7129] Port s_axis_arb_tdata[5] in module sc_node_v1_0_15_si_handler__parameterized8 is either unconnected or has no load
WARNING: [Synth 8-7129] Port s_axis_arb_tdata[4] in module sc_node_v1_0_15_si_handler__parameterized8 is either unconnected or has no load
WARNING: [Synth 8-7129] Port s_axis_arb_tdata[3] in module sc_node_v1_0_15_si_handler__parameterized8 is either unconnected or has no load
WARNING: [Synth 8-7129] Port s_axis_arb_tdata[2] in module sc_node_v1_0_15_si_handler__parameterized8 is either unconnected or has no load
WARNING: [Synth 8-7129] Port s_axis_arb_tdata[1] in module sc_node_v1_0_15_si_handler__parameterized8 is either unconnected or has no load
WARNING: [Synth 8-7129] Port s_axis_arb_tdata[0] in module sc_node_v1_0_15_si_handler__parameterized8 is either unconnected or has no load
WARNING: [Synth 8-7129] Port m_axis_arb_tready in module sc_node_v1_0_15_si_handler__parameterized8 is either unconnected or has no load
WARNING: [Synth 8-7129] Port aclk in module sc_util_v1_0_4_axic_register_slice is either unconnected or has no load
WARNING: [Synth 8-7129] Port areset in module sc_util_v1_0_4_axic_register_slice is either unconnected or has no load
WARNING: [Synth 8-7129] Port aclken in module sc_util_v1_0_4_axic_register_slice is either unconnected or has no load
WARNING: [Synth 8-7129] Port m_sc_aclken in module sc_node_v1_0_15_top__parameterized13 is either unconnected or has no load
WARNING: [Synth 8-7129] Port din[0] in module sc_util_v1_0_4_onehot_to_binary__parameterized2 is either unconnected or has no load
WARNING: [Synth 8-7129] Port aclk in module sc_util_v1_0_4_pipeline__parameterized8 is either unconnected or has no load
WARNING: [Synth 8-7129] Port aclken in module sc_util_v1_0_4_pipeline__parameterized8 is either unconnected or has no load
WARNING: [Synth 8-7129] Port areset in module sc_util_v1_0_4_pipeline__parameterized8 is either unconnected or has no load
WARNING: [Synth 8-7129] Port s_sc_payld[54] in module sc_node_v1_0_15_ingress__parameterized7 is either unconnected or has no load
WARNING: [Synth 8-7129] Port s_sc_payld[53] in module sc_node_v1_0_15_ingress__parameterized7 is either unconnected or has no load
WARNING: [Synth 8-7129] Port aclk in module sc_util_v1_0_4_pipeline__parameterized10 is either unconnected or has no load
WARNING: [Synth 8-7129] Port aclken in module sc_util_v1_0_4_pipeline__parameterized10 is either unconnected or has no load
WARNING: [Synth 8-7129] Port areset in module sc_util_v1_0_4_pipeline__parameterized10 is either unconnected or has no load
WARNING: [Synth 8-7129] Port aclk in module sc_node_v1_0_15_reg_slice3__parameterized0 is either unconnected or has no load
WARNING: [Synth 8-7129] Port aclken in module sc_node_v1_0_15_reg_slice3__parameterized0 is either unconnected or has no load
WARNING: [Synth 8-7129] Port areset in module sc_node_v1_0_15_reg_slice3__parameterized0 is either unconnected or has no load
WARNING: [Synth 8-7129] Port areset in module sc_node_v1_0_15_fi_regulator is either unconnected or has no load
WARNING: [Synth 8-7129] Port s_sc_info[5] in module sc_node_v1_0_15_si_handler__parameterized7 is either unconnected or has no load
WARNING: [Synth 8-7129] Port s_sc_info[4] in module sc_node_v1_0_15_si_handler__parameterized7 is either unconnected or has no load
WARNING: [Synth 8-7129] Port s_sc_info[3] in module sc_node_v1_0_15_si_handler__parameterized7 is either unconnected or has no load
WARNING: [Synth 8-7129] Port s_sc_info[2] in module sc_node_v1_0_15_si_handler__parameterized7 is either unconnected or has no load
WARNING: [Synth 8-7129] Port s_sc_info[1] in module sc_node_v1_0_15_si_handler__parameterized7 is either unconnected or has no load
WARNING: [Synth 8-7129] Port s_sc_info[0] in module sc_node_v1_0_15_si_handler__parameterized7 is either unconnected or has no load
WARNING: [Synth 8-7129] Port s_axis_arb_tvalid in module sc_node_v1_0_15_si_handler__parameterized7 is either unconnected or has no load
WARNING: [Synth 8-7129] Port s_axis_arb_tdata[15] in module sc_node_v1_0_15_si_handler__parameterized7 is either unconnected or has no load
WARNING: [Synth 8-7129] Port s_axis_arb_tdata[14] in module sc_node_v1_0_15_si_handler__parameterized7 is either unconnected or has no load
WARNING: [Synth 8-7129] Port s_axis_arb_tdata[13] in module sc_node_v1_0_15_si_handler__parameterized7 is either unconnected or has no load
WARNING: [Synth 8-7129] Port s_axis_arb_tdata[12] in module sc_node_v1_0_15_si_handler__parameterized7 is either unconnected or has no load
WARNING: [Synth 8-7129] Port s_axis_arb_tdata[11] in module sc_node_v1_0_15_si_handler__parameterized7 is either unconnected or has no load
WARNING: [Synth 8-7129] Port s_axis_arb_tdata[10] in module sc_node_v1_0_15_si_handler__parameterized7 is either unconnected or has no load
WARNING: [Synth 8-7129] Port s_axis_arb_tdata[9] in module sc_node_v1_0_15_si_handler__parameterized7 is either unconnected or has no load
WARNING: [Synth 8-7129] Port s_axis_arb_tdata[8] in module sc_node_v1_0_15_si_handler__parameterized7 is either unconnected or has no load
WARNING: [Synth 8-7129] Port s_axis_arb_tdata[7] in module sc_node_v1_0_15_si_handler__parameterized7 is either unconnected or has no load
WARNING: [Synth 8-7129] Port s_axis_arb_tdata[6] in module sc_node_v1_0_15_si_handler__parameterized7 is either unconnected or has no load
WARNING: [Synth 8-7129] Port s_axis_arb_tdata[5] in module sc_node_v1_0_15_si_handler__parameterized7 is either unconnected or has no load
WARNING: [Synth 8-7129] Port s_axis_arb_tdata[4] in module sc_node_v1_0_15_si_handler__parameterized7 is either unconnected or has no load
WARNING: [Synth 8-7129] Port s_axis_arb_tdata[3] in module sc_node_v1_0_15_si_handler__parameterized7 is either unconnected or has no load
WARNING: [Synth 8-7129] Port s_axis_arb_tdata[2] in module sc_node_v1_0_15_si_handler__parameterized7 is either unconnected or has no load
WARNING: [Synth 8-7129] Port s_axis_arb_tdata[1] in module sc_node_v1_0_15_si_handler__parameterized7 is either unconnected or has no load
WARNING: [Synth 8-7129] Port s_axis_arb_tdata[0] in module sc_node_v1_0_15_si_handler__parameterized7 is either unconnected or has no load
INFO: [Common 17-14] Message 'Synth 8-7129' appears 100 times and further instances of the messages will be disabled. Use the Tcl command set_msg_config to change the current settings.
---------------------------------------------------------------------------------
Finished RTL Elaboration : Time (s): cpu = 00:00:18 ; elapsed = 00:00:20 . Memory (MB): peak = 1644.766 ; gain = 704.855
---------------------------------------------------------------------------------
---------------------------------------------------------------------------------
Start Handling Custom Attributes
---------------------------------------------------------------------------------
---------------------------------------------------------------------------------
Finished Handling Custom Attributes : Time (s): cpu = 00:00:18 ; elapsed = 00:00:20 . Memory (MB): peak = 1644.766 ; gain = 704.855
---------------------------------------------------------------------------------
---------------------------------------------------------------------------------
Finished RTL Optimization Phase 1 : Time (s): cpu = 00:00:18 ; elapsed = 00:00:20 . Memory (MB): peak = 1644.766 ; gain = 704.855
---------------------------------------------------------------------------------
Netlist sorting complete. Time (s): cpu = 00:00:03 ; elapsed = 00:00:04 . Memory (MB): peak = 1716.953 ; gain = 14.117
INFO: [Netlist 29-17] Analyzing 13 Unisim elements for replacement
INFO: [Netlist 29-28] Unisim Transformation completed in 0 CPU seconds
INFO: [Project 1-570] Preparing netlist for logic optimization

Processing XDC Constraints
Initializing timing engine
Parsing XDC File [c:/selected_topics_hdmi/pyzq/hw/hw_proj/hw_proj.gen/sources_1/bd/video_out_pynq_z2/ip/video_out_pynq_z2_smartconnect_0_0/ooc.xdc] for cell 'inst'
Finished Parsing XDC File [c:/selected_topics_hdmi/pyzq/hw/hw_proj/hw_proj.gen/sources_1/bd/video_out_pynq_z2/ip/video_out_pynq_z2_smartconnect_0_0/ooc.xdc] for cell 'inst'
Parsing XDC File [c:/selected_topics_hdmi/pyzq/hw/hw_proj/hw_proj.gen/sources_1/bd/video_out_pynq_z2/ip/video_out_pynq_z2_smartconnect_0_0/bd_0/ip/ip_1/bd_98e7_psr_aclk_0_board.xdc] for cell 'inst/clk_map/psr_aclk/U0'
Finished Parsing XDC File [c:/selected_topics_hdmi/pyzq/hw/hw_proj/hw_proj.gen/sources_1/bd/video_out_pynq_z2/ip/video_out_pynq_z2_smartconnect_0_0/bd_0/ip/ip_1/bd_98e7_psr_aclk_0_board.xdc] for cell 'inst/clk_map/psr_aclk/U0'
Parsing XDC File [c:/selected_topics_hdmi/pyzq/hw/hw_proj/hw_proj.gen/sources_1/bd/video_out_pynq_z2/ip/video_out_pynq_z2_smartconnect_0_0/bd_0/ip/ip_1/bd_98e7_psr_aclk_0.xdc] for cell 'inst/clk_map/psr_aclk/U0'
Finished Parsing XDC File [c:/selected_topics_hdmi/pyzq/hw/hw_proj/hw_proj.gen/sources_1/bd/video_out_pynq_z2/ip/video_out_pynq_z2_smartconnect_0_0/bd_0/ip/ip_1/bd_98e7_psr_aclk_0.xdc] for cell 'inst/clk_map/psr_aclk/U0'
INFO: [Project 1-236] Implementation specific constraints were found while reading constraint file [c:/selected_topics_hdmi/pyzq/hw/hw_proj/hw_proj.gen/sources_1/bd/video_out_pynq_z2/ip/video_out_pynq_z2_smartconnect_0_0/bd_0/ip/ip_1/bd_98e7_psr_aclk_0.xdc]. These constraints will be ignored for synthesis but will be used in implementation. Impacted constraints are listed in the file [.Xil/video_out_pynq_z2_smartconnect_0_0_propImpl.xdc].
Resolution: To avoid this warning, move constraints listed in [.Xil/video_out_pynq_z2_smartconnect_0_0_propImpl.xdc] to another XDC file and exclude this new file from synthesis with the used_in_synthesis property (File Properties dialog in GUI) and re-run elaboration/synthesis.
Parsing XDC File [c:/selected_topics_hdmi/pyzq/hw/hw_proj/hw_proj.gen/sources_1/bd/video_out_pynq_z2/ip/video_out_pynq_z2_smartconnect_0_0/bd_0/ip/ip_12/bd_98e7_arni_0_clocks.xdc] for cell 'inst/switchboards/i_nodes/i_ar_node/inst'
Finished Parsing XDC File [c:/selected_topics_hdmi/pyzq/hw/hw_proj/hw_proj.gen/sources_1/bd/video_out_pynq_z2/ip/video_out_pynq_z2_smartconnect_0_0/bd_0/ip/ip_12/bd_98e7_arni_0_clocks.xdc] for cell 'inst/switchboards/i_nodes/i_ar_node/inst'
INFO: [Project 1-236] Implementation specific constraints were found while reading constraint file [c:/selected_topics_hdmi/pyzq/hw/hw_proj/hw_proj.gen/sources_1/bd/video_out_pynq_z2/ip/video_out_pynq_z2_smartconnect_0_0/bd_0/ip/ip_12/bd_98e7_arni_0_clocks.xdc]. These constraints will be ignored for synthesis but will be used in implementation. Impacted constraints are listed in the file [.Xil/video_out_pynq_z2_smartconnect_0_0_propImpl.xdc].
Resolution: To avoid this warning, move constraints listed in [.Xil/video_out_pynq_z2_smartconnect_0_0_propImpl.xdc] to another XDC file and exclude this new file from synthesis with the used_in_synthesis property (File Properties dialog in GUI) and re-run elaboration/synthesis.
Parsing XDC File [c:/selected_topics_hdmi/pyzq/hw/hw_proj/hw_proj.gen/sources_1/bd/video_out_pynq_z2/ip/video_out_pynq_z2_smartconnect_0_0/bd_0/ip/ip_13/bd_98e7_rni_0_clocks.xdc] for cell 'inst/switchboards/i_nodes/i_r_node/inst'
Finished Parsing XDC File [c:/selected_topics_hdmi/pyzq/hw/hw_proj/hw_proj.gen/sources_1/bd/video_out_pynq_z2/ip/video_out_pynq_z2_smartconnect_0_0/bd_0/ip/ip_13/bd_98e7_rni_0_clocks.xdc] for cell 'inst/switchboards/i_nodes/i_r_node/inst'
INFO: [Project 1-236] Implementation specific constraints were found while reading constraint file [c:/selected_topics_hdmi/pyzq/hw/hw_proj/hw_proj.gen/sources_1/bd/video_out_pynq_z2/ip/video_out_pynq_z2_smartconnect_0_0/bd_0/ip/ip_13/bd_98e7_rni_0_clocks.xdc]. These constraints will be ignored for synthesis but will be used in implementation. Impacted constraints are listed in the file [.Xil/video_out_pynq_z2_smartconnect_0_0_propImpl.xdc].
Resolution: To avoid this warning, move constraints listed in [.Xil/video_out_pynq_z2_smartconnect_0_0_propImpl.xdc] to another XDC file and exclude this new file from synthesis with the used_in_synthesis property (File Properties dialog in GUI) and re-run elaboration/synthesis.
Parsing XDC File [c:/selected_topics_hdmi/pyzq/hw/hw_proj/hw_proj.gen/sources_1/bd/video_out_pynq_z2/ip/video_out_pynq_z2_smartconnect_0_0/bd_0/ip/ip_14/bd_98e7_awni_0_clocks.xdc] for cell 'inst/switchboards/i_nodes/i_aw_node/inst'
Finished Parsing XDC File [c:/selected_topics_hdmi/pyzq/hw/hw_proj/hw_proj.gen/sources_1/bd/video_out_pynq_z2/ip/video_out_pynq_z2_smartconnect_0_0/bd_0/ip/ip_14/bd_98e7_awni_0_clocks.xdc] for cell 'inst/switchboards/i_nodes/i_aw_node/inst'
INFO: [Project 1-236] Implementation specific constraints were found while reading constraint file [c:/selected_topics_hdmi/pyzq/hw/hw_proj/hw_proj.gen/sources_1/bd/video_out_pynq_z2/ip/video_out_pynq_z2_smartconnect_0_0/bd_0/ip/ip_14/bd_98e7_awni_0_clocks.xdc]. These constraints will be ignored for synthesis but will be used in implementation. Impacted constraints are listed in the file [.Xil/video_out_pynq_z2_smartconnect_0_0_propImpl.xdc].
Resolution: To avoid this warning, move constraints listed in [.Xil/video_out_pynq_z2_smartconnect_0_0_propImpl.xdc] to another XDC file and exclude this new file from synthesis with the used_in_synthesis property (File Properties dialog in GUI) and re-run elaboration/synthesis.
Parsing XDC File [c:/selected_topics_hdmi/pyzq/hw/hw_proj/hw_proj.gen/sources_1/bd/video_out_pynq_z2/ip/video_out_pynq_z2_smartconnect_0_0/bd_0/ip/ip_15/bd_98e7_wni_0_clocks.xdc] for cell 'inst/switchboards/i_nodes/i_w_node/inst'
Finished Parsing XDC File [c:/selected_topics_hdmi/pyzq/hw/hw_proj/hw_proj.gen/sources_1/bd/video_out_pynq_z2/ip/video_out_pynq_z2_smartconnect_0_0/bd_0/ip/ip_15/bd_98e7_wni_0_clocks.xdc] for cell 'inst/switchboards/i_nodes/i_w_node/inst'
INFO: [Project 1-236] Implementation specific constraints were found while reading constraint file [c:/selected_topics_hdmi/pyzq/hw/hw_proj/hw_proj.gen/sources_1/bd/video_out_pynq_z2/ip/video_out_pynq_z2_smartconnect_0_0/bd_0/ip/ip_15/bd_98e7_wni_0_clocks.xdc]. These constraints will be ignored for synthesis but will be used in implementation. Impacted constraints are listed in the file [.Xil/video_out_pynq_z2_smartconnect_0_0_propImpl.xdc].
Resolution: To avoid this warning, move constraints listed in [.Xil/video_out_pynq_z2_smartconnect_0_0_propImpl.xdc] to another XDC file and exclude this new file from synthesis with the used_in_synthesis property (File Properties dialog in GUI) and re-run elaboration/synthesis.
Parsing XDC File [c:/selected_topics_hdmi/pyzq/hw/hw_proj/hw_proj.gen/sources_1/bd/video_out_pynq_z2/ip/video_out_pynq_z2_smartconnect_0_0/bd_0/ip/ip_16/bd_98e7_bni_0_clocks.xdc] for cell 'inst/switchboards/i_nodes/i_b_node/inst'
Finished Parsing XDC File [c:/selected_topics_hdmi/pyzq/hw/hw_proj/hw_proj.gen/sources_1/bd/video_out_pynq_z2/ip/video_out_pynq_z2_smartconnect_0_0/bd_0/ip/ip_16/bd_98e7_bni_0_clocks.xdc] for cell 'inst/switchboards/i_nodes/i_b_node/inst'
INFO: [Project 1-236] Implementation specific constraints were found while reading constraint file [c:/selected_topics_hdmi/pyzq/hw/hw_proj/hw_proj.gen/sources_1/bd/video_out_pynq_z2/ip/video_out_pynq_z2_smartconnect_0_0/bd_0/ip/ip_16/bd_98e7_bni_0_clocks.xdc]. These constraints will be ignored for synthesis but will be used in implementation. Impacted constraints are listed in the file [.Xil/video_out_pynq_z2_smartconnect_0_0_propImpl.xdc].
Resolution: To avoid this warning, move constraints listed in [.Xil/video_out_pynq_z2_smartconnect_0_0_propImpl.xdc] to another XDC file and exclude this new file from synthesis with the used_in_synthesis property (File Properties dialog in GUI) and re-run elaboration/synthesis.
Parsing XDC File [c:/selected_topics_hdmi/pyzq/hw/hw_proj/hw_proj.gen/sources_1/bd/video_out_pynq_z2/ip/video_out_pynq_z2_smartconnect_0_0/bd_0/ip/ip_21/bd_98e7_sarn_0_clocks.xdc] for cell 'inst/s00_nodes/s00_ar_node/inst'
Finished Parsing XDC File [c:/selected_topics_hdmi/pyzq/hw/hw_proj/hw_proj.gen/sources_1/bd/video_out_pynq_z2/ip/video_out_pynq_z2_smartconnect_0_0/bd_0/ip/ip_21/bd_98e7_sarn_0_clocks.xdc] for cell 'inst/s00_nodes/s00_ar_node/inst'
INFO: [Project 1-236] Implementation specific constraints were found while reading constraint file [c:/selected_topics_hdmi/pyzq/hw/hw_proj/hw_proj.gen/sources_1/bd/video_out_pynq_z2/ip/video_out_pynq_z2_smartconnect_0_0/bd_0/ip/ip_21/bd_98e7_sarn_0_clocks.xdc]. These constraints will be ignored for synthesis but will be used in implementation. Impacted constraints are listed in the file [.Xil/video_out_pynq_z2_smartconnect_0_0_propImpl.xdc].
Resolution: To avoid this warning, move constraints listed in [.Xil/video_out_pynq_z2_smartconnect_0_0_propImpl.xdc] to another XDC file and exclude this new file from synthesis with the used_in_synthesis property (File Properties dialog in GUI) and re-run elaboration/synthesis.
Parsing XDC File [c:/selected_topics_hdmi/pyzq/hw/hw_proj/hw_proj.gen/sources_1/bd/video_out_pynq_z2/ip/video_out_pynq_z2_smartconnect_0_0/bd_0/ip/ip_22/bd_98e7_srn_0_clocks.xdc] for cell 'inst/s00_nodes/s00_r_node/inst'
Finished Parsing XDC File [c:/selected_topics_hdmi/pyzq/hw/hw_proj/hw_proj.gen/sources_1/bd/video_out_pynq_z2/ip/video_out_pynq_z2_smartconnect_0_0/bd_0/ip/ip_22/bd_98e7_srn_0_clocks.xdc] for cell 'inst/s00_nodes/s00_r_node/inst'
INFO: [Project 1-236] Implementation specific constraints were found while reading constraint file [c:/selected_topics_hdmi/pyzq/hw/hw_proj/hw_proj.gen/sources_1/bd/video_out_pynq_z2/ip/video_out_pynq_z2_smartconnect_0_0/bd_0/ip/ip_22/bd_98e7_srn_0_clocks.xdc]. These constraints will be ignored for synthesis but will be used in implementation. Impacted constraints are listed in the file [.Xil/video_out_pynq_z2_smartconnect_0_0_propImpl.xdc].
Resolution: To avoid this warning, move constraints listed in [.Xil/video_out_pynq_z2_smartconnect_0_0_propImpl.xdc] to another XDC file and exclude this new file from synthesis with the used_in_synthesis property (File Properties dialog in GUI) and re-run elaboration/synthesis.
Parsing XDC File [c:/selected_topics_hdmi/pyzq/hw/hw_proj/hw_proj.gen/sources_1/bd/video_out_pynq_z2/ip/video_out_pynq_z2_smartconnect_0_0/bd_0/ip/ip_23/bd_98e7_sawn_0_clocks.xdc] for cell 'inst/s00_nodes/s00_aw_node/inst'
Finished Parsing XDC File [c:/selected_topics_hdmi/pyzq/hw/hw_proj/hw_proj.gen/sources_1/bd/video_out_pynq_z2/ip/video_out_pynq_z2_smartconnect_0_0/bd_0/ip/ip_23/bd_98e7_sawn_0_clocks.xdc] for cell 'inst/s00_nodes/s00_aw_node/inst'
INFO: [Project 1-236] Implementation specific constraints were found while reading constraint file [c:/selected_topics_hdmi/pyzq/hw/hw_proj/hw_proj.gen/sources_1/bd/video_out_pynq_z2/ip/video_out_pynq_z2_smartconnect_0_0/bd_0/ip/ip_23/bd_98e7_sawn_0_clocks.xdc]. These constraints will be ignored for synthesis but will be used in implementation. Impacted constraints are listed in the file [.Xil/video_out_pynq_z2_smartconnect_0_0_propImpl.xdc].
Resolution: To avoid this warning, move constraints listed in [.Xil/video_out_pynq_z2_smartconnect_0_0_propImpl.xdc] to another XDC file and exclude this new file from synthesis with the used_in_synthesis property (File Properties dialog in GUI) and re-run elaboration/synthesis.
Parsing XDC File [c:/selected_topics_hdmi/pyzq/hw/hw_proj/hw_proj.gen/sources_1/bd/video_out_pynq_z2/ip/video_out_pynq_z2_smartconnect_0_0/bd_0/ip/ip_24/bd_98e7_swn_0_clocks.xdc] for cell 'inst/s00_nodes/s00_w_node/inst'
Finished Parsing XDC File [c:/selected_topics_hdmi/pyzq/hw/hw_proj/hw_proj.gen/sources_1/bd/video_out_pynq_z2/ip/video_out_pynq_z2_smartconnect_0_0/bd_0/ip/ip_24/bd_98e7_swn_0_clocks.xdc] for cell 'inst/s00_nodes/s00_w_node/inst'
INFO: [Project 1-236] Implementation specific constraints were found while reading constraint file [c:/selected_topics_hdmi/pyzq/hw/hw_proj/hw_proj.gen/sources_1/bd/video_out_pynq_z2/ip/video_out_pynq_z2_smartconnect_0_0/bd_0/ip/ip_24/bd_98e7_swn_0_clocks.xdc]. These constraints will be ignored for synthesis but will be used in implementation. Impacted constraints are listed in the file [.Xil/video_out_pynq_z2_smartconnect_0_0_propImpl.xdc].
Resolution: To avoid this warning, move constraints listed in [.Xil/video_out_pynq_z2_smartconnect_0_0_propImpl.xdc] to another XDC file and exclude this new file from synthesis with the used_in_synthesis property (File Properties dialog in GUI) and re-run elaboration/synthesis.
Parsing XDC File [c:/selected_topics_hdmi/pyzq/hw/hw_proj/hw_proj.gen/sources_1/bd/video_out_pynq_z2/ip/video_out_pynq_z2_smartconnect_0_0/bd_0/ip/ip_25/bd_98e7_sbn_0_clocks.xdc] for cell 'inst/s00_nodes/s00_b_node/inst'
Finished Parsing XDC File [c:/selected_topics_hdmi/pyzq/hw/hw_proj/hw_proj.gen/sources_1/bd/video_out_pynq_z2/ip/video_out_pynq_z2_smartconnect_0_0/bd_0/ip/ip_25/bd_98e7_sbn_0_clocks.xdc] for cell 'inst/s00_nodes/s00_b_node/inst'
INFO: [Project 1-236] Implementation specific constraints were found while reading constraint file [c:/selected_topics_hdmi/pyzq/hw/hw_proj/hw_proj.gen/sources_1/bd/video_out_pynq_z2/ip/video_out_pynq_z2_smartconnect_0_0/bd_0/ip/ip_25/bd_98e7_sbn_0_clocks.xdc]. These constraints will be ignored for synthesis but will be used in implementation. Impacted constraints are listed in the file [.Xil/video_out_pynq_z2_smartconnect_0_0_propImpl.xdc].
Resolution: To avoid this warning, move constraints listed in [.Xil/video_out_pynq_z2_smartconnect_0_0_propImpl.xdc] to another XDC file and exclude this new file from synthesis with the used_in_synthesis property (File Properties dialog in GUI) and re-run elaboration/synthesis.
Parsing XDC File [c:/selected_topics_hdmi/pyzq/hw/hw_proj/hw_proj.gen/sources_1/bd/video_out_pynq_z2/ip/video_out_pynq_z2_smartconnect_0_0/bd_0/ip/ip_27/bd_98e7_m00arn_0_clocks.xdc] for cell 'inst/m00_nodes/m00_ar_node/inst'
Finished Parsing XDC File [c:/selected_topics_hdmi/pyzq/hw/hw_proj/hw_proj.gen/sources_1/bd/video_out_pynq_z2/ip/video_out_pynq_z2_smartconnect_0_0/bd_0/ip/ip_27/bd_98e7_m00arn_0_clocks.xdc] for cell 'inst/m00_nodes/m00_ar_node/inst'
INFO: [Project 1-236] Implementation specific constraints were found while reading constraint file [c:/selected_topics_hdmi/pyzq/hw/hw_proj/hw_proj.gen/sources_1/bd/video_out_pynq_z2/ip/video_out_pynq_z2_smartconnect_0_0/bd_0/ip/ip_27/bd_98e7_m00arn_0_clocks.xdc]. These constraints will be ignored for synthesis but will be used in implementation. Impacted constraints are listed in the file [.Xil/video_out_pynq_z2_smartconnect_0_0_propImpl.xdc].
Resolution: To avoid this warning, move constraints listed in [.Xil/video_out_pynq_z2_smartconnect_0_0_propImpl.xdc] to another XDC file and exclude this new file from synthesis with the used_in_synthesis property (File Properties dialog in GUI) and re-run elaboration/synthesis.
Parsing XDC File [c:/selected_topics_hdmi/pyzq/hw/hw_proj/hw_proj.gen/sources_1/bd/video_out_pynq_z2/ip/video_out_pynq_z2_smartconnect_0_0/bd_0/ip/ip_28/bd_98e7_m00rn_0_clocks.xdc] for cell 'inst/m00_nodes/m00_r_node/inst'
Finished Parsing XDC File [c:/selected_topics_hdmi/pyzq/hw/hw_proj/hw_proj.gen/sources_1/bd/video_out_pynq_z2/ip/video_out_pynq_z2_smartconnect_0_0/bd_0/ip/ip_28/bd_98e7_m00rn_0_clocks.xdc] for cell 'inst/m00_nodes/m00_r_node/inst'
INFO: [Project 1-236] Implementation specific constraints were found while reading constraint file [c:/selected_topics_hdmi/pyzq/hw/hw_proj/hw_proj.gen/sources_1/bd/video_out_pynq_z2/ip/video_out_pynq_z2_smartconnect_0_0/bd_0/ip/ip_28/bd_98e7_m00rn_0_clocks.xdc]. These constraints will be ignored for synthesis but will be used in implementation. Impacted constraints are listed in the file [.Xil/video_out_pynq_z2_smartconnect_0_0_propImpl.xdc].
Resolution: To avoid this warning, move constraints listed in [.Xil/video_out_pynq_z2_smartconnect_0_0_propImpl.xdc] to another XDC file and exclude this new file from synthesis with the used_in_synthesis property (File Properties dialog in GUI) and re-run elaboration/synthesis.
Parsing XDC File [c:/selected_topics_hdmi/pyzq/hw/hw_proj/hw_proj.gen/sources_1/bd/video_out_pynq_z2/ip/video_out_pynq_z2_smartconnect_0_0/bd_0/ip/ip_29/bd_98e7_m00awn_0_clocks.xdc] for cell 'inst/m00_nodes/m00_aw_node/inst'
Finished Parsing XDC File [c:/selected_topics_hdmi/pyzq/hw/hw_proj/hw_proj.gen/sources_1/bd/video_out_pynq_z2/ip/video_out_pynq_z2_smartconnect_0_0/bd_0/ip/ip_29/bd_98e7_m00awn_0_clocks.xdc] for cell 'inst/m00_nodes/m00_aw_node/inst'
INFO: [Project 1-236] Implementation specific constraints were found while reading constraint file [c:/selected_topics_hdmi/pyzq/hw/hw_proj/hw_proj.gen/sources_1/bd/video_out_pynq_z2/ip/video_out_pynq_z2_smartconnect_0_0/bd_0/ip/ip_29/bd_98e7_m00awn_0_clocks.xdc]. These constraints will be ignored for synthesis but will be used in implementation. Impacted constraints are listed in the file [.Xil/video_out_pynq_z2_smartconnect_0_0_propImpl.xdc].
Resolution: To avoid this warning, move constraints listed in [.Xil/video_out_pynq_z2_smartconnect_0_0_propImpl.xdc] to another XDC file and exclude this new file from synthesis with the used_in_synthesis property (File Properties dialog in GUI) and re-run elaboration/synthesis.
Parsing XDC File [c:/selected_topics_hdmi/pyzq/hw/hw_proj/hw_proj.gen/sources_1/bd/video_out_pynq_z2/ip/video_out_pynq_z2_smartconnect_0_0/bd_0/ip/ip_30/bd_98e7_m00wn_0_clocks.xdc] for cell 'inst/m00_nodes/m00_w_node/inst'
Finished Parsing XDC File [c:/selected_topics_hdmi/pyzq/hw/hw_proj/hw_proj.gen/sources_1/bd/video_out_pynq_z2/ip/video_out_pynq_z2_smartconnect_0_0/bd_0/ip/ip_30/bd_98e7_m00wn_0_clocks.xdc] for cell 'inst/m00_nodes/m00_w_node/inst'
INFO: [Project 1-236] Implementation specific constraints were found while reading constraint file [c:/selected_topics_hdmi/pyzq/hw/hw_proj/hw_proj.gen/sources_1/bd/video_out_pynq_z2/ip/video_out_pynq_z2_smartconnect_0_0/bd_0/ip/ip_30/bd_98e7_m00wn_0_clocks.xdc]. These constraints will be ignored for synthesis but will be used in implementation. Impacted constraints are listed in the file [.Xil/video_out_pynq_z2_smartconnect_0_0_propImpl.xdc].
Resolution: To avoid this warning, move constraints listed in [.Xil/video_out_pynq_z2_smartconnect_0_0_propImpl.xdc] to another XDC file and exclude this new file from synthesis with the used_in_synthesis property (File Properties dialog in GUI) and re-run elaboration/synthesis.
Parsing XDC File [c:/selected_topics_hdmi/pyzq/hw/hw_proj/hw_proj.gen/sources_1/bd/video_out_pynq_z2/ip/video_out_pynq_z2_smartconnect_0_0/bd_0/ip/ip_31/bd_98e7_m00bn_0_clocks.xdc] for cell 'inst/m00_nodes/m00_b_node/inst'
Finished Parsing XDC File [c:/selected_topics_hdmi/pyzq/hw/hw_proj/hw_proj.gen/sources_1/bd/video_out_pynq_z2/ip/video_out_pynq_z2_smartconnect_0_0/bd_0/ip/ip_31/bd_98e7_m00bn_0_clocks.xdc] for cell 'inst/m00_nodes/m00_b_node/inst'
INFO: [Project 1-236] Implementation specific constraints were found while reading constraint file [c:/selected_topics_hdmi/pyzq/hw/hw_proj/hw_proj.gen/sources_1/bd/video_out_pynq_z2/ip/video_out_pynq_z2_smartconnect_0_0/bd_0/ip/ip_31/bd_98e7_m00bn_0_clocks.xdc]. These constraints will be ignored for synthesis but will be used in implementation. Impacted constraints are listed in the file [.Xil/video_out_pynq_z2_smartconnect_0_0_propImpl.xdc].
Resolution: To avoid this warning, move constraints listed in [.Xil/video_out_pynq_z2_smartconnect_0_0_propImpl.xdc] to another XDC file and exclude this new file from synthesis with the used_in_synthesis property (File Properties dialog in GUI) and re-run elaboration/synthesis.
Parsing XDC File [c:/selected_topics_hdmi/pyzq/hw/hw_proj/hw_proj.gen/sources_1/bd/video_out_pynq_z2/ip/video_out_pynq_z2_smartconnect_0_0/bd_0/ip/ip_34/bd_98e7_m01arn_0_clocks.xdc] for cell 'inst/m01_nodes/m01_ar_node/inst'
Finished Parsing XDC File [c:/selected_topics_hdmi/pyzq/hw/hw_proj/hw_proj.gen/sources_1/bd/video_out_pynq_z2/ip/video_out_pynq_z2_smartconnect_0_0/bd_0/ip/ip_34/bd_98e7_m01arn_0_clocks.xdc] for cell 'inst/m01_nodes/m01_ar_node/inst'
INFO: [Project 1-236] Implementation specific constraints were found while reading constraint file [c:/selected_topics_hdmi/pyzq/hw/hw_proj/hw_proj.gen/sources_1/bd/video_out_pynq_z2/ip/video_out_pynq_z2_smartconnect_0_0/bd_0/ip/ip_34/bd_98e7_m01arn_0_clocks.xdc]. These constraints will be ignored for synthesis but will be used in implementation. Impacted constraints are listed in the file [.Xil/video_out_pynq_z2_smartconnect_0_0_propImpl.xdc].
Resolution: To avoid this warning, move constraints listed in [.Xil/video_out_pynq_z2_smartconnect_0_0_propImpl.xdc] to another XDC file and exclude this new file from synthesis with the used_in_synthesis property (File Properties dialog in GUI) and re-run elaboration/synthesis.
Parsing XDC File [c:/selected_topics_hdmi/pyzq/hw/hw_proj/hw_proj.gen/sources_1/bd/video_out_pynq_z2/ip/video_out_pynq_z2_smartconnect_0_0/bd_0/ip/ip_35/bd_98e7_m01rn_0_clocks.xdc] for cell 'inst/m01_nodes/m01_r_node/inst'
Finished Parsing XDC File [c:/selected_topics_hdmi/pyzq/hw/hw_proj/hw_proj.gen/sources_1/bd/video_out_pynq_z2/ip/video_out_pynq_z2_smartconnect_0_0/bd_0/ip/ip_35/bd_98e7_m01rn_0_clocks.xdc] for cell 'inst/m01_nodes/m01_r_node/inst'
INFO: [Project 1-236] Implementation specific constraints were found while reading constraint file [c:/selected_topics_hdmi/pyzq/hw/hw_proj/hw_proj.gen/sources_1/bd/video_out_pynq_z2/ip/video_out_pynq_z2_smartconnect_0_0/bd_0/ip/ip_35/bd_98e7_m01rn_0_clocks.xdc]. These constraints will be ignored for synthesis but will be used in implementation. Impacted constraints are listed in the file [.Xil/video_out_pynq_z2_smartconnect_0_0_propImpl.xdc].
Resolution: To avoid this warning, move constraints listed in [.Xil/video_out_pynq_z2_smartconnect_0_0_propImpl.xdc] to another XDC file and exclude this new file from synthesis with the used_in_synthesis property (File Properties dialog in GUI) and re-run elaboration/synthesis.
Parsing XDC File [c:/selected_topics_hdmi/pyzq/hw/hw_proj/hw_proj.gen/sources_1/bd/video_out_pynq_z2/ip/video_out_pynq_z2_smartconnect_0_0/bd_0/ip/ip_36/bd_98e7_m01awn_0_clocks.xdc] for cell 'inst/m01_nodes/m01_aw_node/inst'
Finished Parsing XDC File [c:/selected_topics_hdmi/pyzq/hw/hw_proj/hw_proj.gen/sources_1/bd/video_out_pynq_z2/ip/video_out_pynq_z2_smartconnect_0_0/bd_0/ip/ip_36/bd_98e7_m01awn_0_clocks.xdc] for cell 'inst/m01_nodes/m01_aw_node/inst'
INFO: [Project 1-236] Implementation specific constraints were found while reading constraint file [c:/selected_topics_hdmi/pyzq/hw/hw_proj/hw_proj.gen/sources_1/bd/video_out_pynq_z2/ip/video_out_pynq_z2_smartconnect_0_0/bd_0/ip/ip_36/bd_98e7_m01awn_0_clocks.xdc]. These constraints will be ignored for synthesis but will be used in implementation. Impacted constraints are listed in the file [.Xil/video_out_pynq_z2_smartconnect_0_0_propImpl.xdc].
Resolution: To avoid this warning, move constraints listed in [.Xil/video_out_pynq_z2_smartconnect_0_0_propImpl.xdc] to another XDC file and exclude this new file from synthesis with the used_in_synthesis property (File Properties dialog in GUI) and re-run elaboration/synthesis.
Parsing XDC File [c:/selected_topics_hdmi/pyzq/hw/hw_proj/hw_proj.gen/sources_1/bd/video_out_pynq_z2/ip/video_out_pynq_z2_smartconnect_0_0/bd_0/ip/ip_37/bd_98e7_m01wn_0_clocks.xdc] for cell 'inst/m01_nodes/m01_w_node/inst'
Finished Parsing XDC File [c:/selected_topics_hdmi/pyzq/hw/hw_proj/hw_proj.gen/sources_1/bd/video_out_pynq_z2/ip/video_out_pynq_z2_smartconnect_0_0/bd_0/ip/ip_37/bd_98e7_m01wn_0_clocks.xdc] for cell 'inst/m01_nodes/m01_w_node/inst'
INFO: [Project 1-236] Implementation specific constraints were found while reading constraint file [c:/selected_topics_hdmi/pyzq/hw/hw_proj/hw_proj.gen/sources_1/bd/video_out_pynq_z2/ip/video_out_pynq_z2_smartconnect_0_0/bd_0/ip/ip_37/bd_98e7_m01wn_0_clocks.xdc]. These constraints will be ignored for synthesis but will be used in implementation. Impacted constraints are listed in the file [.Xil/video_out_pynq_z2_smartconnect_0_0_propImpl.xdc].
Resolution: To avoid this warning, move constraints listed in [.Xil/video_out_pynq_z2_smartconnect_0_0_propImpl.xdc] to another XDC file and exclude this new file from synthesis with the used_in_synthesis property (File Properties dialog in GUI) and re-run elaboration/synthesis.
Parsing XDC File [c:/selected_topics_hdmi/pyzq/hw/hw_proj/hw_proj.gen/sources_1/bd/video_out_pynq_z2/ip/video_out_pynq_z2_smartconnect_0_0/bd_0/ip/ip_38/bd_98e7_m01bn_0_clocks.xdc] for cell 'inst/m01_nodes/m01_b_node/inst'
Finished Parsing XDC File [c:/selected_topics_hdmi/pyzq/hw/hw_proj/hw_proj.gen/sources_1/bd/video_out_pynq_z2/ip/video_out_pynq_z2_smartconnect_0_0/bd_0/ip/ip_38/bd_98e7_m01bn_0_clocks.xdc] for cell 'inst/m01_nodes/m01_b_node/inst'
INFO: [Project 1-236] Implementation specific constraints were found while reading constraint file [c:/selected_topics_hdmi/pyzq/hw/hw_proj/hw_proj.gen/sources_1/bd/video_out_pynq_z2/ip/video_out_pynq_z2_smartconnect_0_0/bd_0/ip/ip_38/bd_98e7_m01bn_0_clocks.xdc]. These constraints will be ignored for synthesis but will be used in implementation. Impacted constraints are listed in the file [.Xil/video_out_pynq_z2_smartconnect_0_0_propImpl.xdc].
Resolution: To avoid this warning, move constraints listed in [.Xil/video_out_pynq_z2_smartconnect_0_0_propImpl.xdc] to another XDC file and exclude this new file from synthesis with the used_in_synthesis property (File Properties dialog in GUI) and re-run elaboration/synthesis.
Parsing XDC File [c:/selected_topics_hdmi/pyzq/hw/hw_proj/hw_proj.gen/sources_1/bd/video_out_pynq_z2/ip/video_out_pynq_z2_smartconnect_0_0/bd_0/ip/ip_41/bd_98e7_m02arn_0_clocks.xdc] for cell 'inst/m02_nodes/m02_ar_node/inst'
Finished Parsing XDC File [c:/selected_topics_hdmi/pyzq/hw/hw_proj/hw_proj.gen/sources_1/bd/video_out_pynq_z2/ip/video_out_pynq_z2_smartconnect_0_0/bd_0/ip/ip_41/bd_98e7_m02arn_0_clocks.xdc] for cell 'inst/m02_nodes/m02_ar_node/inst'
INFO: [Project 1-236] Implementation specific constraints were found while reading constraint file [c:/selected_topics_hdmi/pyzq/hw/hw_proj/hw_proj.gen/sources_1/bd/video_out_pynq_z2/ip/video_out_pynq_z2_smartconnect_0_0/bd_0/ip/ip_41/bd_98e7_m02arn_0_clocks.xdc]. These constraints will be ignored for synthesis but will be used in implementation. Impacted constraints are listed in the file [.Xil/video_out_pynq_z2_smartconnect_0_0_propImpl.xdc].
Resolution: To avoid this warning, move constraints listed in [.Xil/video_out_pynq_z2_smartconnect_0_0_propImpl.xdc] to another XDC file and exclude this new file from synthesis with the used_in_synthesis property (File Properties dialog in GUI) and re-run elaboration/synthesis.
Parsing XDC File [c:/selected_topics_hdmi/pyzq/hw/hw_proj/hw_proj.gen/sources_1/bd/video_out_pynq_z2/ip/video_out_pynq_z2_smartconnect_0_0/bd_0/ip/ip_42/bd_98e7_m02rn_0_clocks.xdc] for cell 'inst/m02_nodes/m02_r_node/inst'
Finished Parsing XDC File [c:/selected_topics_hdmi/pyzq/hw/hw_proj/hw_proj.gen/sources_1/bd/video_out_pynq_z2/ip/video_out_pynq_z2_smartconnect_0_0/bd_0/ip/ip_42/bd_98e7_m02rn_0_clocks.xdc] for cell 'inst/m02_nodes/m02_r_node/inst'
INFO: [Project 1-236] Implementation specific constraints were found while reading constraint file [c:/selected_topics_hdmi/pyzq/hw/hw_proj/hw_proj.gen/sources_1/bd/video_out_pynq_z2/ip/video_out_pynq_z2_smartconnect_0_0/bd_0/ip/ip_42/bd_98e7_m02rn_0_clocks.xdc]. These constraints will be ignored for synthesis but will be used in implementation. Impacted constraints are listed in the file [.Xil/video_out_pynq_z2_smartconnect_0_0_propImpl.xdc].
Resolution: To avoid this warning, move constraints listed in [.Xil/video_out_pynq_z2_smartconnect_0_0_propImpl.xdc] to another XDC file and exclude this new file from synthesis with the used_in_synthesis property (File Properties dialog in GUI) and re-run elaboration/synthesis.
Parsing XDC File [c:/selected_topics_hdmi/pyzq/hw/hw_proj/hw_proj.gen/sources_1/bd/video_out_pynq_z2/ip/video_out_pynq_z2_smartconnect_0_0/bd_0/ip/ip_43/bd_98e7_m02awn_0_clocks.xdc] for cell 'inst/m02_nodes/m02_aw_node/inst'
Finished Parsing XDC File [c:/selected_topics_hdmi/pyzq/hw/hw_proj/hw_proj.gen/sources_1/bd/video_out_pynq_z2/ip/video_out_pynq_z2_smartconnect_0_0/bd_0/ip/ip_43/bd_98e7_m02awn_0_clocks.xdc] for cell 'inst/m02_nodes/m02_aw_node/inst'
INFO: [Project 1-236] Implementation specific constraints were found while reading constraint file [c:/selected_topics_hdmi/pyzq/hw/hw_proj/hw_proj.gen/sources_1/bd/video_out_pynq_z2/ip/video_out_pynq_z2_smartconnect_0_0/bd_0/ip/ip_43/bd_98e7_m02awn_0_clocks.xdc]. These constraints will be ignored for synthesis but will be used in implementation. Impacted constraints are listed in the file [.Xil/video_out_pynq_z2_smartconnect_0_0_propImpl.xdc].
Resolution: To avoid this warning, move constraints listed in [.Xil/video_out_pynq_z2_smartconnect_0_0_propImpl.xdc] to another XDC file and exclude this new file from synthesis with the used_in_synthesis property (File Properties dialog in GUI) and re-run elaboration/synthesis.
Parsing XDC File [c:/selected_topics_hdmi/pyzq/hw/hw_proj/hw_proj.gen/sources_1/bd/video_out_pynq_z2/ip/video_out_pynq_z2_smartconnect_0_0/bd_0/ip/ip_44/bd_98e7_m02wn_0_clocks.xdc] for cell 'inst/m02_nodes/m02_w_node/inst'
Finished Parsing XDC File [c:/selected_topics_hdmi/pyzq/hw/hw_proj/hw_proj.gen/sources_1/bd/video_out_pynq_z2/ip/video_out_pynq_z2_smartconnect_0_0/bd_0/ip/ip_44/bd_98e7_m02wn_0_clocks.xdc] for cell 'inst/m02_nodes/m02_w_node/inst'
INFO: [Project 1-236] Implementation specific constraints were found while reading constraint file [c:/selected_topics_hdmi/pyzq/hw/hw_proj/hw_proj.gen/sources_1/bd/video_out_pynq_z2/ip/video_out_pynq_z2_smartconnect_0_0/bd_0/ip/ip_44/bd_98e7_m02wn_0_clocks.xdc]. These constraints will be ignored for synthesis but will be used in implementation. Impacted constraints are listed in the file [.Xil/video_out_pynq_z2_smartconnect_0_0_propImpl.xdc].
Resolution: To avoid this warning, move constraints listed in [.Xil/video_out_pynq_z2_smartconnect_0_0_propImpl.xdc] to another XDC file and exclude this new file from synthesis with the used_in_synthesis property (File Properties dialog in GUI) and re-run elaboration/synthesis.
Parsing XDC File [c:/selected_topics_hdmi/pyzq/hw/hw_proj/hw_proj.gen/sources_1/bd/video_out_pynq_z2/ip/video_out_pynq_z2_smartconnect_0_0/bd_0/ip/ip_45/bd_98e7_m02bn_0_clocks.xdc] for cell 'inst/m02_nodes/m02_b_node/inst'
Finished Parsing XDC File [c:/selected_topics_hdmi/pyzq/hw/hw_proj/hw_proj.gen/sources_1/bd/video_out_pynq_z2/ip/video_out_pynq_z2_smartconnect_0_0/bd_0/ip/ip_45/bd_98e7_m02bn_0_clocks.xdc] for cell 'inst/m02_nodes/m02_b_node/inst'
INFO: [Project 1-236] Implementation specific constraints were found while reading constraint file [c:/selected_topics_hdmi/pyzq/hw/hw_proj/hw_proj.gen/sources_1/bd/video_out_pynq_z2/ip/video_out_pynq_z2_smartconnect_0_0/bd_0/ip/ip_45/bd_98e7_m02bn_0_clocks.xdc]. These constraints will be ignored for synthesis but will be used in implementation. Impacted constraints are listed in the file [.Xil/video_out_pynq_z2_smartconnect_0_0_propImpl.xdc].
Resolution: To avoid this warning, move constraints listed in [.Xil/video_out_pynq_z2_smartconnect_0_0_propImpl.xdc] to another XDC file and exclude this new file from synthesis with the used_in_synthesis property (File Properties dialog in GUI) and re-run elaboration/synthesis.
Parsing XDC File [c:/selected_topics_hdmi/pyzq/hw/hw_proj/hw_proj.gen/sources_1/bd/video_out_pynq_z2/ip/video_out_pynq_z2_smartconnect_0_0/bd_0/ip/ip_48/bd_98e7_m03arn_0_clocks.xdc] for cell 'inst/m03_nodes/m03_ar_node/inst'
Finished Parsing XDC File [c:/selected_topics_hdmi/pyzq/hw/hw_proj/hw_proj.gen/sources_1/bd/video_out_pynq_z2/ip/video_out_pynq_z2_smartconnect_0_0/bd_0/ip/ip_48/bd_98e7_m03arn_0_clocks.xdc] for cell 'inst/m03_nodes/m03_ar_node/inst'
INFO: [Project 1-236] Implementation specific constraints were found while reading constraint file [c:/selected_topics_hdmi/pyzq/hw/hw_proj/hw_proj.gen/sources_1/bd/video_out_pynq_z2/ip/video_out_pynq_z2_smartconnect_0_0/bd_0/ip/ip_48/bd_98e7_m03arn_0_clocks.xdc]. These constraints will be ignored for synthesis but will be used in implementation. Impacted constraints are listed in the file [.Xil/video_out_pynq_z2_smartconnect_0_0_propImpl.xdc].
Resolution: To avoid this warning, move constraints listed in [.Xil/video_out_pynq_z2_smartconnect_0_0_propImpl.xdc] to another XDC file and exclude this new file from synthesis with the used_in_synthesis property (File Properties dialog in GUI) and re-run elaboration/synthesis.
Parsing XDC File [c:/selected_topics_hdmi/pyzq/hw/hw_proj/hw_proj.gen/sources_1/bd/video_out_pynq_z2/ip/video_out_pynq_z2_smartconnect_0_0/bd_0/ip/ip_49/bd_98e7_m03rn_0_clocks.xdc] for cell 'inst/m03_nodes/m03_r_node/inst'
Finished Parsing XDC File [c:/selected_topics_hdmi/pyzq/hw/hw_proj/hw_proj.gen/sources_1/bd/video_out_pynq_z2/ip/video_out_pynq_z2_smartconnect_0_0/bd_0/ip/ip_49/bd_98e7_m03rn_0_clocks.xdc] for cell 'inst/m03_nodes/m03_r_node/inst'
INFO: [Project 1-236] Implementation specific constraints were found while reading constraint file [c:/selected_topics_hdmi/pyzq/hw/hw_proj/hw_proj.gen/sources_1/bd/video_out_pynq_z2/ip/video_out_pynq_z2_smartconnect_0_0/bd_0/ip/ip_49/bd_98e7_m03rn_0_clocks.xdc]. These constraints will be ignored for synthesis but will be used in implementation. Impacted constraints are listed in the file [.Xil/video_out_pynq_z2_smartconnect_0_0_propImpl.xdc].
Resolution: To avoid this warning, move constraints listed in [.Xil/video_out_pynq_z2_smartconnect_0_0_propImpl.xdc] to another XDC file and exclude this new file from synthesis with the used_in_synthesis property (File Properties dialog in GUI) and re-run elaboration/synthesis.
Parsing XDC File [c:/selected_topics_hdmi/pyzq/hw/hw_proj/hw_proj.gen/sources_1/bd/video_out_pynq_z2/ip/video_out_pynq_z2_smartconnect_0_0/bd_0/ip/ip_50/bd_98e7_m03awn_0_clocks.xdc] for cell 'inst/m03_nodes/m03_aw_node/inst'
Finished Parsing XDC File [c:/selected_topics_hdmi/pyzq/hw/hw_proj/hw_proj.gen/sources_1/bd/video_out_pynq_z2/ip/video_out_pynq_z2_smartconnect_0_0/bd_0/ip/ip_50/bd_98e7_m03awn_0_clocks.xdc] for cell 'inst/m03_nodes/m03_aw_node/inst'
INFO: [Project 1-236] Implementation specific constraints were found while reading constraint file [c:/selected_topics_hdmi/pyzq/hw/hw_proj/hw_proj.gen/sources_1/bd/video_out_pynq_z2/ip/video_out_pynq_z2_smartconnect_0_0/bd_0/ip/ip_50/bd_98e7_m03awn_0_clocks.xdc]. These constraints will be ignored for synthesis but will be used in implementation. Impacted constraints are listed in the file [.Xil/video_out_pynq_z2_smartconnect_0_0_propImpl.xdc].
Resolution: To avoid this warning, move constraints listed in [.Xil/video_out_pynq_z2_smartconnect_0_0_propImpl.xdc] to another XDC file and exclude this new file from synthesis with the used_in_synthesis property (File Properties dialog in GUI) and re-run elaboration/synthesis.
Parsing XDC File [c:/selected_topics_hdmi/pyzq/hw/hw_proj/hw_proj.gen/sources_1/bd/video_out_pynq_z2/ip/video_out_pynq_z2_smartconnect_0_0/bd_0/ip/ip_51/bd_98e7_m03wn_0_clocks.xdc] for cell 'inst/m03_nodes/m03_w_node/inst'
Finished Parsing XDC File [c:/selected_topics_hdmi/pyzq/hw/hw_proj/hw_proj.gen/sources_1/bd/video_out_pynq_z2/ip/video_out_pynq_z2_smartconnect_0_0/bd_0/ip/ip_51/bd_98e7_m03wn_0_clocks.xdc] for cell 'inst/m03_nodes/m03_w_node/inst'
INFO: [Project 1-236] Implementation specific constraints were found while reading constraint file [c:/selected_topics_hdmi/pyzq/hw/hw_proj/hw_proj.gen/sources_1/bd/video_out_pynq_z2/ip/video_out_pynq_z2_smartconnect_0_0/bd_0/ip/ip_51/bd_98e7_m03wn_0_clocks.xdc]. These constraints will be ignored for synthesis but will be used in implementation. Impacted constraints are listed in the file [.Xil/video_out_pynq_z2_smartconnect_0_0_propImpl.xdc].
Resolution: To avoid this warning, move constraints listed in [.Xil/video_out_pynq_z2_smartconnect_0_0_propImpl.xdc] to another XDC file and exclude this new file from synthesis with the used_in_synthesis property (File Properties dialog in GUI) and re-run elaboration/synthesis.
Parsing XDC File [c:/selected_topics_hdmi/pyzq/hw/hw_proj/hw_proj.gen/sources_1/bd/video_out_pynq_z2/ip/video_out_pynq_z2_smartconnect_0_0/bd_0/ip/ip_52/bd_98e7_m03bn_0_clocks.xdc] for cell 'inst/m03_nodes/m03_b_node/inst'
Finished Parsing XDC File [c:/selected_topics_hdmi/pyzq/hw/hw_proj/hw_proj.gen/sources_1/bd/video_out_pynq_z2/ip/video_out_pynq_z2_smartconnect_0_0/bd_0/ip/ip_52/bd_98e7_m03bn_0_clocks.xdc] for cell 'inst/m03_nodes/m03_b_node/inst'
INFO: [Project 1-236] Implementation specific constraints were found while reading constraint file [c:/selected_topics_hdmi/pyzq/hw/hw_proj/hw_proj.gen/sources_1/bd/video_out_pynq_z2/ip/video_out_pynq_z2_smartconnect_0_0/bd_0/ip/ip_52/bd_98e7_m03bn_0_clocks.xdc]. These constraints will be ignored for synthesis but will be used in implementation. Impacted constraints are listed in the file [.Xil/video_out_pynq_z2_smartconnect_0_0_propImpl.xdc].
Resolution: To avoid this warning, move constraints listed in [.Xil/video_out_pynq_z2_smartconnect_0_0_propImpl.xdc] to another XDC file and exclude this new file from synthesis with the used_in_synthesis property (File Properties dialog in GUI) and re-run elaboration/synthesis.
Parsing XDC File [c:/selected_topics_hdmi/pyzq/hw/hw_proj/hw_proj.gen/sources_1/bd/video_out_pynq_z2/ip/video_out_pynq_z2_smartconnect_0_0/bd_0/ip/ip_55/bd_98e7_m04arn_0_clocks.xdc] for cell 'inst/m04_nodes/m04_ar_node/inst'
Finished Parsing XDC File [c:/selected_topics_hdmi/pyzq/hw/hw_proj/hw_proj.gen/sources_1/bd/video_out_pynq_z2/ip/video_out_pynq_z2_smartconnect_0_0/bd_0/ip/ip_55/bd_98e7_m04arn_0_clocks.xdc] for cell 'inst/m04_nodes/m04_ar_node/inst'
INFO: [Project 1-236] Implementation specific constraints were found while reading constraint file [c:/selected_topics_hdmi/pyzq/hw/hw_proj/hw_proj.gen/sources_1/bd/video_out_pynq_z2/ip/video_out_pynq_z2_smartconnect_0_0/bd_0/ip/ip_55/bd_98e7_m04arn_0_clocks.xdc]. These constraints will be ignored for synthesis but will be used in implementation. Impacted constraints are listed in the file [.Xil/video_out_pynq_z2_smartconnect_0_0_propImpl.xdc].
Resolution: To avoid this warning, move constraints listed in [.Xil/video_out_pynq_z2_smartconnect_0_0_propImpl.xdc] to another XDC file and exclude this new file from synthesis with the used_in_synthesis property (File Properties dialog in GUI) and re-run elaboration/synthesis.
Parsing XDC File [c:/selected_topics_hdmi/pyzq/hw/hw_proj/hw_proj.gen/sources_1/bd/video_out_pynq_z2/ip/video_out_pynq_z2_smartconnect_0_0/bd_0/ip/ip_56/bd_98e7_m04rn_0_clocks.xdc] for cell 'inst/m04_nodes/m04_r_node/inst'
Finished Parsing XDC File [c:/selected_topics_hdmi/pyzq/hw/hw_proj/hw_proj.gen/sources_1/bd/video_out_pynq_z2/ip/video_out_pynq_z2_smartconnect_0_0/bd_0/ip/ip_56/bd_98e7_m04rn_0_clocks.xdc] for cell 'inst/m04_nodes/m04_r_node/inst'
INFO: [Project 1-236] Implementation specific constraints were found while reading constraint file [c:/selected_topics_hdmi/pyzq/hw/hw_proj/hw_proj.gen/sources_1/bd/video_out_pynq_z2/ip/video_out_pynq_z2_smartconnect_0_0/bd_0/ip/ip_56/bd_98e7_m04rn_0_clocks.xdc]. These constraints will be ignored for synthesis but will be used in implementation. Impacted constraints are listed in the file [.Xil/video_out_pynq_z2_smartconnect_0_0_propImpl.xdc].
Resolution: To avoid this warning, move constraints listed in [.Xil/video_out_pynq_z2_smartconnect_0_0_propImpl.xdc] to another XDC file and exclude this new file from synthesis with the used_in_synthesis property (File Properties dialog in GUI) and re-run elaboration/synthesis.
Parsing XDC File [c:/selected_topics_hdmi/pyzq/hw/hw_proj/hw_proj.gen/sources_1/bd/video_out_pynq_z2/ip/video_out_pynq_z2_smartconnect_0_0/bd_0/ip/ip_57/bd_98e7_m04awn_0_clocks.xdc] for cell 'inst/m04_nodes/m04_aw_node/inst'
Finished Parsing XDC File [c:/selected_topics_hdmi/pyzq/hw/hw_proj/hw_proj.gen/sources_1/bd/video_out_pynq_z2/ip/video_out_pynq_z2_smartconnect_0_0/bd_0/ip/ip_57/bd_98e7_m04awn_0_clocks.xdc] for cell 'inst/m04_nodes/m04_aw_node/inst'
INFO: [Project 1-236] Implementation specific constraints were found while reading constraint file [c:/selected_topics_hdmi/pyzq/hw/hw_proj/hw_proj.gen/sources_1/bd/video_out_pynq_z2/ip/video_out_pynq_z2_smartconnect_0_0/bd_0/ip/ip_57/bd_98e7_m04awn_0_clocks.xdc]. These constraints will be ignored for synthesis but will be used in implementation. Impacted constraints are listed in the file [.Xil/video_out_pynq_z2_smartconnect_0_0_propImpl.xdc].
Resolution: To avoid this warning, move constraints listed in [.Xil/video_out_pynq_z2_smartconnect_0_0_propImpl.xdc] to another XDC file and exclude this new file from synthesis with the used_in_synthesis property (File Properties dialog in GUI) and re-run elaboration/synthesis.
Parsing XDC File [c:/selected_topics_hdmi/pyzq/hw/hw_proj/hw_proj.gen/sources_1/bd/video_out_pynq_z2/ip/video_out_pynq_z2_smartconnect_0_0/bd_0/ip/ip_58/bd_98e7_m04wn_0_clocks.xdc] for cell 'inst/m04_nodes/m04_w_node/inst'
Finished Parsing XDC File [c:/selected_topics_hdmi/pyzq/hw/hw_proj/hw_proj.gen/sources_1/bd/video_out_pynq_z2/ip/video_out_pynq_z2_smartconnect_0_0/bd_0/ip/ip_58/bd_98e7_m04wn_0_clocks.xdc] for cell 'inst/m04_nodes/m04_w_node/inst'
INFO: [Project 1-236] Implementation specific constraints were found while reading constraint file [c:/selected_topics_hdmi/pyzq/hw/hw_proj/hw_proj.gen/sources_1/bd/video_out_pynq_z2/ip/video_out_pynq_z2_smartconnect_0_0/bd_0/ip/ip_58/bd_98e7_m04wn_0_clocks.xdc]. These constraints will be ignored for synthesis but will be used in implementation. Impacted constraints are listed in the file [.Xil/video_out_pynq_z2_smartconnect_0_0_propImpl.xdc].
Resolution: To avoid this warning, move constraints listed in [.Xil/video_out_pynq_z2_smartconnect_0_0_propImpl.xdc] to another XDC file and exclude this new file from synthesis with the used_in_synthesis property (File Properties dialog in GUI) and re-run elaboration/synthesis.
Parsing XDC File [c:/selected_topics_hdmi/pyzq/hw/hw_proj/hw_proj.gen/sources_1/bd/video_out_pynq_z2/ip/video_out_pynq_z2_smartconnect_0_0/bd_0/ip/ip_59/bd_98e7_m04bn_0_clocks.xdc] for cell 'inst/m04_nodes/m04_b_node/inst'
Finished Parsing XDC File [c:/selected_topics_hdmi/pyzq/hw/hw_proj/hw_proj.gen/sources_1/bd/video_out_pynq_z2/ip/video_out_pynq_z2_smartconnect_0_0/bd_0/ip/ip_59/bd_98e7_m04bn_0_clocks.xdc] for cell 'inst/m04_nodes/m04_b_node/inst'
INFO: [Project 1-236] Implementation specific constraints were found while reading constraint file [c:/selected_topics_hdmi/pyzq/hw/hw_proj/hw_proj.gen/sources_1/bd/video_out_pynq_z2/ip/video_out_pynq_z2_smartconnect_0_0/bd_0/ip/ip_59/bd_98e7_m04bn_0_clocks.xdc]. These constraints will be ignored for synthesis but will be used in implementation. Impacted constraints are listed in the file [.Xil/video_out_pynq_z2_smartconnect_0_0_propImpl.xdc].
Resolution: To avoid this warning, move constraints listed in [.Xil/video_out_pynq_z2_smartconnect_0_0_propImpl.xdc] to another XDC file and exclude this new file from synthesis with the used_in_synthesis property (File Properties dialog in GUI) and re-run elaboration/synthesis.
Parsing XDC File [c:/selected_topics_hdmi/pyzq/hw/hw_proj/hw_proj.gen/sources_1/bd/video_out_pynq_z2/ip/video_out_pynq_z2_smartconnect_0_0/bd_0/ip/ip_62/bd_98e7_m05arn_0_clocks.xdc] for cell 'inst/m05_nodes/m05_ar_node/inst'
Finished Parsing XDC File [c:/selected_topics_hdmi/pyzq/hw/hw_proj/hw_proj.gen/sources_1/bd/video_out_pynq_z2/ip/video_out_pynq_z2_smartconnect_0_0/bd_0/ip/ip_62/bd_98e7_m05arn_0_clocks.xdc] for cell 'inst/m05_nodes/m05_ar_node/inst'
INFO: [Project 1-236] Implementation specific constraints were found while reading constraint file [c:/selected_topics_hdmi/pyzq/hw/hw_proj/hw_proj.gen/sources_1/bd/video_out_pynq_z2/ip/video_out_pynq_z2_smartconnect_0_0/bd_0/ip/ip_62/bd_98e7_m05arn_0_clocks.xdc]. These constraints will be ignored for synthesis but will be used in implementation. Impacted constraints are listed in the file [.Xil/video_out_pynq_z2_smartconnect_0_0_propImpl.xdc].
Resolution: To avoid this warning, move constraints listed in [.Xil/video_out_pynq_z2_smartconnect_0_0_propImpl.xdc] to another XDC file and exclude this new file from synthesis with the used_in_synthesis property (File Properties dialog in GUI) and re-run elaboration/synthesis.
Parsing XDC File [c:/selected_topics_hdmi/pyzq/hw/hw_proj/hw_proj.gen/sources_1/bd/video_out_pynq_z2/ip/video_out_pynq_z2_smartconnect_0_0/bd_0/ip/ip_63/bd_98e7_m05rn_0_clocks.xdc] for cell 'inst/m05_nodes/m05_r_node/inst'
Finished Parsing XDC File [c:/selected_topics_hdmi/pyzq/hw/hw_proj/hw_proj.gen/sources_1/bd/video_out_pynq_z2/ip/video_out_pynq_z2_smartconnect_0_0/bd_0/ip/ip_63/bd_98e7_m05rn_0_clocks.xdc] for cell 'inst/m05_nodes/m05_r_node/inst'
INFO: [Project 1-236] Implementation specific constraints were found while reading constraint file [c:/selected_topics_hdmi/pyzq/hw/hw_proj/hw_proj.gen/sources_1/bd/video_out_pynq_z2/ip/video_out_pynq_z2_smartconnect_0_0/bd_0/ip/ip_63/bd_98e7_m05rn_0_clocks.xdc]. These constraints will be ignored for synthesis but will be used in implementation. Impacted constraints are listed in the file [.Xil/video_out_pynq_z2_smartconnect_0_0_propImpl.xdc].
Resolution: To avoid this warning, move constraints listed in [.Xil/video_out_pynq_z2_smartconnect_0_0_propImpl.xdc] to another XDC file and exclude this new file from synthesis with the used_in_synthesis property (File Properties dialog in GUI) and re-run elaboration/synthesis.
Parsing XDC File [c:/selected_topics_hdmi/pyzq/hw/hw_proj/hw_proj.gen/sources_1/bd/video_out_pynq_z2/ip/video_out_pynq_z2_smartconnect_0_0/bd_0/ip/ip_64/bd_98e7_m05awn_0_clocks.xdc] for cell 'inst/m05_nodes/m05_aw_node/inst'
Finished Parsing XDC File [c:/selected_topics_hdmi/pyzq/hw/hw_proj/hw_proj.gen/sources_1/bd/video_out_pynq_z2/ip/video_out_pynq_z2_smartconnect_0_0/bd_0/ip/ip_64/bd_98e7_m05awn_0_clocks.xdc] for cell 'inst/m05_nodes/m05_aw_node/inst'
INFO: [Project 1-236] Implementation specific constraints were found while reading constraint file [c:/selected_topics_hdmi/pyzq/hw/hw_proj/hw_proj.gen/sources_1/bd/video_out_pynq_z2/ip/video_out_pynq_z2_smartconnect_0_0/bd_0/ip/ip_64/bd_98e7_m05awn_0_clocks.xdc]. These constraints will be ignored for synthesis but will be used in implementation. Impacted constraints are listed in the file [.Xil/video_out_pynq_z2_smartconnect_0_0_propImpl.xdc].
Resolution: To avoid this warning, move constraints listed in [.Xil/video_out_pynq_z2_smartconnect_0_0_propImpl.xdc] to another XDC file and exclude this new file from synthesis with the used_in_synthesis property (File Properties dialog in GUI) and re-run elaboration/synthesis.
Parsing XDC File [c:/selected_topics_hdmi/pyzq/hw/hw_proj/hw_proj.gen/sources_1/bd/video_out_pynq_z2/ip/video_out_pynq_z2_smartconnect_0_0/bd_0/ip/ip_65/bd_98e7_m05wn_0_clocks.xdc] for cell 'inst/m05_nodes/m05_w_node/inst'
Finished Parsing XDC File [c:/selected_topics_hdmi/pyzq/hw/hw_proj/hw_proj.gen/sources_1/bd/video_out_pynq_z2/ip/video_out_pynq_z2_smartconnect_0_0/bd_0/ip/ip_65/bd_98e7_m05wn_0_clocks.xdc] for cell 'inst/m05_nodes/m05_w_node/inst'
INFO: [Project 1-236] Implementation specific constraints were found while reading constraint file [c:/selected_topics_hdmi/pyzq/hw/hw_proj/hw_proj.gen/sources_1/bd/video_out_pynq_z2/ip/video_out_pynq_z2_smartconnect_0_0/bd_0/ip/ip_65/bd_98e7_m05wn_0_clocks.xdc]. These constraints will be ignored for synthesis but will be used in implementation. Impacted constraints are listed in the file [.Xil/video_out_pynq_z2_smartconnect_0_0_propImpl.xdc].
Resolution: To avoid this warning, move constraints listed in [.Xil/video_out_pynq_z2_smartconnect_0_0_propImpl.xdc] to another XDC file and exclude this new file from synthesis with the used_in_synthesis property (File Properties dialog in GUI) and re-run elaboration/synthesis.
Parsing XDC File [c:/selected_topics_hdmi/pyzq/hw/hw_proj/hw_proj.gen/sources_1/bd/video_out_pynq_z2/ip/video_out_pynq_z2_smartconnect_0_0/bd_0/ip/ip_66/bd_98e7_m05bn_0_clocks.xdc] for cell 'inst/m05_nodes/m05_b_node/inst'
Finished Parsing XDC File [c:/selected_topics_hdmi/pyzq/hw/hw_proj/hw_proj.gen/sources_1/bd/video_out_pynq_z2/ip/video_out_pynq_z2_smartconnect_0_0/bd_0/ip/ip_66/bd_98e7_m05bn_0_clocks.xdc] for cell 'inst/m05_nodes/m05_b_node/inst'
INFO: [Project 1-236] Implementation specific constraints were found while reading constraint file [c:/selected_topics_hdmi/pyzq/hw/hw_proj/hw_proj.gen/sources_1/bd/video_out_pynq_z2/ip/video_out_pynq_z2_smartconnect_0_0/bd_0/ip/ip_66/bd_98e7_m05bn_0_clocks.xdc]. These constraints will be ignored for synthesis but will be used in implementation. Impacted constraints are listed in the file [.Xil/video_out_pynq_z2_smartconnect_0_0_propImpl.xdc].
Resolution: To avoid this warning, move constraints listed in [.Xil/video_out_pynq_z2_smartconnect_0_0_propImpl.xdc] to another XDC file and exclude this new file from synthesis with the used_in_synthesis property (File Properties dialog in GUI) and re-run elaboration/synthesis.
Parsing XDC File [c:/selected_topics_hdmi/pyzq/hw/hw_proj/hw_proj.gen/sources_1/bd/video_out_pynq_z2/ip/video_out_pynq_z2_smartconnect_0_0/smartconnect.xdc] for cell 'inst'
Finished Parsing XDC File [c:/selected_topics_hdmi/pyzq/hw/hw_proj/hw_proj.gen/sources_1/bd/video_out_pynq_z2/ip/video_out_pynq_z2_smartconnect_0_0/smartconnect.xdc] for cell 'inst'
INFO: [Project 1-236] Implementation specific constraints were found while reading constraint file [c:/selected_topics_hdmi/pyzq/hw/hw_proj/hw_proj.gen/sources_1/bd/video_out_pynq_z2/ip/video_out_pynq_z2_smartconnect_0_0/smartconnect.xdc]. These constraints will be ignored for synthesis but will be used in implementation. Impacted constraints are listed in the file [.Xil/video_out_pynq_z2_smartconnect_0_0_propImpl.xdc].
Resolution: To avoid this warning, move constraints listed in [.Xil/video_out_pynq_z2_smartconnect_0_0_propImpl.xdc] to another XDC file and exclude this new file from synthesis with the used_in_synthesis property (File Properties dialog in GUI) and re-run elaboration/synthesis.
Parsing XDC File [C:/selected_topics_hdmi/pyzq/hw/hw_proj/hw_proj.runs/video_out_pynq_z2_smartconnect_0_0_synth_1/dont_touch.xdc]
Finished Parsing XDC File [C:/selected_topics_hdmi/pyzq/hw/hw_proj/hw_proj.runs/video_out_pynq_z2_smartconnect_0_0_synth_1/dont_touch.xdc]
INFO: [Project 1-1714] 89 XPM XDC files have been applied to the design.
Completed Processing XDC Constraints

Netlist sorting complete. Time (s): cpu = 00:00:00 ; elapsed = 00:00:00.013 . Memory (MB): peak = 2055.047 ; gain = 0.000
INFO: [Project 1-111] Unisim Transformation Summary:
  A total of 13 instances were transformed.
  FDR => FDRE: 12 instances
  SRL16 => SRL16E: 1 instance 

The system cannot find the path specified.
Constraint Validation Runtime : Time (s): cpu = 00:00:00 ; elapsed = 00:00:00.553 . Memory (MB): peak = 2084.129 ; gain = 29.082
INFO: [Designutils 20-5008] Incremental synthesis strategy off
---------------------------------------------------------------------------------
Finished Constraint Validation : Time (s): cpu = 00:00:53 ; elapsed = 00:00:55 . Memory (MB): peak = 2084.129 ; gain = 1144.219
---------------------------------------------------------------------------------
---------------------------------------------------------------------------------
Start Loading Part and Timing Information
---------------------------------------------------------------------------------
Loading part: xc7z020clg400-1
---------------------------------------------------------------------------------
Finished Loading Part and Timing Information : Time (s): cpu = 00:00:53 ; elapsed = 00:00:55 . Memory (MB): peak = 2084.129 ; gain = 1144.219
---------------------------------------------------------------------------------
---------------------------------------------------------------------------------
Start Applying 'set_property' XDC Constraints
---------------------------------------------------------------------------------
Applied set_property KEEP_HIERARCHY = SOFT for inst. (constraint file  C:/selected_topics_hdmi/pyzq/hw/hw_proj/hw_proj.runs/video_out_pynq_z2_smartconnect_0_0_synth_1/dont_touch.xdc, line 456).
Applied set_property KEEP_HIERARCHY = SOFT for inst/m00_nodes/m00_ar_node/inst/m_sc_xpm_cdc_async_rst_inst. (constraint file  auto generated constraint).
Applied set_property KEEP_HIERARCHY = SOFT for inst/m00_nodes/m00_aw_node/inst/m_sc_xpm_cdc_async_rst_inst. (constraint file  auto generated constraint).
Applied set_property KEEP_HIERARCHY = SOFT for inst/m00_nodes/m00_b_node/inst/m_sc_xpm_cdc_async_rst_inst. (constraint file  auto generated constraint).
Applied set_property KEEP_HIERARCHY = SOFT for inst/m00_nodes/m00_r_node/inst/m_sc_xpm_cdc_async_rst_inst. (constraint file  auto generated constraint).
Applied set_property KEEP_HIERARCHY = SOFT for inst/m00_nodes/m00_w_node/inst/m_sc_xpm_cdc_async_rst_inst. (constraint file  auto generated constraint).
Applied set_property KEEP_HIERARCHY = SOFT for inst/m01_nodes/m01_ar_node/inst/m_sc_xpm_cdc_async_rst_inst. (constraint file  auto generated constraint).
Applied set_property KEEP_HIERARCHY = SOFT for inst/m01_nodes/m01_aw_node/inst/m_sc_xpm_cdc_async_rst_inst. (constraint file  auto generated constraint).
Applied set_property KEEP_HIERARCHY = SOFT for inst/m01_nodes/m01_b_node/inst/m_sc_xpm_cdc_async_rst_inst. (constraint file  auto generated constraint).
Applied set_property KEEP_HIERARCHY = SOFT for inst/m01_nodes/m01_r_node/inst/m_sc_xpm_cdc_async_rst_inst. (constraint file  auto generated constraint).
Applied set_property KEEP_HIERARCHY = SOFT for inst/m01_nodes/m01_w_node/inst/m_sc_xpm_cdc_async_rst_inst. (constraint file  auto generated constraint).
Applied set_property KEEP_HIERARCHY = SOFT for inst/m02_nodes/m02_ar_node/inst/m_sc_xpm_cdc_async_rst_inst. (constraint file  auto generated constraint).
Applied set_property KEEP_HIERARCHY = SOFT for inst/m02_nodes/m02_aw_node/inst/m_sc_xpm_cdc_async_rst_inst. (constraint file  auto generated constraint).
Applied set_property KEEP_HIERARCHY = SOFT for inst/m02_nodes/m02_b_node/inst/m_sc_xpm_cdc_async_rst_inst. (constraint file  auto generated constraint).
Applied set_property KEEP_HIERARCHY = SOFT for inst/m02_nodes/m02_r_node/inst/m_sc_xpm_cdc_async_rst_inst. (constraint file  auto generated constraint).
Applied set_property KEEP_HIERARCHY = SOFT for inst/m02_nodes/m02_w_node/inst/m_sc_xpm_cdc_async_rst_inst. (constraint file  auto generated constraint).
Applied set_property KEEP_HIERARCHY = SOFT for inst/m03_nodes/m03_ar_node/inst/m_sc_xpm_cdc_async_rst_inst. (constraint file  auto generated constraint).
Applied set_property KEEP_HIERARCHY = SOFT for inst/m03_nodes/m03_aw_node/inst/m_sc_xpm_cdc_async_rst_inst. (constraint file  auto generated constraint).
Applied set_property KEEP_HIERARCHY = SOFT for inst/m03_nodes/m03_b_node/inst/m_sc_xpm_cdc_async_rst_inst. (constraint file  auto generated constraint).
Applied set_property KEEP_HIERARCHY = SOFT for inst/m03_nodes/m03_r_node/inst/m_sc_xpm_cdc_async_rst_inst. (constraint file  auto generated constraint).
Applied set_property KEEP_HIERARCHY = SOFT for inst/m03_nodes/m03_w_node/inst/m_sc_xpm_cdc_async_rst_inst. (constraint file  auto generated constraint).
Applied set_property KEEP_HIERARCHY = SOFT for inst/m04_nodes/m04_ar_node/inst/m_sc_xpm_cdc_async_rst_inst. (constraint file  auto generated constraint).
Applied set_property KEEP_HIERARCHY = SOFT for inst/m04_nodes/m04_aw_node/inst/m_sc_xpm_cdc_async_rst_inst. (constraint file  auto generated constraint).
Applied set_property KEEP_HIERARCHY = SOFT for inst/m04_nodes/m04_b_node/inst/m_sc_xpm_cdc_async_rst_inst. (constraint file  auto generated constraint).
Applied set_property KEEP_HIERARCHY = SOFT for inst/m04_nodes/m04_r_node/inst/m_sc_xpm_cdc_async_rst_inst. (constraint file  auto generated constraint).
Applied set_property KEEP_HIERARCHY = SOFT for inst/m04_nodes/m04_w_node/inst/m_sc_xpm_cdc_async_rst_inst. (constraint file  auto generated constraint).
Applied set_property KEEP_HIERARCHY = SOFT for inst/m05_nodes/m05_ar_node/inst/m_sc_xpm_cdc_async_rst_inst. (constraint file  auto generated constraint).
Applied set_property KEEP_HIERARCHY = SOFT for inst/m05_nodes/m05_aw_node/inst/m_sc_xpm_cdc_async_rst_inst. (constraint file  auto generated constraint).
Applied set_property KEEP_HIERARCHY = SOFT for inst/m05_nodes/m05_b_node/inst/m_sc_xpm_cdc_async_rst_inst. (constraint file  auto generated constraint).
Applied set_property KEEP_HIERARCHY = SOFT for inst/m05_nodes/m05_r_node/inst/m_sc_xpm_cdc_async_rst_inst. (constraint file  auto generated constraint).
Applied set_property KEEP_HIERARCHY = SOFT for inst/m05_nodes/m05_w_node/inst/m_sc_xpm_cdc_async_rst_inst. (constraint file  auto generated constraint).
Applied set_property KEEP_HIERARCHY = SOFT for inst/s00_nodes/s00_ar_node/inst/m_sc_xpm_cdc_async_rst_inst. (constraint file  auto generated constraint).
Applied set_property KEEP_HIERARCHY = SOFT for inst/s00_nodes/s00_aw_node/inst/m_sc_xpm_cdc_async_rst_inst. (constraint file  auto generated constraint).
Applied set_property KEEP_HIERARCHY = SOFT for inst/s00_nodes/s00_b_node/inst/m_sc_xpm_cdc_async_rst_inst. (constraint file  auto generated constraint).
Applied set_property KEEP_HIERARCHY = SOFT for inst/s00_nodes/s00_r_node/inst/m_sc_xpm_cdc_async_rst_inst. (constraint file  auto generated constraint).
Applied set_property KEEP_HIERARCHY = SOFT for inst/s00_nodes/s00_w_node/inst/m_sc_xpm_cdc_async_rst_inst. (constraint file  auto generated constraint).
Applied set_property KEEP_HIERARCHY = SOFT for inst/switchboards/i_nodes/i_ar_node/inst/m_sc_xpm_cdc_async_rst_inst. (constraint file  auto generated constraint).
Applied set_property KEEP_HIERARCHY = SOFT for inst/switchboards/i_nodes/i_aw_node/inst/m_sc_xpm_cdc_async_rst_inst. (constraint file  auto generated constraint).
Applied set_property KEEP_HIERARCHY = SOFT for inst/switchboards/i_nodes/i_b_node/inst/m_sc_xpm_cdc_async_rst_inst. (constraint file  auto generated constraint).
Applied set_property KEEP_HIERARCHY = SOFT for inst/switchboards/i_nodes/i_r_node/inst/m_sc_xpm_cdc_async_rst_inst. (constraint file  auto generated constraint).
Applied set_property KEEP_HIERARCHY = SOFT for inst/switchboards/i_nodes/i_w_node/inst/m_sc_xpm_cdc_async_rst_inst. (constraint file  auto generated constraint).
Applied set_property KEEP_HIERARCHY = SOFT for inst/m00_nodes/m00_ar_node/inst/s_sc_xpm_cdc_async_rst_inst. (constraint file  auto generated constraint).
Applied set_property KEEP_HIERARCHY = SOFT for inst/m00_nodes/m00_aw_node/inst/s_sc_xpm_cdc_async_rst_inst. (constraint file  auto generated constraint).
Applied set_property KEEP_HIERARCHY = SOFT for inst/m00_nodes/m00_b_node/inst/s_sc_xpm_cdc_async_rst_inst. (constraint file  auto generated constraint).
Applied set_property KEEP_HIERARCHY = SOFT for inst/m00_nodes/m00_r_node/inst/s_sc_xpm_cdc_async_rst_inst. (constraint file  auto generated constraint).
Applied set_property KEEP_HIERARCHY = SOFT for inst/m00_nodes/m00_w_node/inst/s_sc_xpm_cdc_async_rst_inst. (constraint file  auto generated constraint).
Applied set_property KEEP_HIERARCHY = SOFT for inst/m01_nodes/m01_ar_node/inst/s_sc_xpm_cdc_async_rst_inst. (constraint file  auto generated constraint).
Applied set_property KEEP_HIERARCHY = SOFT for inst/m01_nodes/m01_aw_node/inst/s_sc_xpm_cdc_async_rst_inst. (constraint file  auto generated constraint).
Applied set_property KEEP_HIERARCHY = SOFT for inst/m01_nodes/m01_b_node/inst/s_sc_xpm_cdc_async_rst_inst. (constraint file  auto generated constraint).
Applied set_property KEEP_HIERARCHY = SOFT for inst/m01_nodes/m01_r_node/inst/s_sc_xpm_cdc_async_rst_inst. (constraint file  auto generated constraint).
Applied set_property KEEP_HIERARCHY = SOFT for inst/m01_nodes/m01_w_node/inst/s_sc_xpm_cdc_async_rst_inst. (constraint file  auto generated constraint).
Applied set_property KEEP_HIERARCHY = SOFT for inst/m02_nodes/m02_ar_node/inst/s_sc_xpm_cdc_async_rst_inst. (constraint file  auto generated constraint).
Applied set_property KEEP_HIERARCHY = SOFT for inst/m02_nodes/m02_aw_node/inst/s_sc_xpm_cdc_async_rst_inst. (constraint file  auto generated constraint).
Applied set_property KEEP_HIERARCHY = SOFT for inst/m02_nodes/m02_b_node/inst/s_sc_xpm_cdc_async_rst_inst. (constraint file  auto generated constraint).
Applied set_property KEEP_HIERARCHY = SOFT for inst/m02_nodes/m02_r_node/inst/s_sc_xpm_cdc_async_rst_inst. (constraint file  auto generated constraint).
Applied set_property KEEP_HIERARCHY = SOFT for inst/m02_nodes/m02_w_node/inst/s_sc_xpm_cdc_async_rst_inst. (constraint file  auto generated constraint).
Applied set_property KEEP_HIERARCHY = SOFT for inst/m03_nodes/m03_ar_node/inst/s_sc_xpm_cdc_async_rst_inst. (constraint file  auto generated constraint).
Applied set_property KEEP_HIERARCHY = SOFT for inst/m03_nodes/m03_aw_node/inst/s_sc_xpm_cdc_async_rst_inst. (constraint file  auto generated constraint).
Applied set_property KEEP_HIERARCHY = SOFT for inst/m03_nodes/m03_b_node/inst/s_sc_xpm_cdc_async_rst_inst. (constraint file  auto generated constraint).
Applied set_property KEEP_HIERARCHY = SOFT for inst/m03_nodes/m03_r_node/inst/s_sc_xpm_cdc_async_rst_inst. (constraint file  auto generated constraint).
Applied set_property KEEP_HIERARCHY = SOFT for inst/m03_nodes/m03_w_node/inst/s_sc_xpm_cdc_async_rst_inst. (constraint file  auto generated constraint).
Applied set_property KEEP_HIERARCHY = SOFT for inst/m04_nodes/m04_ar_node/inst/s_sc_xpm_cdc_async_rst_inst. (constraint file  auto generated constraint).
Applied set_property KEEP_HIERARCHY = SOFT for inst/m04_nodes/m04_aw_node/inst/s_sc_xpm_cdc_async_rst_inst. (constraint file  auto generated constraint).
Applied set_property KEEP_HIERARCHY = SOFT for inst/m04_nodes/m04_b_node/inst/s_sc_xpm_cdc_async_rst_inst. (constraint file  auto generated constraint).
Applied set_property KEEP_HIERARCHY = SOFT for inst/m04_nodes/m04_r_node/inst/s_sc_xpm_cdc_async_rst_inst. (constraint file  auto generated constraint).
Applied set_property KEEP_HIERARCHY = SOFT for inst/m04_nodes/m04_w_node/inst/s_sc_xpm_cdc_async_rst_inst. (constraint file  auto generated constraint).
Applied set_property KEEP_HIERARCHY = SOFT for inst/m05_nodes/m05_ar_node/inst/s_sc_xpm_cdc_async_rst_inst. (constraint file  auto generated constraint).
Applied set_property KEEP_HIERARCHY = SOFT for inst/m05_nodes/m05_aw_node/inst/s_sc_xpm_cdc_async_rst_inst. (constraint file  auto generated constraint).
Applied set_property KEEP_HIERARCHY = SOFT for inst/m05_nodes/m05_b_node/inst/s_sc_xpm_cdc_async_rst_inst. (constraint file  auto generated constraint).
Applied set_property KEEP_HIERARCHY = SOFT for inst/m05_nodes/m05_r_node/inst/s_sc_xpm_cdc_async_rst_inst. (constraint file  auto generated constraint).
Applied set_property KEEP_HIERARCHY = SOFT for inst/m05_nodes/m05_w_node/inst/s_sc_xpm_cdc_async_rst_inst. (constraint file  auto generated constraint).
Applied set_property KEEP_HIERARCHY = SOFT for inst/s00_nodes/s00_ar_node/inst/s_sc_xpm_cdc_async_rst_inst. (constraint file  auto generated constraint).
Applied set_property KEEP_HIERARCHY = SOFT for inst/s00_nodes/s00_aw_node/inst/s_sc_xpm_cdc_async_rst_inst. (constraint file  auto generated constraint).
Applied set_property KEEP_HIERARCHY = SOFT for inst/s00_nodes/s00_b_node/inst/s_sc_xpm_cdc_async_rst_inst. (constraint file  auto generated constraint).
Applied set_property KEEP_HIERARCHY = SOFT for inst/s00_nodes/s00_r_node/inst/s_sc_xpm_cdc_async_rst_inst. (constraint file  auto generated constraint).
Applied set_property KEEP_HIERARCHY = SOFT for inst/s00_nodes/s00_w_node/inst/s_sc_xpm_cdc_async_rst_inst. (constraint file  auto generated constraint).
Applied set_property KEEP_HIERARCHY = SOFT for inst/switchboards/i_nodes/i_ar_node/inst/s_sc_xpm_cdc_async_rst_inst. (constraint file  auto generated constraint).
Applied set_property KEEP_HIERARCHY = SOFT for inst/switchboards/i_nodes/i_aw_node/inst/s_sc_xpm_cdc_async_rst_inst. (constraint file  auto generated constraint).
Applied set_property KEEP_HIERARCHY = SOFT for inst/switchboards/i_nodes/i_b_node/inst/s_sc_xpm_cdc_async_rst_inst. (constraint file  auto generated constraint).
Applied set_property KEEP_HIERARCHY = SOFT for inst/switchboards/i_nodes/i_r_node/inst/s_sc_xpm_cdc_async_rst_inst. (constraint file  auto generated constraint).
Applied set_property KEEP_HIERARCHY = SOFT for inst/switchboards/i_nodes/i_w_node/inst/s_sc_xpm_cdc_async_rst_inst. (constraint file  auto generated constraint).
Applied set_property KEEP_HIERARCHY = SOFT for inst/m00_exit_pipeline/m00_exit/inst/xpm_cdc_async_rst_inst. (constraint file  auto generated constraint).
Applied set_property KEEP_HIERARCHY = SOFT for inst/m01_exit_pipeline/m01_exit/inst/xpm_cdc_async_rst_inst. (constraint file  auto generated constraint).
Applied set_property KEEP_HIERARCHY = SOFT for inst/m02_exit_pipeline/m02_exit/inst/xpm_cdc_async_rst_inst. (constraint file  auto generated constraint).
Applied set_property KEEP_HIERARCHY = SOFT for inst/m03_exit_pipeline/m03_exit/inst/xpm_cdc_async_rst_inst. (constraint file  auto generated constraint).
Applied set_property KEEP_HIERARCHY = SOFT for inst/m04_exit_pipeline/m04_exit/inst/xpm_cdc_async_rst_inst. (constraint file  auto generated constraint).
Applied set_property KEEP_HIERARCHY = SOFT for inst/m05_exit_pipeline/m05_exit/inst/xpm_cdc_async_rst_inst. (constraint file  auto generated constraint).
Applied set_property KEEP_HIERARCHY = SOFT for inst/s00_entry_pipeline/s00_mmu/inst/xpm_cdc_async_rst_inst. (constraint file  auto generated constraint).
Applied set_property KEEP_HIERARCHY = SOFT for inst/s00_entry_pipeline/s00_si_converter/inst/xpm_cdc_async_rst_inst. (constraint file  auto generated constraint).
Applied set_property KEEP_HIERARCHY = SOFT for inst/s00_entry_pipeline/s00_transaction_regulator/inst/xpm_cdc_async_rst_inst. (constraint file  auto generated constraint).
---------------------------------------------------------------------------------
Finished applying 'set_property' XDC Constraints : Time (s): cpu = 00:00:54 ; elapsed = 00:00:56 . Memory (MB): peak = 2084.129 ; gain = 1144.219
---------------------------------------------------------------------------------
INFO: [Synth 8-802] inferred FSM for state register 'gen_axi.gen_write.write_cs_reg' in module 'sc_mmu_v1_0_12_decerr_slave'
INFO: [Synth 8-802] inferred FSM for state register 'w_state_reg' in module 'sc_si_converter_v1_0_12_axilite_conv'
INFO: [Synth 8-802] inferred FSM for state register 'r_state_reg' in module 'sc_si_converter_v1_0_12_axilite_conv'
---------------------------------------------------------------------------------------------------
                   State |                     New Encoding |                Previous Encoding 
---------------------------------------------------------------------------------------------------
            P_WRITE_IDLE |                              001 |                               00
            P_WRITE_DATA |                              010 |                               01
            P_WRITE_RESP |                              100 |                               10
---------------------------------------------------------------------------------------------------
INFO: [Synth 8-3354] encoded FSM with state register 'gen_axi.gen_write.write_cs_reg' using encoding 'one-hot' in module 'sc_mmu_v1_0_12_decerr_slave'
---------------------------------------------------------------------------------------------------
                   State |                     New Encoding |                Previous Encoding 
---------------------------------------------------------------------------------------------------
                  W_IDLE |                              000 | 00000000000000000000000000000000
                    W_RX |                              001 | 00000000000000000000000000000001
                    W_TX |                              010 | 00000000000000000000000000000010
              W_COMPLETE |                              011 | 00000000000000000000000000000100
               W_RECOVER |                              100 | 00000000000000000000000000000011
---------------------------------------------------------------------------------------------------
INFO: [Synth 8-3354] encoded FSM with state register 'w_state_reg' using encoding 'sequential' in module 'sc_si_converter_v1_0_12_axilite_conv'
---------------------------------------------------------------------------------------------------
                   State |                     New Encoding |                Previous Encoding 
---------------------------------------------------------------------------------------------------
                  R_IDLE |                               00 | 00000000000000000000000000000000
               R_PENDING |                               01 | 00000000000000000000000000000001
                    R_RX |                               10 | 00000000000000000000000000000010
                    R_TX |                               11 | 00000000000000000000000000000011
---------------------------------------------------------------------------------------------------
INFO: [Synth 8-3354] encoded FSM with state register 'r_state_reg' using encoding 'sequential' in module 'sc_si_converter_v1_0_12_axilite_conv'
---------------------------------------------------------------------------------
Finished RTL Optimization Phase 2 : Time (s): cpu = 00:01:00 ; elapsed = 00:01:03 . Memory (MB): peak = 2084.129 ; gain = 1144.219
---------------------------------------------------------------------------------
---------------------------------------------------------------------------------
Start RTL Component Statistics 
---------------------------------------------------------------------------------
Detailed RTL Component Info : 
+---Adders : 
	   2 Input   12 Bit       Adders := 2     
	   2 Input   10 Bit       Adders := 1     
	   2 Input    9 Bit       Adders := 3     
	   2 Input    8 Bit       Adders := 3     
	   2 Input    7 Bit       Adders := 2     
	   2 Input    6 Bit       Adders := 1     
	   2 Input    4 Bit       Adders := 40    
	   2 Input    3 Bit       Adders := 1     
	   2 Input    2 Bit       Adders := 12    
	   3 Input    1 Bit       Adders := 16    
	   2 Input    1 Bit       Adders := 5     
+---XORs : 
	   2 Input      1 Bit         XORs := 152   
+---Registers : 
	             2178 Bit    Registers := 4     
	              512 Bit    Registers := 1     
	              168 Bit    Registers := 2     
	               82 Bit    Registers := 1     
	               73 Bit    Registers := 1     
	               64 Bit    Registers := 4     
	               47 Bit    Registers := 6     
	               33 Bit    Registers := 6     
	               32 Bit    Registers := 4     
	               27 Bit    Registers := 1     
	               12 Bit    Registers := 5     
	                9 Bit    Registers := 4     
	                8 Bit    Registers := 5     
	                7 Bit    Registers := 3     
	                6 Bit    Registers := 5     
	                5 Bit    Registers := 3     
	                4 Bit    Registers := 41    
	                3 Bit    Registers := 96    
	                2 Bit    Registers := 36    
	                1 Bit    Registers := 478   
+---Muxes : 
	   2 Input 2178 Bit        Muxes := 2     
	   2 Input  149 Bit        Muxes := 14    
	   2 Input   59 Bit        Muxes := 7     
	   2 Input   55 Bit        Muxes := 1     
	   2 Input   32 Bit        Muxes := 2     
	   4 Input   32 Bit        Muxes := 2     
	   2 Input   12 Bit        Muxes := 8     
	   5 Input   12 Bit        Muxes := 1     
	   5 Input    9 Bit        Muxes := 1     
	   2 Input    9 Bit        Muxes := 5     
	   2 Input    8 Bit        Muxes := 3     
	   4 Input    8 Bit        Muxes := 1     
	   4 Input    7 Bit        Muxes := 1     
	   2 Input    7 Bit        Muxes := 8     
	   2 Input    6 Bit        Muxes := 7     
	   2 Input    3 Bit        Muxes := 10    
	   4 Input    3 Bit        Muxes := 2     
	   5 Input    3 Bit        Muxes := 1     
	   2 Input    2 Bit        Muxes := 63    
	   5 Input    2 Bit        Muxes := 1     
	   4 Input    2 Bit        Muxes := 4     
	   2 Input    1 Bit        Muxes := 177   
	   3 Input    1 Bit        Muxes := 9     
	   6 Input    1 Bit        Muxes := 8     
	   4 Input    1 Bit        Muxes := 25    
	  10 Input    1 Bit        Muxes := 6     
	   7 Input    1 Bit        Muxes := 4     
	   5 Input    1 Bit        Muxes := 16    
---------------------------------------------------------------------------------
Finished RTL Component Statistics 
---------------------------------------------------------------------------------
---------------------------------------------------------------------------------
Start Part Resource Summary
---------------------------------------------------------------------------------
Part Resources:
DSPs: 220 (col length:60)
BRAMs: 280 (col length: RAMB18 60 RAMB36 30)
---------------------------------------------------------------------------------
Finished Part Resource Summary
---------------------------------------------------------------------------------
---------------------------------------------------------------------------------
Start Cross Boundary and Area Optimization
---------------------------------------------------------------------------------
WARNING: [Synth 8-7080] Parallel synthesis criteria is not met
---------------------------------------------------------------------------------
Finished Cross Boundary and Area Optimization : Time (s): cpu = 00:01:21 ; elapsed = 00:01:24 . Memory (MB): peak = 2084.129 ; gain = 1144.219
---------------------------------------------------------------------------------
---------------------------------------------------------------------------------
Start Applying XDC Timing Constraints
---------------------------------------------------------------------------------
---------------------------------------------------------------------------------
Finished Applying XDC Timing Constraints : Time (s): cpu = 00:01:27 ; elapsed = 00:01:31 . Memory (MB): peak = 2084.129 ; gain = 1144.219
---------------------------------------------------------------------------------
---------------------------------------------------------------------------------
Start Timing Optimization
---------------------------------------------------------------------------------
---------------------------------------------------------------------------------
Finished Timing Optimization : Time (s): cpu = 00:01:28 ; elapsed = 00:01:31 . Memory (MB): peak = 2084.129 ; gain = 1144.219
---------------------------------------------------------------------------------
---------------------------------------------------------------------------------
Start Technology Mapping
---------------------------------------------------------------------------------
---------------------------------------------------------------------------------
Finished Technology Mapping : Time (s): cpu = 00:01:30 ; elapsed = 00:01:34 . Memory (MB): peak = 2084.129 ; gain = 1144.219
---------------------------------------------------------------------------------
---------------------------------------------------------------------------------
Start IO Insertion
---------------------------------------------------------------------------------
---------------------------------------------------------------------------------
Start Flattening Before IO Insertion
---------------------------------------------------------------------------------
---------------------------------------------------------------------------------
Finished Flattening Before IO Insertion
---------------------------------------------------------------------------------
---------------------------------------------------------------------------------
Start Final Netlist Cleanup
---------------------------------------------------------------------------------
---------------------------------------------------------------------------------
Finished Final Netlist Cleanup
---------------------------------------------------------------------------------
---------------------------------------------------------------------------------
Finished IO Insertion : Time (s): cpu = 00:01:37 ; elapsed = 00:01:41 . Memory (MB): peak = 2084.129 ; gain = 1144.219
---------------------------------------------------------------------------------
---------------------------------------------------------------------------------
Start Renaming Generated Instances
---------------------------------------------------------------------------------
---------------------------------------------------------------------------------
Finished Renaming Generated Instances : Time (s): cpu = 00:01:37 ; elapsed = 00:01:41 . Memory (MB): peak = 2084.129 ; gain = 1144.219
---------------------------------------------------------------------------------
---------------------------------------------------------------------------------
Start Rebuilding User Hierarchy
---------------------------------------------------------------------------------
---------------------------------------------------------------------------------
Finished Rebuilding User Hierarchy : Time (s): cpu = 00:01:37 ; elapsed = 00:01:41 . Memory (MB): peak = 2084.129 ; gain = 1144.219
---------------------------------------------------------------------------------
---------------------------------------------------------------------------------
Start Renaming Generated Ports
---------------------------------------------------------------------------------
---------------------------------------------------------------------------------
Finished Renaming Generated Ports : Time (s): cpu = 00:01:38 ; elapsed = 00:01:41 . Memory (MB): peak = 2084.129 ; gain = 1144.219
---------------------------------------------------------------------------------
---------------------------------------------------------------------------------
Start Handling Custom Attributes
---------------------------------------------------------------------------------
---------------------------------------------------------------------------------
Finished Handling Custom Attributes : Time (s): cpu = 00:01:38 ; elapsed = 00:01:41 . Memory (MB): peak = 2084.129 ; gain = 1144.219
---------------------------------------------------------------------------------
---------------------------------------------------------------------------------
Start Renaming Generated Nets
---------------------------------------------------------------------------------
---------------------------------------------------------------------------------
Finished Renaming Generated Nets : Time (s): cpu = 00:01:38 ; elapsed = 00:01:41 . Memory (MB): peak = 2084.129 ; gain = 1144.219
---------------------------------------------------------------------------------
---------------------------------------------------------------------------------
Start Writing Synthesis Report
---------------------------------------------------------------------------------

Report BlackBoxes: 
+-+--------------+----------+
| |BlackBox name |Instances |
+-+--------------+----------+
+-+--------------+----------+

Report Cell Usage: 
+------+-------+------+
|      |Cell   |Count |
+------+-------+------+
|1     |CARRY4 |     5|
|2     |LUT1   |   238|
|3     |LUT2   |   173|
|4     |LUT3   |   204|
|5     |LUT4   |    97|
|6     |LUT5   |   211|
|7     |LUT6   |   258|
|8     |SRL16  |     1|
|9     |FDCE   |   267|
|10    |FDR    |     4|
|11    |FDRE   |   718|
|12    |FDSE   |    58|
+------+-------+------+
---------------------------------------------------------------------------------
Finished Writing Synthesis Report : Time (s): cpu = 00:01:38 ; elapsed = 00:01:41 . Memory (MB): peak = 2084.129 ; gain = 1144.219
---------------------------------------------------------------------------------
Synthesis finished with 0 errors, 0 critical warnings and 2061 warnings.
Synthesis Optimization Runtime : Time (s): cpu = 00:00:53 ; elapsed = 00:01:15 . Memory (MB): peak = 2084.129 ; gain = 704.855
Synthesis Optimization Complete : Time (s): cpu = 00:01:38 ; elapsed = 00:01:42 . Memory (MB): peak = 2084.129 ; gain = 1144.219
INFO: [Project 1-571] Translating synthesized netlist
Netlist sorting complete. Time (s): cpu = 00:00:00 ; elapsed = 00:00:00.435 . Memory (MB): peak = 2084.129 ; gain = 0.000
INFO: [Netlist 29-17] Analyzing 10 Unisim elements for replacement
INFO: [Netlist 29-28] Unisim Transformation completed in 0 CPU seconds
INFO: [Project 1-570] Preparing netlist for logic optimization
INFO: [Opt 31-138] Pushed 0 inverter(s) to 0 load pin(s).
Netlist sorting complete. Time (s): cpu = 00:00:00 ; elapsed = 00:00:00.003 . Memory (MB): peak = 2084.129 ; gain = 0.000
INFO: [Project 1-111] Unisim Transformation Summary:
  A total of 5 instances were transformed.
  FDR => FDRE: 4 instances
  SRL16 => SRL16E: 1 instance 

The system cannot find the path specified.
Synth Design complete | Checksum: f21ea645
INFO: [Common 17-83] Releasing license: Synthesis
276 Infos, 107 Warnings, 0 Critical Warnings and 0 Errors encountered.
synth_design completed successfully
synth_design: Time (s): cpu = 00:01:46 ; elapsed = 00:01:51 . Memory (MB): peak = 2084.129 ; gain = 1570.883
Write ShapeDB Complete: Time (s): cpu = 00:00:00 ; elapsed = 00:00:00.005 . Memory (MB): peak = 2084.129 ; gain = 0.000
INFO: [Common 17-1381] The checkpoint 'C:/selected_topics_hdmi/pyzq/hw/hw_proj/hw_proj.runs/video_out_pynq_z2_smartconnect_0_0_synth_1/video_out_pynq_z2_smartconnect_0_0.dcp' has been generated.
INFO: [Coretcl 2-1648] Added synthesis output to IP cache for IP video_out_pynq_z2_smartconnect_0_0, cache-ID = b88e383a9f114fa1
INFO: [Coretcl 2-1174] Renamed 331 cell refs.
Write ShapeDB Complete: Time (s): cpu = 00:00:00 ; elapsed = 00:00:00.006 . Memory (MB): peak = 2084.129 ; gain = 0.000
INFO: [Common 17-1381] The checkpoint 'C:/selected_topics_hdmi/pyzq/hw/hw_proj/hw_proj.runs/video_out_pynq_z2_smartconnect_0_0_synth_1/video_out_pynq_z2_smartconnect_0_0.dcp' has been generated.
INFO: [runtcl-4] Executing : report_utilization -file video_out_pynq_z2_smartconnect_0_0_utilization_synth.rpt -pb video_out_pynq_z2_smartconnect_0_0_utilization_synth.pb
INFO: [Common 17-206] Exiting Vivado at Sat May  9 01:34:43 2026...
