#-----------------------------------------------------------
# Vivado v2023.2 (64-bit)
# SW Build 4029153 on Fri Oct 13 20:14:34 MDT 2023
# IP Build 4028589 on Sat Oct 14 00:45:43 MDT 2023
# SharedData Build 4025554 on Tue Oct 10 17:18:54 MDT 2023
# Start of session at: Fri May  8 21:29:11 2026
# Process ID: 36436
# Current directory: C:/selected_topics_hdmi/pyzq/hw
# Command line: vivado.exe -mode tcl -nojournal -source .\create_proj.tcl
# Log file: C:/selected_topics_hdmi/pyzq/hw/vivado.log
# Journal file: 
# Running On: NICHOLAS, OS: Windows, CPU Frequency: 1996 MHz, CPU Physical cores: 24, Host memory: 33412 MB
#-----------------------------------------------------------
source {.\create_proj.tcl}
# set scripts_vivado_version "2023.2"
# set current_vivado_version [version -short]
# if { [string first $scripts_vivado_version $current_vivado_version] == -1 } {
#    puts "The version $current_vivado_version is not supported. Supported versions are $scripts_vivado_version"
#    return 1
# }
# set project_name hw_proj
# set BD_name      video_out_pynq_z2
# proc find_hls_ip_repo {} {
#     set candidates [list \
#         "./hls_gray_ip/hls_export/myip" \
#     ]
# 
#     foreach c $candidates {
#         set abs_c [file normalize $c]
#         if {![file exists $abs_c]} {
#             continue
#         }
# 
#         # Case 1: component.xml is directly in this folder
#         if {[file exists [file join $abs_c component.xml]]} {
#             return $abs_c
#         }
# 
#         # Case 2: component.xml is one level below
#         set subdirs [glob -nocomplain -directory $abs_c *]
#         foreach s $subdirs {
#             if {[file isdirectory $s] && [file exists [file join $s component.xml]]} {
#                 return [file normalize $s]
#             }
#         }
#     }
# 
#     return ""
# }
# create_project $project_name ./$project_name -part xc7z020clg400-1
# set_property target_language Verilog [current_project]
# if {[string equal [get_filesets -quiet sources_1] ""]} {
#   create_fileset -srcset sources_1
# }
# if {[string equal [get_filesets -quiet constrs_1] ""]} {
#   create_fileset -constrset -quiet constrs_1
# }
# add_files -fileset constrs_1 -norecurse -scan_for_includes ./src/constr
WARNING: [filemgmt 20-732] Unsupported fileset type "Constraints" being added.  The fileset "constrs_1" will not take part in the DesignGraph.
# import_files -fileset constrs_1 -norecurse ./src/constr
# if {[string equal [get_filesets -quiet sim_1] ""]} {
#   create_fileset -simset sim_1
# }
# set ip_repos [list \
#     [file normalize "../vivado-library"] \
#     [file normalize "./ip_repo"] \
# ]
# set hls_ip_repo [find_hls_ip_repo]
# if {$hls_ip_repo ne ""} {
#     puts "INFO: Found HLS IP repository at: $hls_ip_repo"
#     lappend ip_repos $hls_ip_repo
# } else {
#     puts "WARNING: HLS IP repository not found."
#     puts "WARNING: Expected path like ./hls_gray_ip/hls_export/myip containing component.xml"
# }
INFO: Found HLS IP repository at: C:/selected_topics_hdmi/pyzq/hw/hls_gray_ip/hls_export/myip
# set_property ip_repo_paths $ip_repos [current_project]
# update_ip_catalog
INFO: [IP_Flow 19-234] Refreshing IP repositories
INFO: [IP_Flow 19-1700] Loaded user IP repository 'c:/selected_topics_hdmi/pyzq/vivado-library'.
INFO: [IP_Flow 19-1700] Loaded user IP repository 'c:/selected_topics_hdmi/pyzq/hw/ip_repo'.
INFO: [IP_Flow 19-1700] Loaded user IP repository 'c:/selected_topics_hdmi/pyzq/hw/hls_gray_ip/hls_export/myip'.
INFO: [IP_Flow 19-2313] Loaded Vivado IP repository 'C:/Xilinx_vitis/Vivado/2023.2/data/ip'.
# set design_name $BD_name
# source ./src/bd.tcl
## namespace eval _tcl {
## proc get_script_folder {} {
##    set script_path [file normalize [info script]]
##    set script_folder [file dirname $script_path]
##    return $script_folder
## }
## }
## variable script_folder
## set script_folder [_tcl::get_script_folder]
## set scripts_vivado_version 2023.2
## set current_vivado_version [version -short]
## if { [string first $scripts_vivado_version $current_vivado_version] == -1 } {
##    puts ""
##    if { [string compare $scripts_vivado_version $current_vivado_version] > 0 } {
##       catch {common::send_gid_msg -ssname BD::TCL -id 2042 -severity "ERROR" " This script was generated using Vivado <$scripts_vivado_version> and is being run in <$current_vivado_version> of Vivado. Sourcing the script failed since it was created with a future version of Vivado."}
## 
##    } else {
##      catch {common::send_gid_msg -ssname BD::TCL -id 2041 -severity "ERROR" "This script was generated using Vivado <$scripts_vivado_version> and is being run in <$current_vivado_version> of Vivado. Please run the script in Vivado <$scripts_vivado_version> then open the design in Vivado <$current_vivado_version>. Upgrade the design by running \"Tools => Report => Report IP Status...\", then run write_bd_tcl to create an updated script."}
## 
##    }
## 
##    return 1
## }
## set list_projs [get_projects -quiet]
## if { $list_projs eq "" } {
##    create_project project_1 myproj -part xc7z020clg400-1
## }
## variable design_name
## set design_name video_out_pynq_z2
## set errMsg ""
## set nRet 0
## set cur_design [current_bd_design -quiet]
## set list_cells [get_bd_cells -quiet]
## if { ${design_name} eq "" } {
##    # USE CASES:
##    #    1) Design_name not set
## 
##    set errMsg "Please set the variable <design_name> to a non-empty value."
##    set nRet 1
## 
## } elseif { ${cur_design} ne "" && ${list_cells} eq "" } {
##    # USE CASES:
##    #    2): Current design opened AND is empty AND names same.
##    #    3): Current design opened AND is empty AND names diff; design_name NOT in project.
##    #    4): Current design opened AND is empty AND names diff; design_name exists in project.
## 
##    if { $cur_design ne $design_name } {
##       common::send_gid_msg -ssname BD::TCL -id 2001 -severity "INFO" "Changing value of <design_name> from <$design_name> to <$cur_design> since current design is empty."
##       set design_name [get_property NAME $cur_design]
##    }
##    common::send_gid_msg -ssname BD::TCL -id 2002 -severity "INFO" "Constructing design in IPI design <$cur_design>..."
## 
## } elseif { ${cur_design} ne "" && $list_cells ne "" && $cur_design eq $design_name } {
##    # USE CASES:
##    #    5) Current design opened AND has components AND same names.
## 
##    set errMsg "Design <$design_name> already exists in your project, please set the variable <design_name> to another value."
##    set nRet 1
## } elseif { [get_files -quiet ${design_name}.bd] ne "" } {
##    # USE CASES: 
##    #    6) Current opened design, has components, but diff names, design_name exists in project.
##    #    7) No opened design, design_name exists in project.
## 
##    set errMsg "Design <$design_name> already exists in your project, please set the variable <design_name> to another value."
##    set nRet 2
## 
## } else {
##    # USE CASES:
##    #    8) No opened design, design_name not in project.
##    #    9) Current opened design, has components, but diff names, design_name not in project.
## 
##    common::send_gid_msg -ssname BD::TCL -id 2003 -severity "INFO" "Currently there is no design <$design_name> in project, so creating one..."
## 
##    create_bd_design $design_name
## 
##    common::send_gid_msg -ssname BD::TCL -id 2004 -severity "INFO" "Making design <$design_name> as current_bd_design."
##    current_bd_design $design_name
## 
## }
INFO: [BD::TCL 103-2003] Currently there is no design <video_out_pynq_z2> in project, so creating one...
Wrote  : <C:\selected_topics_hdmi\pyzq\hw\hw_proj\hw_proj.srcs\sources_1\bd\video_out_pynq_z2\video_out_pynq_z2.bd> 
INFO: [BD::TCL 103-2004] Making design <video_out_pynq_z2> as current_bd_design.
## common::send_gid_msg -ssname BD::TCL -id 2005 -severity "INFO" "Currently the variable <design_name> is equal to \"$design_name\"."
INFO: [BD::TCL 103-2005] Currently the variable <design_name> is equal to "video_out_pynq_z2".
## if { $nRet != 0 } {
##    catch {common::send_gid_msg -ssname BD::TCL -id 2006 -severity "ERROR" $errMsg}
##    return $nRet
## }
## set bCheckIPsPassed 1
## set bCheckIPs 1
## if { $bCheckIPs == 1 } {
##    set list_check_ips "\ 
## xilinx.com:ip:axi_gpio:2.0\
## xilinx.com:ip:clk_wiz:6.0\
## xilinx.com:ip:xlconstant:1.1\
## xilinx.com:ip:proc_sys_reset:5.0\
## xilinx.com:ip:processing_system7:5.5\
## digilentinc.com:ip:rgb2dvi:1.4\
## xilinx.com:ip:smartconnect:1.0\
## xilinx.com:ip:v_axi4s_vid_out:4.0\
## xilinx.com:ip:v_tc:6.2\
## digilentinc.com:ip:dvi2rgb:2.0\
## xilinx.com:ip:v_vid_in_axi4s:5.0\
## xilinx.com:ip:util_vector_logic:2.0\
## xilinx.com:hls:video_gray_live:1.0\
## xilinx.com:ip:axis_data_fifo:2.0\
## xilinx.com:ip:axis_register_slice:1.1\
## "
## 
##    set list_ips_missing ""
##    common::send_gid_msg -ssname BD::TCL -id 2011 -severity "INFO" "Checking if the following IPs exist in the project's IP catalog: $list_check_ips ."
## 
##    foreach ip_vlnv $list_check_ips {
##       set ip_obj [get_ipdefs -all $ip_vlnv]
##       if { $ip_obj eq "" } {
##          lappend list_ips_missing $ip_vlnv
##       }
##    }
## 
##    if { $list_ips_missing ne "" } {
##       catch {common::send_gid_msg -ssname BD::TCL -id 2012 -severity "ERROR" "The following IPs are not found in the IP Catalog:\n  $list_ips_missing\n\nResolution: Please add the repository containing the IP(s) to the project." }
##       set bCheckIPsPassed 0
##    }
## 
## }
INFO: [BD::TCL 103-2011] Checking if the following IPs exist in the project's IP catalog:  
xilinx.com:ip:axi_gpio:2.0 xilinx.com:ip:clk_wiz:6.0 xilinx.com:ip:xlconstant:1.1 xilinx.com:ip:proc_sys_reset:5.0 xilinx.com:ip:processing_system7:5.5 digilentinc.com:ip:rgb2dvi:1.4 xilinx.com:ip:smartconnect:1.0 xilinx.com:ip:v_axi4s_vid_out:4.0 xilinx.com:ip:v_tc:6.2 digilentinc.com:ip:dvi2rgb:2.0 xilinx.com:ip:v_vid_in_axi4s:5.0 xilinx.com:ip:util_vector_logic:2.0 xilinx.com:hls:video_gray_live:1.0 xilinx.com:ip:axis_data_fifo:2.0 xilinx.com:ip:axis_register_slice:1.1  .
## if { $bCheckIPsPassed != 1 } {
##   common::send_gid_msg -ssname BD::TCL -id 2023 -severity "WARNING" "Will not continue with creation of design due to the error(s) above."
##   return 3
## }
## proc create_root_design { parentCell } {
## 
##   variable script_folder
##   variable design_name
## 
##   if { $parentCell eq "" } {
##      set parentCell [get_bd_cells /]
##   }
## 
##   # Get object for parentCell
##   set parentObj [get_bd_cells $parentCell]
##   if { $parentObj == "" } {
##      catch {common::send_gid_msg -ssname BD::TCL -id 2090 -severity "ERROR" "Unable to find parent cell <$parentCell>!"}
##      return
##   }
## 
##   # Make sure parentObj is hier blk
##   set parentType [get_property TYPE $parentObj]
##   if { $parentType ne "hier" } {
##      catch {common::send_gid_msg -ssname BD::TCL -id 2091 -severity "ERROR" "Parent <$parentObj> has TYPE = <$parentType>. Expected to be <hier>."}
##      return
##   }
## 
##   # Save current instance; Restore later
##   set oldCurInst [current_bd_instance .]
## 
##   # Set parent object as current
##   current_bd_instance $parentObj
## 
## 
##   # Create interface ports
##   set DDR [ create_bd_intf_port -mode Master -vlnv xilinx.com:interface:ddrx_rtl:1.0 DDR ]
## 
##   set FIXED_IO [ create_bd_intf_port -mode Master -vlnv xilinx.com:display_processing_system7:fixedio_rtl:1.0 FIXED_IO ]
## 
##   set TMDS_0 [ create_bd_intf_port -mode Slave -vlnv digilentinc.com:interface:tmds_rtl:1.0 TMDS_0 ]
## 
##   set DDC_0 [ create_bd_intf_port -mode Master -vlnv xilinx.com:interface:iic_rtl:1.0 DDC_0 ]
## 
## 
##   # Create ports
##   set TMDS_Clk_n_0 [ create_bd_port -dir O -type clk TMDS_Clk_n_0 ]
##   set TMDS_Clk_p_0 [ create_bd_port -dir O -type clk TMDS_Clk_p_0 ]
##   set TMDS_Data_n_0 [ create_bd_port -dir O -from 2 -to 0 TMDS_Data_n_0 ]
##   set TMDS_Data_p_0 [ create_bd_port -dir O -from 2 -to 0 TMDS_Data_p_0 ]
##   set locked [ create_bd_port -dir O locked ]
##   set hdmi_in_hpd [ create_bd_port -dir O -from 0 -to 0 -type data hdmi_in_hpd ]
## 
##   # Create instance: axi_gpio_0, and set properties
##   set axi_gpio_0 [ create_bd_cell -type ip -vlnv xilinx.com:ip:axi_gpio:2.0 axi_gpio_0 ]
##   set_property -dict [list \
##     CONFIG.C_ALL_INPUTS {0} \
##     CONFIG.C_ALL_OUTPUTS {1} \
##     CONFIG.C_GPIO_WIDTH {1} \
##     CONFIG.C_IS_DUAL {0} \
##   ] $axi_gpio_0
## 
## 
##   # Create instance: clk_wiz_0, and set properties
##   set clk_wiz_0 [ create_bd_cell -type ip -vlnv xilinx.com:ip:clk_wiz:6.0 clk_wiz_0 ]
##   set_property -dict [list \
##     CONFIG.CLKOUT1_JITTER {245.495} \
##     CONFIG.CLKOUT1_PHASE_ERROR {245.344} \
##     CONFIG.CLKOUT1_REQUESTED_OUT_FREQ {74.25} \
##     CONFIG.MMCM_CLKFBOUT_MULT_F {37.125} \
##     CONFIG.MMCM_CLKOUT0_DIVIDE_F {12.500} \
##     CONFIG.MMCM_DIVCLK_DIVIDE {4} \
##     CONFIG.RESET_PORT {reset} \
##     CONFIG.RESET_TYPE {ACTIVE_HIGH} \
##     CONFIG.USE_DYN_RECONFIG {true} \
##   ] $clk_wiz_0
## 
## 
##   # Create instance: constant_high, and set properties
##   set constant_high [ create_bd_cell -type ip -vlnv xilinx.com:ip:xlconstant:1.1 constant_high ]
## 
##   # Create instance: constant_low, and set properties
##   set constant_low [ create_bd_cell -type ip -vlnv xilinx.com:ip:xlconstant:1.1 constant_low ]
##   set_property CONFIG.CONST_VAL {0} $constant_low
## 
## 
##   # Create instance: proc_sys_vid_clk, and set properties
##   set proc_sys_vid_clk [ create_bd_cell -type ip -vlnv xilinx.com:ip:proc_sys_reset:5.0 proc_sys_vid_clk ]
## 
##   # Create instance: processing_system7_0, and set properties
##   set processing_system7_0 [ create_bd_cell -type ip -vlnv xilinx.com:ip:processing_system7:5.5 processing_system7_0 ]
##   set_property -dict [list \
##     CONFIG.PCW_ACT_APU_PERIPHERAL_FREQMHZ {650.000000} \
##     CONFIG.PCW_ACT_CAN0_PERIPHERAL_FREQMHZ {23.8095} \
##     CONFIG.PCW_ACT_CAN1_PERIPHERAL_FREQMHZ {23.8095} \
##     CONFIG.PCW_ACT_CAN_PERIPHERAL_FREQMHZ {10.000000} \
##     CONFIG.PCW_ACT_DCI_PERIPHERAL_FREQMHZ {10.096154} \
##     CONFIG.PCW_ACT_ENET0_PERIPHERAL_FREQMHZ {125.000000} \
##     CONFIG.PCW_ACT_ENET1_PERIPHERAL_FREQMHZ {10.000000} \
##     CONFIG.PCW_ACT_FPGA0_PERIPHERAL_FREQMHZ {100.000000} \
##     CONFIG.PCW_ACT_FPGA1_PERIPHERAL_FREQMHZ {200.000000} \
##     CONFIG.PCW_ACT_FPGA2_PERIPHERAL_FREQMHZ {10.000000} \
##     CONFIG.PCW_ACT_FPGA3_PERIPHERAL_FREQMHZ {10.000000} \
##     CONFIG.PCW_ACT_I2C_PERIPHERAL_FREQMHZ {50} \
##     CONFIG.PCW_ACT_PCAP_PERIPHERAL_FREQMHZ {200.000000} \
##     CONFIG.PCW_ACT_QSPI_PERIPHERAL_FREQMHZ {200.000000} \
##     CONFIG.PCW_ACT_SDIO_PERIPHERAL_FREQMHZ {50.000000} \
##     CONFIG.PCW_ACT_SMC_PERIPHERAL_FREQMHZ {10.000000} \
##     CONFIG.PCW_ACT_SPI_PERIPHERAL_FREQMHZ {10.000000} \
##     CONFIG.PCW_ACT_TPIU_PERIPHERAL_FREQMHZ {200.000000} \
##     CONFIG.PCW_ACT_TTC0_CLK0_PERIPHERAL_FREQMHZ {108.333336} \
##     CONFIG.PCW_ACT_TTC0_CLK1_PERIPHERAL_FREQMHZ {108.333336} \
##     CONFIG.PCW_ACT_TTC0_CLK2_PERIPHERAL_FREQMHZ {108.333336} \
##     CONFIG.PCW_ACT_TTC1_CLK0_PERIPHERAL_FREQMHZ {108.333336} \
##     CONFIG.PCW_ACT_TTC1_CLK1_PERIPHERAL_FREQMHZ {108.333336} \
##     CONFIG.PCW_ACT_TTC1_CLK2_PERIPHERAL_FREQMHZ {108.333336} \
##     CONFIG.PCW_ACT_TTC_PERIPHERAL_FREQMHZ {50} \
##     CONFIG.PCW_ACT_UART_PERIPHERAL_FREQMHZ {100.000000} \
##     CONFIG.PCW_ACT_USB0_PERIPHERAL_FREQMHZ {60} \
##     CONFIG.PCW_ACT_USB1_PERIPHERAL_FREQMHZ {60} \
##     CONFIG.PCW_ACT_WDT_PERIPHERAL_FREQMHZ {108.333336} \
##     CONFIG.PCW_APU_CLK_RATIO_ENABLE {6:2:1} \
##     CONFIG.PCW_APU_PERIPHERAL_FREQMHZ {650} \
##     CONFIG.PCW_CAN0_PERIPHERAL_CLKSRC {External} \
##     CONFIG.PCW_CAN1_PERIPHERAL_CLKSRC {External} \
##     CONFIG.PCW_CAN_PERIPHERAL_CLKSRC {IO PLL} \
##     CONFIG.PCW_CAN_PERIPHERAL_VALID {0} \
##     CONFIG.PCW_CLK0_FREQ {100000000} \
##     CONFIG.PCW_CLK1_FREQ {200000000} \
##     CONFIG.PCW_CLK2_FREQ {10000000} \
##     CONFIG.PCW_CLK3_FREQ {10000000} \
##     CONFIG.PCW_CPU_CPU_6X4X_MAX_RANGE {667} \
##     CONFIG.PCW_CPU_PERIPHERAL_CLKSRC {ARM PLL} \
##     CONFIG.PCW_CRYSTAL_PERIPHERAL_FREQMHZ {50} \
##     CONFIG.PCW_DCI_PERIPHERAL_CLKSRC {DDR PLL} \
##     CONFIG.PCW_DCI_PERIPHERAL_FREQMHZ {10.159} \
##     CONFIG.PCW_DDR_PERIPHERAL_CLKSRC {DDR PLL} \
##     CONFIG.PCW_DDR_RAM_BASEADDR {0x00100000} \
##     CONFIG.PCW_DDR_RAM_HIGHADDR {0x1FFFFFFF} \
##     CONFIG.PCW_DM_WIDTH {4} \
##     CONFIG.PCW_DQS_WIDTH {4} \
##     CONFIG.PCW_DQ_WIDTH {32} \
##     CONFIG.PCW_ENET0_BASEADDR {0xE000B000} \
##     CONFIG.PCW_ENET0_ENET0_IO {MIO 16 .. 27} \
##     CONFIG.PCW_ENET0_GRP_MDIO_ENABLE {1} \
##     CONFIG.PCW_ENET0_GRP_MDIO_IO {MIO 52 .. 53} \
##     CONFIG.PCW_ENET0_HIGHADDR {0xE000BFFF} \
##     CONFIG.PCW_ENET0_PERIPHERAL_CLKSRC {IO PLL} \
##     CONFIG.PCW_ENET0_PERIPHERAL_ENABLE {1} \
##     CONFIG.PCW_ENET0_PERIPHERAL_FREQMHZ {1000 Mbps} \
##     CONFIG.PCW_ENET0_RESET_ENABLE {1} \
##     CONFIG.PCW_ENET0_RESET_IO {MIO 9} \
##     CONFIG.PCW_ENET1_PERIPHERAL_CLKSRC {IO PLL} \
##     CONFIG.PCW_ENET1_PERIPHERAL_ENABLE {0} \
##     CONFIG.PCW_ENET_RESET_ENABLE {1} \
##     CONFIG.PCW_ENET_RESET_POLARITY {Active Low} \
##     CONFIG.PCW_ENET_RESET_SELECT {Share reset pin} \
##     CONFIG.PCW_EN_4K_TIMER {0} \
##     CONFIG.PCW_EN_CAN0 {0} \
##     CONFIG.PCW_EN_CAN1 {0} \
##     CONFIG.PCW_EN_CLK0_PORT {1} \
##     CONFIG.PCW_EN_CLK1_PORT {1} \
##     CONFIG.PCW_EN_CLK2_PORT {0} \
##     CONFIG.PCW_EN_CLK3_PORT {0} \
##     CONFIG.PCW_EN_CLKTRIG0_PORT {0} \
##     CONFIG.PCW_EN_CLKTRIG1_PORT {0} \
##     CONFIG.PCW_EN_CLKTRIG2_PORT {0} \
##     CONFIG.PCW_EN_CLKTRIG3_PORT {0} \
##     CONFIG.PCW_EN_DDR {1} \
##     CONFIG.PCW_EN_EMIO_CAN0 {0} \
##     CONFIG.PCW_EN_EMIO_CAN1 {0} \
##     CONFIG.PCW_EN_EMIO_CD_SDIO0 {0} \
##     CONFIG.PCW_EN_EMIO_CD_SDIO1 {0} \
##     CONFIG.PCW_EN_EMIO_ENET0 {0} \
##     CONFIG.PCW_EN_EMIO_ENET1 {0} \
##     CONFIG.PCW_EN_EMIO_GPIO {0} \
##     CONFIG.PCW_EN_EMIO_I2C0 {0} \
##     CONFIG.PCW_EN_EMIO_I2C1 {0} \
##     CONFIG.PCW_EN_EMIO_MODEM_UART0 {0} \
##     CONFIG.PCW_EN_EMIO_MODEM_UART1 {0} \
##     CONFIG.PCW_EN_EMIO_PJTAG {0} \
##     CONFIG.PCW_EN_EMIO_SDIO0 {0} \
##     CONFIG.PCW_EN_EMIO_SDIO1 {0} \
##     CONFIG.PCW_EN_EMIO_SPI0 {0} \
##     CONFIG.PCW_EN_EMIO_SPI1 {0} \
##     CONFIG.PCW_EN_EMIO_SRAM_INT {0} \
##     CONFIG.PCW_EN_EMIO_TRACE {0} \
##     CONFIG.PCW_EN_EMIO_TTC0 {0} \
##     CONFIG.PCW_EN_EMIO_TTC1 {0} \
##     CONFIG.PCW_EN_EMIO_UART0 {0} \
##     CONFIG.PCW_EN_EMIO_UART1 {0} \
##     CONFIG.PCW_EN_EMIO_WDT {0} \
##     CONFIG.PCW_EN_EMIO_WP_SDIO0 {0} \
##     CONFIG.PCW_EN_EMIO_WP_SDIO1 {0} \
##     CONFIG.PCW_EN_ENET0 {1} \
##     CONFIG.PCW_EN_ENET1 {0} \
##     CONFIG.PCW_EN_GPIO {1} \
##     CONFIG.PCW_EN_I2C0 {0} \
##     CONFIG.PCW_EN_I2C1 {0} \
##     CONFIG.PCW_EN_MODEM_UART0 {0} \
##     CONFIG.PCW_EN_MODEM_UART1 {0} \
##     CONFIG.PCW_EN_PJTAG {0} \
##     CONFIG.PCW_EN_PTP_ENET0 {0} \
##     CONFIG.PCW_EN_PTP_ENET1 {0} \
##     CONFIG.PCW_EN_QSPI {1} \
##     CONFIG.PCW_EN_RST0_PORT {1} \
##     CONFIG.PCW_EN_RST1_PORT {0} \
##     CONFIG.PCW_EN_RST2_PORT {0} \
##     CONFIG.PCW_EN_RST3_PORT {0} \
##     CONFIG.PCW_EN_SDIO0 {1} \
##     CONFIG.PCW_EN_SDIO1 {0} \
##     CONFIG.PCW_EN_SMC {0} \
##     CONFIG.PCW_EN_SPI0 {0} \
##     CONFIG.PCW_EN_SPI1 {0} \
##     CONFIG.PCW_EN_TRACE {0} \
##     CONFIG.PCW_EN_TTC0 {0} \
##     CONFIG.PCW_EN_TTC1 {0} \
##     CONFIG.PCW_EN_UART0 {1} \
##     CONFIG.PCW_EN_UART1 {0} \
##     CONFIG.PCW_EN_USB0 {1} \
##     CONFIG.PCW_EN_USB1 {0} \
##     CONFIG.PCW_EN_WDT {0} \
##     CONFIG.PCW_FCLK0_PERIPHERAL_CLKSRC {IO PLL} \
##     CONFIG.PCW_FCLK1_PERIPHERAL_CLKSRC {IO PLL} \
##     CONFIG.PCW_FCLK2_PERIPHERAL_CLKSRC {IO PLL} \
##     CONFIG.PCW_FCLK3_PERIPHERAL_CLKSRC {IO PLL} \
##     CONFIG.PCW_FCLK_CLK0_BUF {TRUE} \
##     CONFIG.PCW_FCLK_CLK1_BUF {TRUE} \
##     CONFIG.PCW_FPGA0_PERIPHERAL_FREQMHZ {100} \
##     CONFIG.PCW_FPGA1_PERIPHERAL_FREQMHZ {200} \
##     CONFIG.PCW_FPGA2_PERIPHERAL_FREQMHZ {50} \
##     CONFIG.PCW_FPGA3_PERIPHERAL_FREQMHZ {50} \
##     CONFIG.PCW_FPGA_FCLK0_ENABLE {1} \
##     CONFIG.PCW_FPGA_FCLK1_ENABLE {1} \
##     CONFIG.PCW_GPIO_BASEADDR {0xE000A000} \
##     CONFIG.PCW_GPIO_EMIO_GPIO_ENABLE {0} \
##     CONFIG.PCW_GPIO_HIGHADDR {0xE000AFFF} \
##     CONFIG.PCW_GPIO_MIO_GPIO_ENABLE {1} \
##     CONFIG.PCW_GPIO_MIO_GPIO_IO {MIO} \
##     CONFIG.PCW_GPIO_PERIPHERAL_ENABLE {0} \
##     CONFIG.PCW_I2C_RESET_ENABLE {1} \
##     CONFIG.PCW_I2C_RESET_POLARITY {Active Low} \
##     CONFIG.PCW_IMPORT_BOARD_PRESET {None} \
##     CONFIG.PCW_INCLUDE_ACP_TRANS_CHECK {0} \
##     CONFIG.PCW_IRQ_F2P_MODE {DIRECT} \
##     CONFIG.PCW_MIO_0_IOTYPE {LVCMOS 3.3V} \
##     CONFIG.PCW_MIO_0_PULLUP {enabled} \
##     CONFIG.PCW_MIO_0_SLEW {slow} \
##     CONFIG.PCW_MIO_10_IOTYPE {LVCMOS 3.3V} \
##     CONFIG.PCW_MIO_10_PULLUP {enabled} \
##     CONFIG.PCW_MIO_10_SLEW {slow} \
##     CONFIG.PCW_MIO_11_IOTYPE {LVCMOS 3.3V} \
##     CONFIG.PCW_MIO_11_PULLUP {enabled} \
##     CONFIG.PCW_MIO_11_SLEW {slow} \
##     CONFIG.PCW_MIO_12_IOTYPE {LVCMOS 3.3V} \
##     CONFIG.PCW_MIO_12_PULLUP {enabled} \
##     CONFIG.PCW_MIO_12_SLEW {slow} \
##     CONFIG.PCW_MIO_13_IOTYPE {LVCMOS 3.3V} \
##     CONFIG.PCW_MIO_13_PULLUP {enabled} \
##     CONFIG.PCW_MIO_13_SLEW {slow} \
##     CONFIG.PCW_MIO_14_IOTYPE {LVCMOS 3.3V} \
##     CONFIG.PCW_MIO_14_PULLUP {enabled} \
##     CONFIG.PCW_MIO_14_SLEW {slow} \
##     CONFIG.PCW_MIO_15_IOTYPE {LVCMOS 3.3V} \
##     CONFIG.PCW_MIO_15_PULLUP {enabled} \
##     CONFIG.PCW_MIO_15_SLEW {slow} \
##     CONFIG.PCW_MIO_16_IOTYPE {LVCMOS 1.8V} \
##     CONFIG.PCW_MIO_16_PULLUP {enabled} \
##     CONFIG.PCW_MIO_16_SLEW {slow} \
##     CONFIG.PCW_MIO_17_IOTYPE {LVCMOS 1.8V} \
##     CONFIG.PCW_MIO_17_PULLUP {enabled} \
##     CONFIG.PCW_MIO_17_SLEW {slow} \
##     CONFIG.PCW_MIO_18_IOTYPE {LVCMOS 1.8V} \
##     CONFIG.PCW_MIO_18_PULLUP {enabled} \
##     CONFIG.PCW_MIO_18_SLEW {slow} \
##     CONFIG.PCW_MIO_19_IOTYPE {LVCMOS 1.8V} \
##     CONFIG.PCW_MIO_19_PULLUP {enabled} \
##     CONFIG.PCW_MIO_19_SLEW {slow} \
##     CONFIG.PCW_MIO_1_IOTYPE {LVCMOS 3.3V} \
##     CONFIG.PCW_MIO_1_PULLUP {enabled} \
##     CONFIG.PCW_MIO_1_SLEW {slow} \
##     CONFIG.PCW_MIO_20_IOTYPE {LVCMOS 1.8V} \
##     CONFIG.PCW_MIO_20_PULLUP {enabled} \
##     CONFIG.PCW_MIO_20_SLEW {slow} \
##     CONFIG.PCW_MIO_21_IOTYPE {LVCMOS 1.8V} \
##     CONFIG.PCW_MIO_21_PULLUP {enabled} \
##     CONFIG.PCW_MIO_21_SLEW {slow} \
##     CONFIG.PCW_MIO_22_IOTYPE {LVCMOS 1.8V} \
##     CONFIG.PCW_MIO_22_PULLUP {enabled} \
##     CONFIG.PCW_MIO_22_SLEW {slow} \
##     CONFIG.PCW_MIO_23_IOTYPE {LVCMOS 1.8V} \
##     CONFIG.PCW_MIO_23_PULLUP {enabled} \
##     CONFIG.PCW_MIO_23_SLEW {slow} \
##     CONFIG.PCW_MIO_24_IOTYPE {LVCMOS 1.8V} \
##     CONFIG.PCW_MIO_24_PULLUP {enabled} \
##     CONFIG.PCW_MIO_24_SLEW {slow} \
##     CONFIG.PCW_MIO_25_IOTYPE {LVCMOS 1.8V} \
##     CONFIG.PCW_MIO_25_PULLUP {enabled} \
##     CONFIG.PCW_MIO_25_SLEW {slow} \
##     CONFIG.PCW_MIO_26_IOTYPE {LVCMOS 1.8V} \
##     CONFIG.PCW_MIO_26_PULLUP {enabled} \
##     CONFIG.PCW_MIO_26_SLEW {slow} \
##     CONFIG.PCW_MIO_27_IOTYPE {LVCMOS 1.8V} \
##     CONFIG.PCW_MIO_27_PULLUP {enabled} \
##     CONFIG.PCW_MIO_27_SLEW {slow} \
##     CONFIG.PCW_MIO_28_IOTYPE {LVCMOS 1.8V} \
##     CONFIG.PCW_MIO_28_PULLUP {enabled} \
##     CONFIG.PCW_MIO_28_SLEW {slow} \
##     CONFIG.PCW_MIO_29_IOTYPE {LVCMOS 1.8V} \
##     CONFIG.PCW_MIO_29_PULLUP {enabled} \
##     CONFIG.PCW_MIO_29_SLEW {slow} \
##     CONFIG.PCW_MIO_2_IOTYPE {LVCMOS 3.3V} \
##     CONFIG.PCW_MIO_2_SLEW {slow} \
##     CONFIG.PCW_MIO_30_IOTYPE {LVCMOS 1.8V} \
##     CONFIG.PCW_MIO_30_PULLUP {enabled} \
##     CONFIG.PCW_MIO_30_SLEW {slow} \
##     CONFIG.PCW_MIO_31_IOTYPE {LVCMOS 1.8V} \
##     CONFIG.PCW_MIO_31_PULLUP {enabled} \
##     CONFIG.PCW_MIO_31_SLEW {slow} \
##     CONFIG.PCW_MIO_32_IOTYPE {LVCMOS 1.8V} \
##     CONFIG.PCW_MIO_32_PULLUP {enabled} \
##     CONFIG.PCW_MIO_32_SLEW {slow} \
##     CONFIG.PCW_MIO_33_IOTYPE {LVCMOS 1.8V} \
##     CONFIG.PCW_MIO_33_PULLUP {enabled} \
##     CONFIG.PCW_MIO_33_SLEW {slow} \
##     CONFIG.PCW_MIO_34_IOTYPE {LVCMOS 1.8V} \
##     CONFIG.PCW_MIO_34_PULLUP {enabled} \
##     CONFIG.PCW_MIO_34_SLEW {slow} \
##     CONFIG.PCW_MIO_35_IOTYPE {LVCMOS 1.8V} \
##     CONFIG.PCW_MIO_35_PULLUP {enabled} \
##     CONFIG.PCW_MIO_35_SLEW {slow} \
##     CONFIG.PCW_MIO_36_IOTYPE {LVCMOS 1.8V} \
##     CONFIG.PCW_MIO_36_PULLUP {enabled} \
##     CONFIG.PCW_MIO_36_SLEW {slow} \
##     CONFIG.PCW_MIO_37_IOTYPE {LVCMOS 1.8V} \
##     CONFIG.PCW_MIO_37_PULLUP {enabled} \
##     CONFIG.PCW_MIO_37_SLEW {slow} \
##     CONFIG.PCW_MIO_38_IOTYPE {LVCMOS 1.8V} \
##     CONFIG.PCW_MIO_38_PULLUP {enabled} \
##     CONFIG.PCW_MIO_38_SLEW {slow} \
##     CONFIG.PCW_MIO_39_IOTYPE {LVCMOS 1.8V} \
##     CONFIG.PCW_MIO_39_PULLUP {enabled} \
##     CONFIG.PCW_MIO_39_SLEW {slow} \
##     CONFIG.PCW_MIO_3_IOTYPE {LVCMOS 3.3V} \
##     CONFIG.PCW_MIO_3_SLEW {slow} \
##     CONFIG.PCW_MIO_40_IOTYPE {LVCMOS 1.8V} \
##     CONFIG.PCW_MIO_40_PULLUP {enabled} \
##     CONFIG.PCW_MIO_40_SLEW {slow} \
##     CONFIG.PCW_MIO_41_IOTYPE {LVCMOS 1.8V} \
##     CONFIG.PCW_MIO_41_PULLUP {enabled} \
##     CONFIG.PCW_MIO_41_SLEW {slow} \
##     CONFIG.PCW_MIO_42_IOTYPE {LVCMOS 1.8V} \
##     CONFIG.PCW_MIO_42_PULLUP {enabled} \
##     CONFIG.PCW_MIO_42_SLEW {slow} \
##     CONFIG.PCW_MIO_43_IOTYPE {LVCMOS 1.8V} \
##     CONFIG.PCW_MIO_43_PULLUP {enabled} \
##     CONFIG.PCW_MIO_43_SLEW {slow} \
##     CONFIG.PCW_MIO_44_IOTYPE {LVCMOS 1.8V} \
##     CONFIG.PCW_MIO_44_PULLUP {enabled} \
##     CONFIG.PCW_MIO_44_SLEW {slow} \
##     CONFIG.PCW_MIO_45_IOTYPE {LVCMOS 1.8V} \
##     CONFIG.PCW_MIO_45_PULLUP {enabled} \
##     CONFIG.PCW_MIO_45_SLEW {slow} \
##     CONFIG.PCW_MIO_46_IOTYPE {LVCMOS 1.8V} \
##     CONFIG.PCW_MIO_46_PULLUP {enabled} \
##     CONFIG.PCW_MIO_46_SLEW {slow} \
##     CONFIG.PCW_MIO_47_IOTYPE {LVCMOS 1.8V} \
##     CONFIG.PCW_MIO_47_PULLUP {enabled} \
##     CONFIG.PCW_MIO_47_SLEW {slow} \
##     CONFIG.PCW_MIO_48_IOTYPE {LVCMOS 1.8V} \
##     CONFIG.PCW_MIO_48_PULLUP {enabled} \
##     CONFIG.PCW_MIO_48_SLEW {slow} \
##     CONFIG.PCW_MIO_49_IOTYPE {LVCMOS 1.8V} \
##     CONFIG.PCW_MIO_49_PULLUP {enabled} \
##     CONFIG.PCW_MIO_49_SLEW {slow} \
##     CONFIG.PCW_MIO_4_IOTYPE {LVCMOS 3.3V} \
##     CONFIG.PCW_MIO_4_SLEW {slow} \
##     CONFIG.PCW_MIO_50_IOTYPE {LVCMOS 1.8V} \
##     CONFIG.PCW_MIO_50_PULLUP {enabled} \
##     CONFIG.PCW_MIO_50_SLEW {slow} \
##     CONFIG.PCW_MIO_51_IOTYPE {LVCMOS 1.8V} \
##     CONFIG.PCW_MIO_51_PULLUP {enabled} \
##     CONFIG.PCW_MIO_51_SLEW {slow} \
##     CONFIG.PCW_MIO_52_IOTYPE {LVCMOS 1.8V} \
##     CONFIG.PCW_MIO_52_PULLUP {enabled} \
##     CONFIG.PCW_MIO_52_SLEW {slow} \
##     CONFIG.PCW_MIO_53_IOTYPE {LVCMOS 1.8V} \
##     CONFIG.PCW_MIO_53_PULLUP {enabled} \
##     CONFIG.PCW_MIO_53_SLEW {slow} \
##     CONFIG.PCW_MIO_5_IOTYPE {LVCMOS 3.3V} \
##     CONFIG.PCW_MIO_5_SLEW {slow} \
##     CONFIG.PCW_MIO_6_IOTYPE {LVCMOS 3.3V} \
##     CONFIG.PCW_MIO_6_SLEW {slow} \
##     CONFIG.PCW_MIO_7_IOTYPE {LVCMOS 3.3V} \
##     CONFIG.PCW_MIO_7_SLEW {slow} \
##     CONFIG.PCW_MIO_8_IOTYPE {LVCMOS 3.3V} \
##     CONFIG.PCW_MIO_8_SLEW {slow} \
##     CONFIG.PCW_MIO_9_IOTYPE {LVCMOS 3.3V} \
##     CONFIG.PCW_MIO_9_PULLUP {enabled} \
##     CONFIG.PCW_MIO_9_SLEW {slow} \
##     CONFIG.PCW_MIO_PRIMITIVE {54} \
##     CONFIG.PCW_MIO_TREE_PERIPHERALS {GPIO#Quad SPI Flash#Quad SPI Flash#Quad SPI Flash#Quad SPI Flash#Quad SPI Flash#Quad SPI Flash#GPIO#Quad SPI Flash#ENET Reset#GPIO#GPIO#GPIO#GPIO#UART 0#UART 0#Enet\
## 0#Enet 0#Enet 0#Enet 0#Enet 0#Enet 0#Enet 0#Enet 0#Enet 0#Enet 0#Enet 0#Enet 0#USB 0#USB 0#USB 0#USB 0#USB 0#USB 0#USB 0#USB 0#USB 0#USB 0#USB 0#USB 0#SD 0#SD 0#SD 0#SD 0#SD 0#SD 0#USB Reset#SD 0#GPIO#GPIO#GPIO#GPIO#Enet\
## 0#Enet 0} \
##     CONFIG.PCW_MIO_TREE_SIGNALS {gpio[0]#qspi0_ss_b#qspi0_io[0]#qspi0_io[1]#qspi0_io[2]#qspi0_io[3]/HOLD_B#qspi0_sclk#gpio[7]#qspi_fbclk#reset#gpio[10]#gpio[11]#gpio[12]#gpio[13]#rx#tx#tx_clk#txd[0]#txd[1]#txd[2]#txd[3]#tx_ctl#rx_clk#rxd[0]#rxd[1]#rxd[2]#rxd[3]#rx_ctl#data[4]#dir#stp#nxt#data[0]#data[1]#data[2]#data[3]#clk#data[5]#data[6]#data[7]#clk#cmd#data[0]#data[1]#data[2]#data[3]#reset#cd#gpio[48]#gpio[49]#gpio[50]#gpio[51]#mdc#mdio}\
## \
##     CONFIG.PCW_M_AXI_GP0_ENABLE_STATIC_REMAP {0} \
##     CONFIG.PCW_M_AXI_GP0_ID_WIDTH {12} \
##     CONFIG.PCW_M_AXI_GP0_SUPPORT_NARROW_BURST {0} \
##     CONFIG.PCW_M_AXI_GP0_THREAD_ID_WIDTH {12} \
##     CONFIG.PCW_NAND_CYCLES_T_AR {1} \
##     CONFIG.PCW_NAND_CYCLES_T_CLR {1} \
##     CONFIG.PCW_NAND_CYCLES_T_RC {11} \
##     CONFIG.PCW_NAND_CYCLES_T_REA {1} \
##     CONFIG.PCW_NAND_CYCLES_T_RR {1} \
##     CONFIG.PCW_NAND_CYCLES_T_WC {11} \
##     CONFIG.PCW_NAND_CYCLES_T_WP {1} \
##     CONFIG.PCW_NOR_CS0_T_CEOE {1} \
##     CONFIG.PCW_NOR_CS0_T_PC {1} \
##     CONFIG.PCW_NOR_CS0_T_RC {11} \
##     CONFIG.PCW_NOR_CS0_T_TR {1} \
##     CONFIG.PCW_NOR_CS0_T_WC {11} \
##     CONFIG.PCW_NOR_CS0_T_WP {1} \
##     CONFIG.PCW_NOR_CS0_WE_TIME {0} \
##     CONFIG.PCW_NOR_CS1_T_CEOE {1} \
##     CONFIG.PCW_NOR_CS1_T_PC {1} \
##     CONFIG.PCW_NOR_CS1_T_RC {11} \
##     CONFIG.PCW_NOR_CS1_T_TR {1} \
##     CONFIG.PCW_NOR_CS1_T_WC {11} \
##     CONFIG.PCW_NOR_CS1_T_WP {1} \
##     CONFIG.PCW_NOR_CS1_WE_TIME {0} \
##     CONFIG.PCW_NOR_SRAM_CS0_T_CEOE {1} \
##     CONFIG.PCW_NOR_SRAM_CS0_T_PC {1} \
##     CONFIG.PCW_NOR_SRAM_CS0_T_RC {11} \
##     CONFIG.PCW_NOR_SRAM_CS0_T_TR {1} \
##     CONFIG.PCW_NOR_SRAM_CS0_T_WC {11} \
##     CONFIG.PCW_NOR_SRAM_CS0_T_WP {1} \
##     CONFIG.PCW_NOR_SRAM_CS0_WE_TIME {0} \
##     CONFIG.PCW_NOR_SRAM_CS1_T_CEOE {1} \
##     CONFIG.PCW_NOR_SRAM_CS1_T_PC {1} \
##     CONFIG.PCW_NOR_SRAM_CS1_T_RC {11} \
##     CONFIG.PCW_NOR_SRAM_CS1_T_TR {1} \
##     CONFIG.PCW_NOR_SRAM_CS1_T_WC {11} \
##     CONFIG.PCW_NOR_SRAM_CS1_T_WP {1} \
##     CONFIG.PCW_NOR_SRAM_CS1_WE_TIME {0} \
##     CONFIG.PCW_OVERRIDE_BASIC_CLOCK {0} \
##     CONFIG.PCW_PACKAGE_DDR_BOARD_DELAY0 {0.279} \
##     CONFIG.PCW_PACKAGE_DDR_BOARD_DELAY1 {0.260} \
##     CONFIG.PCW_PACKAGE_DDR_BOARD_DELAY2 {0.085} \
##     CONFIG.PCW_PACKAGE_DDR_BOARD_DELAY3 {0.092} \
##     CONFIG.PCW_PACKAGE_DDR_DQS_TO_CLK_DELAY_0 {-0.051} \
##     CONFIG.PCW_PACKAGE_DDR_DQS_TO_CLK_DELAY_1 {-0.006} \
##     CONFIG.PCW_PACKAGE_DDR_DQS_TO_CLK_DELAY_2 {-0.009} \
##     CONFIG.PCW_PACKAGE_DDR_DQS_TO_CLK_DELAY_3 {-0.033} \
##     CONFIG.PCW_PACKAGE_NAME {clg400} \
##     CONFIG.PCW_PCAP_PERIPHERAL_CLKSRC {IO PLL} \
##     CONFIG.PCW_PCAP_PERIPHERAL_FREQMHZ {200} \
##     CONFIG.PCW_PERIPHERAL_BOARD_PRESET {None} \
##     CONFIG.PCW_PLL_BYPASSMODE_ENABLE {0} \
##     CONFIG.PCW_PRESET_BANK0_VOLTAGE {LVCMOS 3.3V} \
##     CONFIG.PCW_PRESET_BANK1_VOLTAGE {LVCMOS 1.8V} \
##     CONFIG.PCW_PS7_SI_REV {PRODUCTION} \
##     CONFIG.PCW_QSPI_GRP_FBCLK_ENABLE {1} \
##     CONFIG.PCW_QSPI_GRP_FBCLK_IO {MIO 8} \
##     CONFIG.PCW_QSPI_GRP_IO1_ENABLE {0} \
##     CONFIG.PCW_QSPI_GRP_SINGLE_SS_ENABLE {1} \
##     CONFIG.PCW_QSPI_GRP_SINGLE_SS_IO {MIO 1 .. 6} \
##     CONFIG.PCW_QSPI_GRP_SS1_ENABLE {0} \
##     CONFIG.PCW_QSPI_INTERNAL_HIGHADDRESS {0xFCFFFFFF} \
##     CONFIG.PCW_QSPI_PERIPHERAL_CLKSRC {IO PLL} \
##     CONFIG.PCW_QSPI_PERIPHERAL_ENABLE {1} \
##     CONFIG.PCW_QSPI_PERIPHERAL_FREQMHZ {200} \
##     CONFIG.PCW_QSPI_QSPI_IO {MIO 1 .. 6} \
##     CONFIG.PCW_SD0_GRP_CD_ENABLE {1} \
##     CONFIG.PCW_SD0_GRP_CD_IO {MIO 47} \
##     CONFIG.PCW_SD0_GRP_POW_ENABLE {0} \
##     CONFIG.PCW_SD0_GRP_WP_ENABLE {0} \
##     CONFIG.PCW_SD0_PERIPHERAL_ENABLE {1} \
##     CONFIG.PCW_SD0_SD0_IO {MIO 40 .. 45} \
##     CONFIG.PCW_SD1_PERIPHERAL_ENABLE {0} \
##     CONFIG.PCW_SDIO0_BASEADDR {0xE0100000} \
##     CONFIG.PCW_SDIO0_HIGHADDR {0xE0100FFF} \
##     CONFIG.PCW_SDIO_PERIPHERAL_CLKSRC {IO PLL} \
##     CONFIG.PCW_SDIO_PERIPHERAL_FREQMHZ {50} \
##     CONFIG.PCW_SDIO_PERIPHERAL_VALID {1} \
##     CONFIG.PCW_SINGLE_QSPI_DATA_MODE {x4} \
##     CONFIG.PCW_SMC_CYCLE_T0 {NA} \
##     CONFIG.PCW_SMC_CYCLE_T1 {NA} \
##     CONFIG.PCW_SMC_CYCLE_T2 {NA} \
##     CONFIG.PCW_SMC_CYCLE_T3 {NA} \
##     CONFIG.PCW_SMC_CYCLE_T4 {NA} \
##     CONFIG.PCW_SMC_CYCLE_T5 {NA} \
##     CONFIG.PCW_SMC_CYCLE_T6 {NA} \
##     CONFIG.PCW_SMC_PERIPHERAL_CLKSRC {IO PLL} \
##     CONFIG.PCW_SMC_PERIPHERAL_VALID {0} \
##     CONFIG.PCW_SPI0_PERIPHERAL_ENABLE {0} \
##     CONFIG.PCW_SPI1_PERIPHERAL_ENABLE {0} \
##     CONFIG.PCW_SPI_PERIPHERAL_CLKSRC {IO PLL} \
##     CONFIG.PCW_SPI_PERIPHERAL_VALID {0} \
##     CONFIG.PCW_S_AXI_HP0_DATA_WIDTH {64} \
##     CONFIG.PCW_S_AXI_HP0_ID_WIDTH {6} \
##     CONFIG.PCW_TPIU_PERIPHERAL_CLKSRC {External} \
##     CONFIG.PCW_TTC0_CLK0_PERIPHERAL_CLKSRC {CPU_1X} \
##     CONFIG.PCW_TTC0_CLK0_PERIPHERAL_DIVISOR0 {1} \
##     CONFIG.PCW_TTC0_CLK1_PERIPHERAL_CLKSRC {CPU_1X} \
##     CONFIG.PCW_TTC0_CLK1_PERIPHERAL_DIVISOR0 {1} \
##     CONFIG.PCW_TTC0_CLK2_PERIPHERAL_CLKSRC {CPU_1X} \
##     CONFIG.PCW_TTC0_CLK2_PERIPHERAL_DIVISOR0 {1} \
##     CONFIG.PCW_TTC1_CLK0_PERIPHERAL_CLKSRC {CPU_1X} \
##     CONFIG.PCW_TTC1_CLK0_PERIPHERAL_DIVISOR0 {1} \
##     CONFIG.PCW_TTC1_CLK1_PERIPHERAL_CLKSRC {CPU_1X} \
##     CONFIG.PCW_TTC1_CLK1_PERIPHERAL_DIVISOR0 {1} \
##     CONFIG.PCW_TTC1_CLK2_PERIPHERAL_CLKSRC {CPU_1X} \
##     CONFIG.PCW_TTC1_CLK2_PERIPHERAL_DIVISOR0 {1} \
##     CONFIG.PCW_UART0_BASEADDR {0xE0000000} \
##     CONFIG.PCW_UART0_BAUD_RATE {115200} \
##     CONFIG.PCW_UART0_GRP_FULL_ENABLE {0} \
##     CONFIG.PCW_UART0_HIGHADDR {0xE0000FFF} \
##     CONFIG.PCW_UART0_PERIPHERAL_ENABLE {1} \
##     CONFIG.PCW_UART0_UART0_IO {MIO 14 .. 15} \
##     CONFIG.PCW_UART1_PERIPHERAL_ENABLE {0} \
##     CONFIG.PCW_UART_PERIPHERAL_CLKSRC {IO PLL} \
##     CONFIG.PCW_UART_PERIPHERAL_FREQMHZ {100} \
##     CONFIG.PCW_UART_PERIPHERAL_VALID {1} \
##     CONFIG.PCW_UIPARAM_ACT_DDR_FREQ_MHZ {525.000000} \
##     CONFIG.PCW_UIPARAM_DDR_ADV_ENABLE {0} \
##     CONFIG.PCW_UIPARAM_DDR_AL {0} \
##     CONFIG.PCW_UIPARAM_DDR_BL {8} \
##     CONFIG.PCW_UIPARAM_DDR_BOARD_DELAY0 {0.279} \
##     CONFIG.PCW_UIPARAM_DDR_BOARD_DELAY1 {0.260} \
##     CONFIG.PCW_UIPARAM_DDR_BOARD_DELAY2 {0.085} \
##     CONFIG.PCW_UIPARAM_DDR_BOARD_DELAY3 {0.092} \
##     CONFIG.PCW_UIPARAM_DDR_BUS_WIDTH {16 Bit} \
##     CONFIG.PCW_UIPARAM_DDR_CLOCK_0_LENGTH_MM {27.95} \
##     CONFIG.PCW_UIPARAM_DDR_CLOCK_0_PACKAGE_LENGTH {80.4535} \
##     CONFIG.PCW_UIPARAM_DDR_CLOCK_0_PROPOGATION_DELAY {160} \
##     CONFIG.PCW_UIPARAM_DDR_CLOCK_1_LENGTH_MM {27.95} \
##     CONFIG.PCW_UIPARAM_DDR_CLOCK_1_PACKAGE_LENGTH {80.4535} \
##     CONFIG.PCW_UIPARAM_DDR_CLOCK_1_PROPOGATION_DELAY {160} \
##     CONFIG.PCW_UIPARAM_DDR_CLOCK_2_LENGTH_MM {0} \
##     CONFIG.PCW_UIPARAM_DDR_CLOCK_2_PACKAGE_LENGTH {80.4535} \
##     CONFIG.PCW_UIPARAM_DDR_CLOCK_2_PROPOGATION_DELAY {160} \
##     CONFIG.PCW_UIPARAM_DDR_CLOCK_3_LENGTH_MM {0} \
##     CONFIG.PCW_UIPARAM_DDR_CLOCK_3_PACKAGE_LENGTH {80.4535} \
##     CONFIG.PCW_UIPARAM_DDR_CLOCK_3_PROPOGATION_DELAY {160} \
##     CONFIG.PCW_UIPARAM_DDR_CLOCK_STOP_EN {0} \
##     CONFIG.PCW_UIPARAM_DDR_DQS_0_LENGTH_MM {32.14} \
##     CONFIG.PCW_UIPARAM_DDR_DQS_0_PACKAGE_LENGTH {105.056} \
##     CONFIG.PCW_UIPARAM_DDR_DQS_0_PROPOGATION_DELAY {160} \
##     CONFIG.PCW_UIPARAM_DDR_DQS_1_LENGTH_MM {31.12} \
##     CONFIG.PCW_UIPARAM_DDR_DQS_1_PACKAGE_LENGTH {66.904} \
##     CONFIG.PCW_UIPARAM_DDR_DQS_1_PROPOGATION_DELAY {160} \
##     CONFIG.PCW_UIPARAM_DDR_DQS_2_LENGTH_MM {0} \
##     CONFIG.PCW_UIPARAM_DDR_DQS_2_PACKAGE_LENGTH {89.1715} \
##     CONFIG.PCW_UIPARAM_DDR_DQS_2_PROPOGATION_DELAY {160} \
##     CONFIG.PCW_UIPARAM_DDR_DQS_3_LENGTH_MM {0} \
##     CONFIG.PCW_UIPARAM_DDR_DQS_3_PACKAGE_LENGTH {113.63} \
##     CONFIG.PCW_UIPARAM_DDR_DQS_3_PROPOGATION_DELAY {160} \
##     CONFIG.PCW_UIPARAM_DDR_DQS_TO_CLK_DELAY_0 {-0.051} \
##     CONFIG.PCW_UIPARAM_DDR_DQS_TO_CLK_DELAY_1 {-0.006} \
##     CONFIG.PCW_UIPARAM_DDR_DQS_TO_CLK_DELAY_2 {-0.009} \
##     CONFIG.PCW_UIPARAM_DDR_DQS_TO_CLK_DELAY_3 {-0.033} \
##     CONFIG.PCW_UIPARAM_DDR_DQ_0_LENGTH_MM {32.2} \
##     CONFIG.PCW_UIPARAM_DDR_DQ_0_PACKAGE_LENGTH {98.503} \
##     CONFIG.PCW_UIPARAM_DDR_DQ_0_PROPOGATION_DELAY {160} \
##     CONFIG.PCW_UIPARAM_DDR_DQ_1_LENGTH_MM {31.08} \
##     CONFIG.PCW_UIPARAM_DDR_DQ_1_PACKAGE_LENGTH {68.5855} \
##     CONFIG.PCW_UIPARAM_DDR_DQ_1_PROPOGATION_DELAY {160} \
##     CONFIG.PCW_UIPARAM_DDR_DQ_2_LENGTH_MM {0} \
##     CONFIG.PCW_UIPARAM_DDR_DQ_2_PACKAGE_LENGTH {90.295} \
##     CONFIG.PCW_UIPARAM_DDR_DQ_2_PROPOGATION_DELAY {160} \
##     CONFIG.PCW_UIPARAM_DDR_DQ_3_LENGTH_MM {0} \
##     CONFIG.PCW_UIPARAM_DDR_DQ_3_PACKAGE_LENGTH {103.977} \
##     CONFIG.PCW_UIPARAM_DDR_DQ_3_PROPOGATION_DELAY {160} \
##     CONFIG.PCW_UIPARAM_DDR_ECC {Disabled} \
##     CONFIG.PCW_UIPARAM_DDR_ENABLE {1} \
##     CONFIG.PCW_UIPARAM_DDR_FREQ_MHZ {525} \
##     CONFIG.PCW_UIPARAM_DDR_HIGH_TEMP {Normal (0-85)} \
##     CONFIG.PCW_UIPARAM_DDR_MEMORY_TYPE {DDR 3} \
##     CONFIG.PCW_UIPARAM_DDR_PARTNO {MT41J256M16 RE-125} \
##     CONFIG.PCW_UIPARAM_DDR_TRAIN_DATA_EYE {1} \
##     CONFIG.PCW_UIPARAM_DDR_TRAIN_READ_GATE {1} \
##     CONFIG.PCW_UIPARAM_DDR_TRAIN_WRITE_LEVEL {1} \
##     CONFIG.PCW_UIPARAM_DDR_USE_INTERNAL_VREF {0} \
##     CONFIG.PCW_UIPARAM_GENERATE_SUMMARY {NA} \
##     CONFIG.PCW_USB0_BASEADDR {0xE0102000} \
##     CONFIG.PCW_USB0_HIGHADDR {0xE0102fff} \
##     CONFIG.PCW_USB0_PERIPHERAL_ENABLE {1} \
##     CONFIG.PCW_USB0_RESET_ENABLE {1} \
##     CONFIG.PCW_USB0_RESET_IO {MIO 46} \
##     CONFIG.PCW_USB0_USB0_IO {MIO 28 .. 39} \
##     CONFIG.PCW_USB1_PERIPHERAL_ENABLE {0} \
##     CONFIG.PCW_USB_RESET_ENABLE {1} \
##     CONFIG.PCW_USB_RESET_POLARITY {Active Low} \
##     CONFIG.PCW_USB_RESET_SELECT {Share reset pin} \
##     CONFIG.PCW_USE_AXI_FABRIC_IDLE {0} \
##     CONFIG.PCW_USE_AXI_NONSECURE {0} \
##     CONFIG.PCW_USE_CORESIGHT {0} \
##     CONFIG.PCW_USE_CROSS_TRIGGER {0} \
##     CONFIG.PCW_USE_CR_FABRIC {1} \
##     CONFIG.PCW_USE_DDR_BYPASS {0} \
##     CONFIG.PCW_USE_DEBUG {0} \
##     CONFIG.PCW_USE_DMA0 {0} \
##     CONFIG.PCW_USE_DMA1 {0} \
##     CONFIG.PCW_USE_DMA2 {0} \
##     CONFIG.PCW_USE_DMA3 {0} \
##     CONFIG.PCW_USE_EXPANDED_IOP {0} \
##     CONFIG.PCW_USE_FABRIC_INTERRUPT {0} \
##     CONFIG.PCW_USE_HIGH_OCM {0} \
##     CONFIG.PCW_USE_M_AXI_GP0 {1} \
##     CONFIG.PCW_USE_M_AXI_GP1 {0} \
##     CONFIG.PCW_USE_PROC_EVENT_BUS {0} \
##     CONFIG.PCW_USE_PS_SLCR_REGISTERS {0} \
##     CONFIG.PCW_USE_S_AXI_ACP {0} \
##     CONFIG.PCW_USE_S_AXI_GP0 {0} \
##     CONFIG.PCW_USE_S_AXI_GP1 {0} \
##     CONFIG.PCW_USE_S_AXI_HP0 {1} \
##     CONFIG.PCW_USE_S_AXI_HP1 {0} \
##     CONFIG.PCW_USE_S_AXI_HP2 {0} \
##     CONFIG.PCW_USE_S_AXI_HP3 {0} \
##     CONFIG.PCW_USE_TRACE {0} \
##     CONFIG.PCW_VALUE_SILVERSION {3} \
##     CONFIG.PCW_WDT_PERIPHERAL_CLKSRC {CPU_1X} \
##     CONFIG.PCW_WDT_PERIPHERAL_DIVISOR0 {1} \
##   ] $processing_system7_0
## 
## 
##   # Create instance: rgb2dvi_0, and set properties
##   set rgb2dvi_0 [ create_bd_cell -type ip -vlnv digilentinc.com:ip:rgb2dvi:1.4 rgb2dvi_0 ]
##   set_property CONFIG.kClkRange {3} $rgb2dvi_0
## 
## 
##   # Create instance: rst_ps7_0_100M, and set properties
##   set rst_ps7_0_100M [ create_bd_cell -type ip -vlnv xilinx.com:ip:proc_sys_reset:5.0 rst_ps7_0_100M ]
## 
##   # Create instance: smartconnect_0, and set properties
##   set smartconnect_0 [ create_bd_cell -type ip -vlnv xilinx.com:ip:smartconnect:1.0 smartconnect_0 ]
##   set_property -dict [list \
##     CONFIG.NUM_MI {5} \
##     CONFIG.NUM_SI {1} \
##   ] $smartconnect_0
## 
## 
##   # Create instance: v_axi4s_vid_out_0, and set properties
##   set v_axi4s_vid_out_0 [ create_bd_cell -type ip -vlnv xilinx.com:ip:v_axi4s_vid_out:4.0 v_axi4s_vid_out_0 ]
##   set_property CONFIG.C_HAS_ASYNC_CLK {1} $v_axi4s_vid_out_0
## 
## 
##   # Create instance: v_tc_0, and set properties
##   set v_tc_0 [ create_bd_cell -type ip -vlnv xilinx.com:ip:v_tc:6.2 v_tc_0 ]
##   set_property -dict [list \
##     CONFIG.HAS_AXI4_LITE {true} \
##     CONFIG.VIDEO_MODE {720p} \
##     CONFIG.enable_detection {false} \
##     CONFIG.max_clocks_per_line {2048} \
##     CONFIG.max_lines_per_frame {1024} \
##   ] $v_tc_0
## 
## 
##   # Create instance: dvi2rgb_0, and set properties
##   set dvi2rgb_0 [ create_bd_cell -type ip -vlnv digilentinc.com:ip:dvi2rgb:2.0 dvi2rgb_0 ]
## 
##   # Create instance: v_vid_in_axi4s_0, and set properties
##   set v_vid_in_axi4s_0 [ create_bd_cell -type ip -vlnv xilinx.com:ip:v_vid_in_axi4s:5.0 v_vid_in_axi4s_0 ]
##   set_property CONFIG.C_HAS_ASYNC_CLK {1} $v_vid_in_axi4s_0
## 
## 
##   # Create instance: axi_gpio_1, and set properties
##   set axi_gpio_1 [ create_bd_cell -type ip -vlnv xilinx.com:ip:axi_gpio:2.0 axi_gpio_1 ]
##   set_property -dict [list \
##     CONFIG.C_ALL_INPUTS {1} \
##     CONFIG.C_GPIO_WIDTH {1} \
##   ] $axi_gpio_1
## 
## 
##   # Create instance: axi_gpio_2, and set properties
##   set axi_gpio_2 [ create_bd_cell -type ip -vlnv xilinx.com:ip:axi_gpio:2.0 axi_gpio_2 ]
##   set_property -dict [list \
##     CONFIG.C_ALL_INPUTS {1} \
##     CONFIG.C_GPIO_WIDTH {1} \
##   ] $axi_gpio_2
## 
## 
##   # Create instance: util_vector_logic_0, and set properties
##   set util_vector_logic_0 [ create_bd_cell -type ip -vlnv xilinx.com:ip:util_vector_logic:2.0 util_vector_logic_0 ]
##   set_property -dict [list \
##     CONFIG.C_OPERATION {not} \
##     CONFIG.C_SIZE {1} \
##   ] $util_vector_logic_0
## 
## 
##   # Create instance: video_gray_live_0, and set properties
##   set video_gray_live_0 [ create_bd_cell -type ip -vlnv xilinx.com:hls:video_gray_live:1.0 video_gray_live_0 ]
## 
##   # Create instance: axis_data_fifo_0, and set properties
##   set axis_data_fifo_0 [ create_bd_cell -type ip -vlnv xilinx.com:ip:axis_data_fifo:2.0 axis_data_fifo_0 ]
##   set_property CONFIG.FIFO_DEPTH {8192} $axis_data_fifo_0
## 
## 
##   # Create instance: axis_register_slice_0, and set properties
##   set axis_register_slice_0 [ create_bd_cell -type ip -vlnv xilinx.com:ip:axis_register_slice:1.1 axis_register_slice_0 ]
## 
##   # Create interface connections
##   connect_bd_intf_net -intf_net TMDS_0_1 [get_bd_intf_ports TMDS_0] [get_bd_intf_pins dvi2rgb_0/TMDS]
##   connect_bd_intf_net -intf_net axis_data_fifo_0_M_AXIS [get_bd_intf_pins axis_data_fifo_0/M_AXIS] [get_bd_intf_pins v_axi4s_vid_out_0/video_in]
##   connect_bd_intf_net -intf_net dvi2rgb_0_DDC [get_bd_intf_ports DDC_0] [get_bd_intf_pins dvi2rgb_0/DDC]
##   connect_bd_intf_net -intf_net dvi2rgb_0_RGB [get_bd_intf_pins dvi2rgb_0/RGB] [get_bd_intf_pins v_vid_in_axi4s_0/vid_io_in]
##   connect_bd_intf_net -intf_net processing_system7_0_DDR [get_bd_intf_ports DDR] [get_bd_intf_pins processing_system7_0/DDR]
##   connect_bd_intf_net -intf_net processing_system7_0_M_AXI_GP0 [get_bd_intf_pins processing_system7_0/M_AXI_GP0] [get_bd_intf_pins smartconnect_0/S00_AXI]
##   connect_bd_intf_net -intf_net smartconnect_0_M00_AXI [get_bd_intf_pins smartconnect_0/M00_AXI] [get_bd_intf_pins v_tc_0/ctrl]
##   connect_bd_intf_net -intf_net smartconnect_0_M01_AXI [get_bd_intf_pins smartconnect_0/M01_AXI] [get_bd_intf_pins clk_wiz_0/s_axi_lite]
##   connect_bd_intf_net -intf_net smartconnect_0_M02_AXI [get_bd_intf_pins smartconnect_0/M02_AXI] [get_bd_intf_pins axi_gpio_0/S_AXI]
##   connect_bd_intf_net -intf_net smartconnect_0_M03_AXI [get_bd_intf_pins smartconnect_0/M03_AXI] [get_bd_intf_pins axi_gpio_1/S_AXI]
##   connect_bd_intf_net -intf_net smartconnect_0_M04_AXI [get_bd_intf_pins smartconnect_0/M04_AXI] [get_bd_intf_pins axi_gpio_2/S_AXI]
##   connect_bd_intf_net -intf_net v_axi4s_vid_out_0_vid_io_out [get_bd_intf_pins rgb2dvi_0/RGB] [get_bd_intf_pins v_axi4s_vid_out_0/vid_io_out]
##   connect_bd_intf_net -intf_net v_vid_in_axi4s_0_video_out1 [get_bd_intf_pins v_vid_in_axi4s_0/video_out] [get_bd_intf_pins video_gray_live_0/in_stream]
##   connect_bd_intf_net -intf_net v_vid_in_axi4s_0_vtiming_out [get_bd_intf_pins v_tc_0/vtiming_out] [get_bd_intf_pins v_axi4s_vid_out_0/vtiming_in]
##   connect_bd_intf_net -intf_net video_gray_live_0_out_stream [get_bd_intf_pins axis_register_slice_0/M_AXIS] [get_bd_intf_pins axis_data_fifo_0/S_AXIS]
##   connect_bd_intf_net -intf_net video_gray_live_0_out_stream1 [get_bd_intf_pins video_gray_live_0/out_stream] [get_bd_intf_pins axis_register_slice_0/S_AXIS]
## 
##   # Create port connections
##   connect_bd_net -net axi_gpio_0_gpio_io_o [get_bd_pins axi_gpio_0/gpio_io_o] [get_bd_pins v_axi4s_vid_out_0/aresetn]
##   connect_bd_net -net clk_wiz_0_clk_out1 [get_bd_pins clk_wiz_0/clk_out1] [get_bd_pins proc_sys_vid_clk/slowest_sync_clk] [get_bd_pins rgb2dvi_0/PixelClk] [get_bd_pins v_axi4s_vid_out_0/vid_io_out_clk] [get_bd_pins v_tc_0/clk]
##   connect_bd_net -net clk_wiz_0_locked [get_bd_pins clk_wiz_0/locked] [get_bd_pins proc_sys_vid_clk/dcm_locked]
##   connect_bd_net -net constant_high_dout [get_bd_pins constant_high/dout] [get_bd_pins v_axi4s_vid_out_0/aclken] [get_bd_pins v_axi4s_vid_out_0/vid_io_out_ce] [get_bd_pins v_tc_0/clken] [get_bd_pins v_tc_0/s_axi_aclken] [get_bd_pins v_vid_in_axi4s_0/vid_io_in_ce] [get_bd_pins v_vid_in_axi4s_0/aclken] [get_bd_pins v_vid_in_axi4s_0/axis_enable] [get_bd_ports hdmi_in_hpd]
##   connect_bd_net -net constant_low_dout [get_bd_pins constant_low/dout] [get_bd_pins v_axi4s_vid_out_0/fid]
##   connect_bd_net -net dvi2rgb_0_PixelClk [get_bd_pins dvi2rgb_0/PixelClk] [get_bd_pins v_vid_in_axi4s_0/vid_io_in_clk]
##   connect_bd_net -net dvi2rgb_0_aPixelClkLckd [get_bd_pins dvi2rgb_0/aPixelClkLckd] [get_bd_pins util_vector_logic_0/Op1]
##   connect_bd_net -net dvi2rgb_0_pLocked [get_bd_pins dvi2rgb_0/pLocked] [get_bd_pins axi_gpio_1/gpio_io_i]
##   connect_bd_net -net proc_sys_vid_clk_peripheral_aresetn [get_bd_pins proc_sys_vid_clk/peripheral_aresetn] [get_bd_pins v_tc_0/resetn]
##   connect_bd_net -net proc_sys_vid_clk_peripheral_reset [get_bd_pins proc_sys_vid_clk/peripheral_reset] [get_bd_pins rgb2dvi_0/aRst] [get_bd_pins v_axi4s_vid_out_0/vid_io_out_reset]
##   connect_bd_net -net processing_system7_0_FCLK_CLK0 [get_bd_pins processing_system7_0/FCLK_CLK0] [get_bd_pins axi_gpio_0/s_axi_aclk] [get_bd_pins clk_wiz_0/clk_in1] [get_bd_pins clk_wiz_0/s_axi_aclk] [get_bd_pins processing_system7_0/M_AXI_GP0_ACLK] [get_bd_pins rst_ps7_0_100M/slowest_sync_clk] [get_bd_pins smartconnect_0/aclk] [get_bd_pins v_axi4s_vid_out_0/aclk] [get_bd_pins v_tc_0/s_axi_aclk] [get_bd_pins processing_system7_0/S_AXI_HP0_ACLK] [get_bd_pins v_vid_in_axi4s_0/aclk] [get_bd_pins axi_gpio_1/s_axi_aclk] [get_bd_pins axi_gpio_2/s_axi_aclk] [get_bd_pins axis_data_fifo_0/s_axis_aclk] [get_bd_pins axis_register_slice_0/aclk] [get_bd_pins video_gray_live_0/ap_clk]
##   connect_bd_net -net processing_system7_0_FCLK_CLK1 [get_bd_pins processing_system7_0/FCLK_CLK1] [get_bd_pins dvi2rgb_0/RefClk]
##   connect_bd_net -net processing_system7_0_FCLK_RESET0_N [get_bd_pins processing_system7_0/FCLK_RESET0_N] [get_bd_pins proc_sys_vid_clk/ext_reset_in] [get_bd_pins rst_ps7_0_100M/ext_reset_in]
##   connect_bd_net -net rgb2dvi_0_TMDS_Clk_n [get_bd_pins rgb2dvi_0/TMDS_Clk_n] [get_bd_ports TMDS_Clk_n_0]
##   connect_bd_net -net rgb2dvi_0_TMDS_Clk_p [get_bd_pins rgb2dvi_0/TMDS_Clk_p] [get_bd_ports TMDS_Clk_p_0]
##   connect_bd_net -net rgb2dvi_0_TMDS_Data_n [get_bd_pins rgb2dvi_0/TMDS_Data_n] [get_bd_ports TMDS_Data_n_0]
##   connect_bd_net -net rgb2dvi_0_TMDS_Data_p [get_bd_pins rgb2dvi_0/TMDS_Data_p] [get_bd_ports TMDS_Data_p_0]
##   connect_bd_net -net rst_ps7_0_100M_peripheral_aresetn [get_bd_pins rst_ps7_0_100M/peripheral_aresetn] [get_bd_pins axi_gpio_0/s_axi_aresetn] [get_bd_pins clk_wiz_0/s_axi_aresetn] [get_bd_pins smartconnect_0/aresetn] [get_bd_pins v_tc_0/s_axi_aresetn] [get_bd_pins v_vid_in_axi4s_0/aresetn] [get_bd_pins axi_gpio_1/s_axi_aresetn] [get_bd_pins axi_gpio_2/s_axi_aresetn] [get_bd_pins axis_data_fifo_0/s_axis_aresetn] [get_bd_pins axis_register_slice_0/aresetn] [get_bd_pins video_gray_live_0/ap_rst_n]
##   connect_bd_net -net rst_ps7_0_100M_peripheral_reset [get_bd_pins rst_ps7_0_100M/peripheral_reset] [get_bd_pins dvi2rgb_0/aRst] [get_bd_pins dvi2rgb_0/pRst]
##   connect_bd_net -net util_vector_logic_0_Res [get_bd_pins util_vector_logic_0/Res] [get_bd_pins v_vid_in_axi4s_0/vid_io_in_reset]
##   connect_bd_net -net v_axi4s_vid_out_0_locked [get_bd_pins v_axi4s_vid_out_0/locked] [get_bd_ports locked] [get_bd_pins axi_gpio_2/gpio_io_i]
##   connect_bd_net -net v_axi4s_vid_out_0_sof_state_out [get_bd_pins v_axi4s_vid_out_0/sof_state_out] [get_bd_pins v_tc_0/sof_state]
##   connect_bd_net -net v_axi4s_vid_out_0_vtg_ce [get_bd_pins v_axi4s_vid_out_0/vtg_ce] [get_bd_pins v_tc_0/gen_clken]
## 
##   # Create address segments
##   assign_bd_address -offset 0x41200000 -range 0x00010000 -target_address_space [get_bd_addr_spaces processing_system7_0/Data] [get_bd_addr_segs axi_gpio_0/S_AXI/Reg] -force
##   assign_bd_address -offset 0x41210000 -range 0x00010000 -target_address_space [get_bd_addr_spaces processing_system7_0/Data] [get_bd_addr_segs axi_gpio_1/S_AXI/Reg] -force
##   assign_bd_address -offset 0x41220000 -range 0x00010000 -target_address_space [get_bd_addr_spaces processing_system7_0/Data] [get_bd_addr_segs axi_gpio_2/S_AXI/Reg] -force
##   assign_bd_address -offset 0x43C10000 -range 0x00010000 -target_address_space [get_bd_addr_spaces processing_system7_0/Data] [get_bd_addr_segs clk_wiz_0/s_axi_lite/Reg] -force
##   assign_bd_address -offset 0x43C20000 -range 0x00010000 -target_address_space [get_bd_addr_spaces processing_system7_0/Data] [get_bd_addr_segs v_tc_0/ctrl/Reg] -force
## 
## 
##   # Restore current instance
##   current_bd_instance $oldCurInst
## 
##   validate_bd_design
##   save_bd_design
## }
## create_root_design ""
INFO: [Device 21-403] Loading part xc7z020clg400-1
CRITICAL WARNING: [PSU-1]  Parameter : PCW_UIPARAM_DDR_DQS_TO_CLK_DELAY_0 has negative value -0.051 . PS DDR interfaces might fail when entering negative DQS skew values. 
CRITICAL WARNING: [PSU-2]  Parameter : PCW_UIPARAM_DDR_DQS_TO_CLK_DELAY_1 has negative value -0.006 . PS DDR interfaces might fail when entering negative DQS skew values. 
CRITICAL WARNING: [PSU-3]  Parameter : PCW_UIPARAM_DDR_DQS_TO_CLK_DELAY_2 has negative value -0.009 . PS DDR interfaces might fail when entering negative DQS skew values. 
CRITICAL WARNING: [PSU-4]  Parameter : PCW_UIPARAM_DDR_DQS_TO_CLK_DELAY_3 has negative value -0.033 . PS DDR interfaces might fail when entering negative DQS skew values. 
CRITICAL WARNING: [PSU-1]  Parameter : PCW_UIPARAM_DDR_DQS_TO_CLK_DELAY_0 has negative value -0.051 . PS DDR interfaces might fail when entering negative DQS skew values. 
CRITICAL WARNING: [PSU-2]  Parameter : PCW_UIPARAM_DDR_DQS_TO_CLK_DELAY_1 has negative value -0.006 . PS DDR interfaces might fail when entering negative DQS skew values. 
CRITICAL WARNING: [PSU-3]  Parameter : PCW_UIPARAM_DDR_DQS_TO_CLK_DELAY_2 has negative value -0.009 . PS DDR interfaces might fail when entering negative DQS skew values. 
CRITICAL WARNING: [PSU-4]  Parameter : PCW_UIPARAM_DDR_DQS_TO_CLK_DELAY_3 has negative value -0.033 . PS DDR interfaces might fail when entering negative DQS skew values. 
WARNING: [BD 41-1306] The connection to interface pin </axi_gpio_0/gpio_io_o> is being overridden by the user with net <axi_gpio_0_gpio_io_o>. This pin will not be connected as a part of interface connection <GPIO>.
WARNING: [BD 41-1306] The connection to interface pin </axi_gpio_1/gpio_io_i> is being overridden by the user with net <dvi2rgb_0_pLocked>. This pin will not be connected as a part of interface connection <GPIO>.
WARNING: [BD 41-1306] The connection to interface pin </rgb2dvi_0/TMDS_Clk_n> is being overridden by the user with net <rgb2dvi_0_TMDS_Clk_n>. This pin will not be connected as a part of interface connection <TMDS>.
WARNING: [BD 41-1306] The connection to interface pin </rgb2dvi_0/TMDS_Clk_p> is being overridden by the user with net <rgb2dvi_0_TMDS_Clk_p>. This pin will not be connected as a part of interface connection <TMDS>.
WARNING: [BD 41-1306] The connection to interface pin </rgb2dvi_0/TMDS_Data_n> is being overridden by the user with net <rgb2dvi_0_TMDS_Data_n>. This pin will not be connected as a part of interface connection <TMDS>.
WARNING: [BD 41-1306] The connection to interface pin </rgb2dvi_0/TMDS_Data_p> is being overridden by the user with net <rgb2dvi_0_TMDS_Data_p>. This pin will not be connected as a part of interface connection <TMDS>.
WARNING: [BD 41-1306] The connection to interface pin </axi_gpio_2/gpio_io_i> is being overridden by the user with net <v_axi4s_vid_out_0_locked>. This pin will not be connected as a part of interface connection <GPIO>.
Slave segment '/axi_gpio_0/S_AXI/Reg' is being assigned into address space '/processing_system7_0/Data' at <0x4120_0000 [ 64K ]>.
Slave segment '/axi_gpio_1/S_AXI/Reg' is being assigned into address space '/processing_system7_0/Data' at <0x4121_0000 [ 64K ]>.
Slave segment '/axi_gpio_2/S_AXI/Reg' is being assigned into address space '/processing_system7_0/Data' at <0x4122_0000 [ 64K ]>.
Slave segment '/clk_wiz_0/s_axi_lite/Reg' is being assigned into address space '/processing_system7_0/Data' at <0x43C1_0000 [ 64K ]>.
Slave segment '/v_tc_0/ctrl/Reg' is being assigned into address space '/processing_system7_0/Data' at <0x43C2_0000 [ 64K ]>.
CRITICAL WARNING: [PSU-1]  Parameter : PCW_UIPARAM_DDR_DQS_TO_CLK_DELAY_0 has negative value -0.051 . PS DDR interfaces might fail when entering negative DQS skew values. 
CRITICAL WARNING: [PSU-2]  Parameter : PCW_UIPARAM_DDR_DQS_TO_CLK_DELAY_1 has negative value -0.006 . PS DDR interfaces might fail when entering negative DQS skew values. 
CRITICAL WARNING: [PSU-3]  Parameter : PCW_UIPARAM_DDR_DQS_TO_CLK_DELAY_2 has negative value -0.009 . PS DDR interfaces might fail when entering negative DQS skew values. 
CRITICAL WARNING: [PSU-4]  Parameter : PCW_UIPARAM_DDR_DQS_TO_CLK_DELAY_3 has negative value -0.033 . PS DDR interfaces might fail when entering negative DQS skew values. 
INFO: [BD 5-943] Reserving offset range <0x43C2_0000 [ 64K ]> from slave interface '/smartconnect_0/S00_AXI' to master interface '/smartconnect_0/M00_AXI'. This will be used by smartconnect on path for routing.
INFO: [BD 5-943] Reserving offset range <0x43C1_0000 [ 64K ]> from slave interface '/smartconnect_0/S00_AXI' to master interface '/smartconnect_0/M01_AXI'. This will be used by smartconnect on path for routing.
INFO: [BD 5-943] Reserving offset range <0x4120_0000 [ 64K ]> from slave interface '/smartconnect_0/S00_AXI' to master interface '/smartconnect_0/M02_AXI'. This will be used by smartconnect on path for routing.
INFO: [BD 5-943] Reserving offset range <0x4121_0000 [ 64K ]> from slave interface '/smartconnect_0/S00_AXI' to master interface '/smartconnect_0/M03_AXI'. This will be used by smartconnect on path for routing.
INFO: [BD 5-943] Reserving offset range <0x4122_0000 [ 64K ]> from slave interface '/smartconnect_0/S00_AXI' to master interface '/smartconnect_0/M04_AXI'. This will be used by smartconnect on path for routing.
INFO: [xilinx.com:ip:smartconnect:1.0-1] video_out_pynq_z2_smartconnect_0_0: SmartConnect video_out_pynq_z2_smartconnect_0_0 is in Low-Area Mode.
WARNING: [xilinx.com:ip:smartconnect:1.0-1] video_out_pynq_z2_smartconnect_0_0: IP video_out_pynq_z2_smartconnect_0_0 is configured in Low-area mode as all propagated traffic is low-bandwidth (AXI4LITE). SI S00_AXI has property HAS_BURST == 1. WRAP bursts are not supported in Low-area mode and will result in DECERR if received.
WARNING: [xilinx.com:ip:smartconnect:1.0-1] video_out_pynq_z2_smartconnect_0_0: If WRAP transactions are required then turn off Low-area mode using ADVANCED_PROPERTIES. Execute following: set_property CONFIG.ADVANCED_PROPERTIES {__experimental_features__ {disable_low_area_mode 1}} [get_bd_cells /video_out_pynq_z2_smartconnect_0_0]
INFO: [xilinx.com:ip:clk_wiz:6.0-1] /clk_wiz_0 clk_wiz propagate
validate_bd_design: Time (s): cpu = 00:00:07 ; elapsed = 00:00:07 . Memory (MB): peak = 1163.293 ; gain = 95.680
Wrote  : <C:\selected_topics_hdmi\pyzq\hw\hw_proj\hw_proj.srcs\sources_1\bd\video_out_pynq_z2\video_out_pynq_z2.bd> 
# regenerate_bd_layout
# save_bd_design
# make_wrapper -files [get_files ${BD_name}.bd] -top
INFO: [BD 41-1662] The design 'video_out_pynq_z2.bd' is already validated. Therefore parameter propagation will not be re-run.
Verilog Output written to : C:/selected_topics_hdmi/pyzq/hw/hw_proj/hw_proj.gen/sources_1/bd/video_out_pynq_z2/synth/video_out_pynq_z2.v
Verilog Output written to : C:/selected_topics_hdmi/pyzq/hw/hw_proj/hw_proj.gen/sources_1/bd/video_out_pynq_z2/sim/video_out_pynq_z2.v
Verilog Output written to : C:/selected_topics_hdmi/pyzq/hw/hw_proj/hw_proj.gen/sources_1/bd/video_out_pynq_z2/hdl/video_out_pynq_z2_wrapper.v
# set obj [get_filesets sources_1]
# set files [list "[file normalize [glob "./$project_name/$project_name.gen/sources_1/bd/$BD_name/hdl/${BD_name}_wrapper.v"]]"]
# add_files -norecurse -fileset $obj $files
# generate_target all [get_files ./$project_name/$project_name.srcs/sources_1/bd/$BD_name/${BD_name}.bd]
INFO: [BD 41-1662] The design 'video_out_pynq_z2.bd' is already validated. Therefore parameter propagation will not be re-run.
Verilog Output written to : C:/selected_topics_hdmi/pyzq/hw/hw_proj/hw_proj.gen/sources_1/bd/video_out_pynq_z2/synth/video_out_pynq_z2.v
Verilog Output written to : C:/selected_topics_hdmi/pyzq/hw/hw_proj/hw_proj.gen/sources_1/bd/video_out_pynq_z2/sim/video_out_pynq_z2.v
Verilog Output written to : C:/selected_topics_hdmi/pyzq/hw/hw_proj/hw_proj.gen/sources_1/bd/video_out_pynq_z2/hdl/video_out_pynq_z2_wrapper.v
INFO: [BD 41-1029] Generation completed for the IP Integrator block axi_gpio_0 .
INFO: [BD 41-1029] Generation completed for the IP Integrator block clk_wiz_0 .
INFO: [BD 41-1029] Generation completed for the IP Integrator block constant_high .
INFO: [BD 41-1029] Generation completed for the IP Integrator block constant_low .
INFO: [BD 41-1029] Generation completed for the IP Integrator block proc_sys_vid_clk .
INFO: [IP_Flow 19-5611] Unable to find an associated reset port for the interface 'M_AXI_GP0'. A default connection has been created.
INFO: [IP_Flow 19-5611] Unable to find an associated reset port for the interface 'S_AXI_HP0'. A default connection has been created.
INFO: [BD 41-1029] Generation completed for the IP Integrator block processing_system7_0 .
INFO: [BD 41-1029] Generation completed for the IP Integrator block rgb2dvi_0 .
INFO: [BD 41-1029] Generation completed for the IP Integrator block rst_ps7_0_100M .
WARNING: [BD 41-2384] Width mismatch when connecting pin: '/s00_nodes/s00_ar_node/s_sc_payld'(148) to pin: '/s00_nodes/S_SC_AR_payld'(144) - Only lower order bits will be connected.
WARNING: [BD 41-2384] Width mismatch when connecting pin: '/s00_nodes/s00_aw_node/s_sc_payld'(148) to pin: '/s00_nodes/S_SC_AW_payld'(144) - Only lower order bits will be connected.
WARNING: [BD 41-2384] Width mismatch when connecting pin: '/m00_nodes/m00_r_node/s_sc_payld'(55) to pin: '/m00_nodes/S_SC_R_payld'(53) - Only lower order bits will be connected.
WARNING: [BD 41-2384] Width mismatch when connecting pin: '/m00_nodes/m00_b_node/s_sc_payld'(9) to pin: '/m00_nodes/S_SC_B_payld'(7) - Only lower order bits will be connected.
WARNING: [BD 41-2384] Width mismatch when connecting pin: '/m01_nodes/m01_r_node/s_sc_payld'(55) to pin: '/m01_nodes/S_SC_R_payld'(53) - Only lower order bits will be connected.
WARNING: [BD 41-2384] Width mismatch when connecting pin: '/m01_nodes/m01_b_node/s_sc_payld'(9) to pin: '/m01_nodes/S_SC_B_payld'(7) - Only lower order bits will be connected.
WARNING: [BD 41-2384] Width mismatch when connecting pin: '/m02_nodes/m02_r_node/s_sc_payld'(55) to pin: '/m02_nodes/S_SC_R_payld'(53) - Only lower order bits will be connected.
WARNING: [BD 41-2384] Width mismatch when connecting pin: '/m02_nodes/m02_b_node/s_sc_payld'(9) to pin: '/m02_nodes/S_SC_B_payld'(7) - Only lower order bits will be connected.
WARNING: [BD 41-2384] Width mismatch when connecting pin: '/m03_nodes/m03_r_node/s_sc_payld'(55) to pin: '/m03_nodes/S_SC_R_payld'(53) - Only lower order bits will be connected.
WARNING: [BD 41-2384] Width mismatch when connecting pin: '/m03_nodes/m03_b_node/s_sc_payld'(9) to pin: '/m03_nodes/S_SC_B_payld'(7) - Only lower order bits will be connected.
WARNING: [BD 41-2384] Width mismatch when connecting pin: '/m04_nodes/m04_r_node/s_sc_payld'(55) to pin: '/m04_nodes/S_SC_R_payld'(53) - Only lower order bits will be connected.
WARNING: [BD 41-2384] Width mismatch when connecting pin: '/m04_nodes/m04_b_node/s_sc_payld'(9) to pin: '/m04_nodes/S_SC_B_payld'(7) - Only lower order bits will be connected.
WARNING: [BD 41-2384] Width mismatch when connecting pin: '/s00_axi2sc/s_sc_r_payld'(53) to pin: '/s00_nodes/M_SC_R_payld'(55) - Only lower order bits will be connected.
WARNING: [BD 41-2384] Width mismatch when connecting pin: '/s00_axi2sc/s_sc_b_payld'(7) to pin: '/s00_nodes/M_SC_B_payld'(9) - Only lower order bits will be connected.
WARNING: [BD 41-2384] Width mismatch when connecting pin: '/m00_sc2axi/s_sc_ar_payld'(144) to pin: '/m00_nodes/M_SC_AR_payld'(148) - Only lower order bits will be connected.
WARNING: [BD 41-2384] Width mismatch when connecting pin: '/m00_sc2axi/s_sc_aw_payld'(144) to pin: '/m00_nodes/M_SC_AW_payld'(148) - Only lower order bits will be connected.
WARNING: [BD 41-2384] Width mismatch when connecting pin: '/m01_sc2axi/s_sc_ar_payld'(144) to pin: '/m01_nodes/M_SC_AR_payld'(148) - Only lower order bits will be connected.
WARNING: [BD 41-2384] Width mismatch when connecting pin: '/m01_sc2axi/s_sc_aw_payld'(144) to pin: '/m01_nodes/M_SC_AW_payld'(148) - Only lower order bits will be connected.
WARNING: [BD 41-2384] Width mismatch when connecting pin: '/m02_sc2axi/s_sc_ar_payld'(144) to pin: '/m02_nodes/M_SC_AR_payld'(148) - Only lower order bits will be connected.
WARNING: [BD 41-2384] Width mismatch when connecting pin: '/m02_sc2axi/s_sc_aw_payld'(144) to pin: '/m02_nodes/M_SC_AW_payld'(148) - Only lower order bits will be connected.
WARNING: [BD 41-2384] Width mismatch when connecting pin: '/m03_sc2axi/s_sc_ar_payld'(144) to pin: '/m03_nodes/M_SC_AR_payld'(148) - Only lower order bits will be connected.
WARNING: [BD 41-2384] Width mismatch when connecting pin: '/m03_sc2axi/s_sc_aw_payld'(144) to pin: '/m03_nodes/M_SC_AW_payld'(148) - Only lower order bits will be connected.
WARNING: [BD 41-2384] Width mismatch when connecting pin: '/m04_sc2axi/s_sc_ar_payld'(144) to pin: '/m04_nodes/M_SC_AR_payld'(148) - Only lower order bits will be connected.
WARNING: [BD 41-2384] Width mismatch when connecting pin: '/m04_sc2axi/s_sc_aw_payld'(144) to pin: '/m04_nodes/M_SC_AW_payld'(148) - Only lower order bits will be connected.
WARNING: [BD 41-2384] Width mismatch when connecting pin: '/s00_nodes/s00_ar_node/s_sc_payld'(148) to pin: '/s00_nodes/S_SC_AR_payld'(144) - Only lower order bits will be connected.
WARNING: [BD 41-2384] Width mismatch when connecting pin: '/s00_nodes/s00_aw_node/s_sc_payld'(148) to pin: '/s00_nodes/S_SC_AW_payld'(144) - Only lower order bits will be connected.
WARNING: [BD 41-2384] Width mismatch when connecting pin: '/m00_nodes/m00_r_node/s_sc_payld'(55) to pin: '/m00_nodes/S_SC_R_payld'(53) - Only lower order bits will be connected.
WARNING: [BD 41-2384] Width mismatch when connecting pin: '/m00_nodes/m00_b_node/s_sc_payld'(9) to pin: '/m00_nodes/S_SC_B_payld'(7) - Only lower order bits will be connected.
WARNING: [BD 41-2384] Width mismatch when connecting pin: '/m01_nodes/m01_r_node/s_sc_payld'(55) to pin: '/m01_nodes/S_SC_R_payld'(53) - Only lower order bits will be connected.
WARNING: [BD 41-2384] Width mismatch when connecting pin: '/m01_nodes/m01_b_node/s_sc_payld'(9) to pin: '/m01_nodes/S_SC_B_payld'(7) - Only lower order bits will be connected.
WARNING: [BD 41-2384] Width mismatch when connecting pin: '/m02_nodes/m02_r_node/s_sc_payld'(55) to pin: '/m02_nodes/S_SC_R_payld'(53) - Only lower order bits will be connected.
WARNING: [BD 41-2384] Width mismatch when connecting pin: '/m02_nodes/m02_b_node/s_sc_payld'(9) to pin: '/m02_nodes/S_SC_B_payld'(7) - Only lower order bits will be connected.
WARNING: [BD 41-2384] Width mismatch when connecting pin: '/m03_nodes/m03_r_node/s_sc_payld'(55) to pin: '/m03_nodes/S_SC_R_payld'(53) - Only lower order bits will be connected.
WARNING: [BD 41-2384] Width mismatch when connecting pin: '/m03_nodes/m03_b_node/s_sc_payld'(9) to pin: '/m03_nodes/S_SC_B_payld'(7) - Only lower order bits will be connected.
WARNING: [BD 41-2384] Width mismatch when connecting pin: '/m04_nodes/m04_r_node/s_sc_payld'(55) to pin: '/m04_nodes/S_SC_R_payld'(53) - Only lower order bits will be connected.
WARNING: [BD 41-2384] Width mismatch when connecting pin: '/m04_nodes/m04_b_node/s_sc_payld'(9) to pin: '/m04_nodes/S_SC_B_payld'(7) - Only lower order bits will be connected.
WARNING: [BD 41-2384] Width mismatch when connecting pin: '/s00_axi2sc/s_sc_r_payld'(53) to pin: '/s00_nodes/M_SC_R_payld'(55) - Only lower order bits will be connected.
WARNING: [BD 41-2384] Width mismatch when connecting pin: '/s00_axi2sc/s_sc_b_payld'(7) to pin: '/s00_nodes/M_SC_B_payld'(9) - Only lower order bits will be connected.
WARNING: [BD 41-2384] Width mismatch when connecting pin: '/m00_sc2axi/s_sc_ar_payld'(144) to pin: '/m00_nodes/M_SC_AR_payld'(148) - Only lower order bits will be connected.
WARNING: [BD 41-2384] Width mismatch when connecting pin: '/m00_sc2axi/s_sc_aw_payld'(144) to pin: '/m00_nodes/M_SC_AW_payld'(148) - Only lower order bits will be connected.
WARNING: [BD 41-2384] Width mismatch when connecting pin: '/m01_sc2axi/s_sc_ar_payld'(144) to pin: '/m01_nodes/M_SC_AR_payld'(148) - Only lower order bits will be connected.
WARNING: [BD 41-2384] Width mismatch when connecting pin: '/m01_sc2axi/s_sc_aw_payld'(144) to pin: '/m01_nodes/M_SC_AW_payld'(148) - Only lower order bits will be connected.
WARNING: [BD 41-2384] Width mismatch when connecting pin: '/m02_sc2axi/s_sc_ar_payld'(144) to pin: '/m02_nodes/M_SC_AR_payld'(148) - Only lower order bits will be connected.
WARNING: [BD 41-2384] Width mismatch when connecting pin: '/m02_sc2axi/s_sc_aw_payld'(144) to pin: '/m02_nodes/M_SC_AW_payld'(148) - Only lower order bits will be connected.
WARNING: [BD 41-2384] Width mismatch when connecting pin: '/m03_sc2axi/s_sc_ar_payld'(144) to pin: '/m03_nodes/M_SC_AR_payld'(148) - Only lower order bits will be connected.
WARNING: [BD 41-2384] Width mismatch when connecting pin: '/m03_sc2axi/s_sc_aw_payld'(144) to pin: '/m03_nodes/M_SC_AW_payld'(148) - Only lower order bits will be connected.
WARNING: [BD 41-2384] Width mismatch when connecting pin: '/m04_sc2axi/s_sc_ar_payld'(144) to pin: '/m04_nodes/M_SC_AR_payld'(148) - Only lower order bits will be connected.
WARNING: [BD 41-2384] Width mismatch when connecting pin: '/m04_sc2axi/s_sc_aw_payld'(144) to pin: '/m04_nodes/M_SC_AW_payld'(148) - Only lower order bits will be connected.
Exporting to file c:/selected_topics_hdmi/pyzq/hw/hw_proj/hw_proj.gen/sources_1/bd/video_out_pynq_z2/ip/video_out_pynq_z2_smartconnect_0_0/bd_0/hw_handoff/video_out_pynq_z2_smartconnect_0_0.hwh
Generated Hardware Definition File c:/selected_topics_hdmi/pyzq/hw/hw_proj/hw_proj.gen/sources_1/bd/video_out_pynq_z2/ip/video_out_pynq_z2_smartconnect_0_0/bd_0/synth/video_out_pynq_z2_smartconnect_0_0.hwdef
INFO: [BD 41-1029] Generation completed for the IP Integrator block smartconnect_0 .
INFO: [BD 41-1029] Generation completed for the IP Integrator block v_axi4s_vid_out_0 .
INFO: [BD 41-1029] Generation completed for the IP Integrator block v_tc_0 .
CRITICAL WARNING: [IP_Flow 19-4965] IP ila_pixclk was packaged with board value 'digilentinc.com:zybo-z7-10:part0:1.0'. Current project's board value is unset. Please update the project settings to match the packaged IP.
INFO: [IP_Flow 19-3422] Upgraded ila_pixclk (ILA (Integrated Logic Analyzer) 6.2) from revision 11 to revision 14
CRITICAL WARNING: [IP_Flow 19-4965] IP ila_refclk was packaged with board value 'digilentinc.com:zybo-z7-10:part0:1.0'. Current project's board value is unset. Please update the project settings to match the packaged IP.
INFO: [IP_Flow 19-3422] Upgraded ila_refclk (ILA (Integrated Logic Analyzer) 6.2) from revision 11 to revision 14
INFO: [BD 41-1029] Generation completed for the IP Integrator block dvi2rgb_0 .
INFO: [BD 41-1029] Generation completed for the IP Integrator block v_vid_in_axi4s_0 .
INFO: [BD 41-1029] Generation completed for the IP Integrator block axi_gpio_1 .
INFO: [BD 41-1029] Generation completed for the IP Integrator block axi_gpio_2 .
INFO: [BD 41-1029] Generation completed for the IP Integrator block util_vector_logic_0 .
INFO: [BD 41-1029] Generation completed for the IP Integrator block video_gray_live_0 .
INFO: [BD 41-1029] Generation completed for the IP Integrator block axis_data_fifo_0 .
INFO: [BD 41-1029] Generation completed for the IP Integrator block axis_register_slice_0 .
Exporting to file C:/selected_topics_hdmi/pyzq/hw/hw_proj/hw_proj.gen/sources_1/bd/video_out_pynq_z2/hw_handoff/video_out_pynq_z2.hwh
Generated Hardware Definition File C:/selected_topics_hdmi/pyzq/hw/hw_proj/hw_proj.gen/sources_1/bd/video_out_pynq_z2/synth/video_out_pynq_z2.hwdef
generate_target: Time (s): cpu = 00:00:38 ; elapsed = 00:00:42 . Memory (MB): peak = 1308.270 ; gain = 130.363
# create_ip_run [get_files -of_objects [get_fileset sources_1] ./$project_name/$project_name.srcs/sources_1/bd/$BD_name/${BD_name}.bd]
# launch_runs -jobs 8 [get_runs $BD_name*synth_1]
INFO: [IP_Flow 19-6924] IPCACHE: Running cache check for IP inst: video_out_pynq_z2_axi_gpio_0_0
INFO: [IP_Flow 19-6924] IPCACHE: Running cache check for IP inst: video_out_pynq_z2_clk_wiz_0_0
INFO: [IP_Flow 19-6924] IPCACHE: Running cache check for IP inst: video_out_pynq_z2_proc_sys_vid_clk_0
INFO: [IP_Flow 19-6924] IPCACHE: Running cache check for IP inst: video_out_pynq_z2_rgb2dvi_0_0
INFO: [IP_Flow 19-6924] IPCACHE: Running cache check for IP inst: video_out_pynq_z2_rst_ps7_0_100M_0
INFO: [IP_Flow 19-6924] IPCACHE: Running cache check for IP inst: video_out_pynq_z2_smartconnect_0_0
INFO: [IP_Flow 19-6924] IPCACHE: Running cache check for IP inst: video_out_pynq_z2_v_axi4s_vid_out_0_0
INFO: [IP_Flow 19-6924] IPCACHE: Running cache check for IP inst: video_out_pynq_z2_v_tc_0_0
INFO: [IP_Flow 19-6924] IPCACHE: Running cache check for IP inst: video_out_pynq_z2_dvi2rgb_0_0
INFO: [IP_Flow 19-6924] IPCACHE: Running cache check for IP inst: video_out_pynq_z2_v_vid_in_axi4s_0_0
INFO: [IP_Flow 19-6924] IPCACHE: Running cache check for IP inst: video_out_pynq_z2_axi_gpio_1_0
INFO: [IP_Flow 19-6924] IPCACHE: Running cache check for IP inst: video_out_pynq_z2_axi_gpio_2_0
INFO: [IP_Flow 19-6924] IPCACHE: Running cache check for IP inst: video_out_pynq_z2_util_vector_logic_0_0
INFO: [IP_Flow 19-6924] IPCACHE: Running cache check for IP inst: video_out_pynq_z2_video_gray_live_0_0
INFO: [IP_Flow 19-6924] IPCACHE: Running cache check for IP inst: video_out_pynq_z2_axis_data_fifo_0_0
INFO: [IP_Flow 19-6924] IPCACHE: Running cache check for IP inst: video_out_pynq_z2_axis_register_slice_0_0
[Fri May  8 21:30:27 2026] Launched video_out_pynq_z2_axi_gpio_0_0_synth_1, video_out_pynq_z2_clk_wiz_0_0_synth_1, video_out_pynq_z2_proc_sys_vid_clk_0_synth_1, video_out_pynq_z2_processing_system7_0_0_synth_1, video_out_pynq_z2_rgb2dvi_0_0_synth_1, video_out_pynq_z2_rst_ps7_0_100M_0_synth_1, video_out_pynq_z2_smartconnect_0_0_synth_1, video_out_pynq_z2_v_axi4s_vid_out_0_0_synth_1, video_out_pynq_z2_v_tc_0_0_synth_1, video_out_pynq_z2_dvi2rgb_0_0_synth_1, video_out_pynq_z2_v_vid_in_axi4s_0_0_synth_1, video_out_pynq_z2_axi_gpio_1_0_synth_1, video_out_pynq_z2_axi_gpio_2_0_synth_1, video_out_pynq_z2_util_vector_logic_0_0_synth_1, video_out_pynq_z2_video_gray_live_0_0_synth_1, video_out_pynq_z2_axis_data_fifo_0_0_synth_1, video_out_pynq_z2_axis_register_slice_0_0_synth_1...
Run output will be captured here:
video_out_pynq_z2_axi_gpio_0_0_synth_1: C:/selected_topics_hdmi/pyzq/hw/hw_proj/hw_proj.runs/video_out_pynq_z2_axi_gpio_0_0_synth_1/runme.log
video_out_pynq_z2_clk_wiz_0_0_synth_1: C:/selected_topics_hdmi/pyzq/hw/hw_proj/hw_proj.runs/video_out_pynq_z2_clk_wiz_0_0_synth_1/runme.log
video_out_pynq_z2_proc_sys_vid_clk_0_synth_1: C:/selected_topics_hdmi/pyzq/hw/hw_proj/hw_proj.runs/video_out_pynq_z2_proc_sys_vid_clk_0_synth_1/runme.log
video_out_pynq_z2_processing_system7_0_0_synth_1: C:/selected_topics_hdmi/pyzq/hw/hw_proj/hw_proj.runs/video_out_pynq_z2_processing_system7_0_0_synth_1/runme.log
video_out_pynq_z2_rgb2dvi_0_0_synth_1: C:/selected_topics_hdmi/pyzq/hw/hw_proj/hw_proj.runs/video_out_pynq_z2_rgb2dvi_0_0_synth_1/runme.log
video_out_pynq_z2_rst_ps7_0_100M_0_synth_1: C:/selected_topics_hdmi/pyzq/hw/hw_proj/hw_proj.runs/video_out_pynq_z2_rst_ps7_0_100M_0_synth_1/runme.log
video_out_pynq_z2_smartconnect_0_0_synth_1: C:/selected_topics_hdmi/pyzq/hw/hw_proj/hw_proj.runs/video_out_pynq_z2_smartconnect_0_0_synth_1/runme.log
video_out_pynq_z2_v_axi4s_vid_out_0_0_synth_1: C:/selected_topics_hdmi/pyzq/hw/hw_proj/hw_proj.runs/video_out_pynq_z2_v_axi4s_vid_out_0_0_synth_1/runme.log
video_out_pynq_z2_v_tc_0_0_synth_1: C:/selected_topics_hdmi/pyzq/hw/hw_proj/hw_proj.runs/video_out_pynq_z2_v_tc_0_0_synth_1/runme.log
video_out_pynq_z2_dvi2rgb_0_0_synth_1: C:/selected_topics_hdmi/pyzq/hw/hw_proj/hw_proj.runs/video_out_pynq_z2_dvi2rgb_0_0_synth_1/runme.log
video_out_pynq_z2_v_vid_in_axi4s_0_0_synth_1: C:/selected_topics_hdmi/pyzq/hw/hw_proj/hw_proj.runs/video_out_pynq_z2_v_vid_in_axi4s_0_0_synth_1/runme.log
video_out_pynq_z2_axi_gpio_1_0_synth_1: C:/selected_topics_hdmi/pyzq/hw/hw_proj/hw_proj.runs/video_out_pynq_z2_axi_gpio_1_0_synth_1/runme.log
video_out_pynq_z2_axi_gpio_2_0_synth_1: C:/selected_topics_hdmi/pyzq/hw/hw_proj/hw_proj.runs/video_out_pynq_z2_axi_gpio_2_0_synth_1/runme.log
video_out_pynq_z2_util_vector_logic_0_0_synth_1: C:/selected_topics_hdmi/pyzq/hw/hw_proj/hw_proj.runs/video_out_pynq_z2_util_vector_logic_0_0_synth_1/runme.log
video_out_pynq_z2_video_gray_live_0_0_synth_1: C:/selected_topics_hdmi/pyzq/hw/hw_proj/hw_proj.runs/video_out_pynq_z2_video_gray_live_0_0_synth_1/runme.log
video_out_pynq_z2_axis_data_fifo_0_0_synth_1: C:/selected_topics_hdmi/pyzq/hw/hw_proj/hw_proj.runs/video_out_pynq_z2_axis_data_fifo_0_0_synth_1/runme.log
video_out_pynq_z2_axis_register_slice_0_0_synth_1: C:/selected_topics_hdmi/pyzq/hw/hw_proj/hw_proj.runs/video_out_pynq_z2_axis_register_slice_0_0_synth_1/runme.log
# launch_runs synth_1 -jobs 8
INFO: [IP_Flow 19-6930] IPCACHE: runCacheChecks() number of threads = 8
INFO: [IP_Flow 19-6921] IPCACHE: Adding cache check func to thread queue for IP video_out_pynq_z2_axi_gpio_0_0
INFO: [IP_Flow 19-6921] IPCACHE: Adding cache check func to thread queue for IP video_out_pynq_z2_axi_gpio_1_0
INFO: [IP_Flow 19-6921] IPCACHE: Adding cache check func to thread queue for IP video_out_pynq_z2_axi_gpio_2_0
INFO: [IP_Flow 19-6921] IPCACHE: Adding cache check func to thread queue for IP video_out_pynq_z2_axis_data_fifo_0_0
INFO: [IP_Flow 19-6921] IPCACHE: Adding cache check func to thread queue for IP video_out_pynq_z2_axis_register_slice_0_0
INFO: [IP_Flow 19-6921] IPCACHE: Adding cache check func to thread queue for IP video_out_pynq_z2_clk_wiz_0_0
INFO: [IP_Flow 19-6921] IPCACHE: Adding cache check func to thread queue for IP video_out_pynq_z2_dvi2rgb_0_0
INFO: [IP_Flow 19-6921] IPCACHE: Adding cache check func to thread queue for IP video_out_pynq_z2_proc_sys_vid_clk_0
INFO: [IP_Flow 19-6921] IPCACHE: Adding cache check func to thread queue for IP video_out_pynq_z2_rgb2dvi_0_0
INFO: [IP_Flow 19-6921] IPCACHE: Adding cache check func to thread queue for IP video_out_pynq_z2_rst_ps7_0_100M_0
INFO: [IP_Flow 19-6921] IPCACHE: Adding cache check func to thread queue for IP video_out_pynq_z2_smartconnect_0_0
INFO: [IP_Flow 19-6921] IPCACHE: Adding cache check func to thread queue for IP video_out_pynq_z2_util_vector_logic_0_0
INFO: [IP_Flow 19-6921] IPCACHE: Adding cache check func to thread queue for IP video_out_pynq_z2_v_axi4s_vid_out_0_0
INFO: [IP_Flow 19-6921] IPCACHE: Adding cache check func to thread queue for IP video_out_pynq_z2_v_tc_0_0
INFO: [IP_Flow 19-6921] IPCACHE: Adding cache check func to thread queue for IP video_out_pynq_z2_v_vid_in_axi4s_0_0
INFO: [IP_Flow 19-6921] IPCACHE: Adding cache check func to thread queue for IP video_out_pynq_z2_video_gray_live_0_0
INFO: [IP_Flow 19-8020] IPCACHE: runCacheChecks() calling threadPool finishWork()
INFO: [IP_Flow 19-6924] IPCACHE: Running cache check for IP inst: video_out_pynq_z2_axi_gpio_0_0
INFO: [IP_Flow 19-6924] IPCACHE: Running cache check for IP inst: video_out_pynq_z2_axi_gpio_1_0
INFO: [IP_Flow 19-6924] IPCACHE: Running cache check for IP inst: video_out_pynq_z2_axi_gpio_2_0
INFO: [IP_Flow 19-6924] IPCACHE: Running cache check for IP inst: video_out_pynq_z2_axis_data_fifo_0_0
INFO: [IP_Flow 19-6924] IPCACHE: Running cache check for IP inst: video_out_pynq_z2_axis_register_slice_0_0
INFO: [IP_Flow 19-6924] IPCACHE: Running cache check for IP inst: video_out_pynq_z2_clk_wiz_0_0
INFO: [IP_Flow 19-6924] IPCACHE: Running cache check for IP inst: video_out_pynq_z2_dvi2rgb_0_0
INFO: [IP_Flow 19-6924] IPCACHE: Running cache check for IP inst: video_out_pynq_z2_util_vector_logic_0_0
INFO: [IP_Flow 19-6924] IPCACHE: Running cache check for IP inst: video_out_pynq_z2_v_axi4s_vid_out_0_0
INFO: [IP_Flow 19-6924] IPCACHE: Running cache check for IP inst: video_out_pynq_z2_v_tc_0_0
INFO: [IP_Flow 19-6924] IPCACHE: Running cache check for IP inst: video_out_pynq_z2_v_vid_in_axi4s_0_0
INFO: [IP_Flow 19-6924] IPCACHE: Running cache check for IP inst: video_out_pynq_z2_video_gray_live_0_0
INFO: [IP_Flow 19-6924] IPCACHE: Running cache check for IP inst: video_out_pynq_z2_proc_sys_vid_clk_0
INFO: [IP_Flow 19-6924] IPCACHE: Running cache check for IP inst: video_out_pynq_z2_rgb2dvi_0_0
INFO: [IP_Flow 19-6924] IPCACHE: Running cache check for IP inst: video_out_pynq_z2_rst_ps7_0_100M_0
INFO: [IP_Flow 19-6924] IPCACHE: Running cache check for IP inst: video_out_pynq_z2_smartconnect_0_0
WARNING: [Vivado 12-7122] Auto Incremental Compile:: No reference checkpoint was found in run synth_1. Auto-incremental flow will not be run, the standard flow will be run instead.
[Fri May  8 21:30:28 2026] Launched video_out_pynq_z2_axi_gpio_0_0_synth_1, video_out_pynq_z2_clk_wiz_0_0_synth_1, video_out_pynq_z2_proc_sys_vid_clk_0_synth_1, video_out_pynq_z2_processing_system7_0_0_synth_1, video_out_pynq_z2_rgb2dvi_0_0_synth_1, video_out_pynq_z2_rst_ps7_0_100M_0_synth_1, video_out_pynq_z2_smartconnect_0_0_synth_1, video_out_pynq_z2_v_axi4s_vid_out_0_0_synth_1, video_out_pynq_z2_v_tc_0_0_synth_1, video_out_pynq_z2_dvi2rgb_0_0_synth_1, video_out_pynq_z2_v_vid_in_axi4s_0_0_synth_1, video_out_pynq_z2_axi_gpio_1_0_synth_1, video_out_pynq_z2_axi_gpio_2_0_synth_1, video_out_pynq_z2_util_vector_logic_0_0_synth_1, video_out_pynq_z2_video_gray_live_0_0_synth_1, video_out_pynq_z2_axis_data_fifo_0_0_synth_1, video_out_pynq_z2_axis_register_slice_0_0_synth_1...
Run output will be captured here:
video_out_pynq_z2_axi_gpio_0_0_synth_1: C:/selected_topics_hdmi/pyzq/hw/hw_proj/hw_proj.runs/video_out_pynq_z2_axi_gpio_0_0_synth_1/runme.log
video_out_pynq_z2_clk_wiz_0_0_synth_1: C:/selected_topics_hdmi/pyzq/hw/hw_proj/hw_proj.runs/video_out_pynq_z2_clk_wiz_0_0_synth_1/runme.log
video_out_pynq_z2_proc_sys_vid_clk_0_synth_1: C:/selected_topics_hdmi/pyzq/hw/hw_proj/hw_proj.runs/video_out_pynq_z2_proc_sys_vid_clk_0_synth_1/runme.log
video_out_pynq_z2_processing_system7_0_0_synth_1: C:/selected_topics_hdmi/pyzq/hw/hw_proj/hw_proj.runs/video_out_pynq_z2_processing_system7_0_0_synth_1/runme.log
video_out_pynq_z2_rgb2dvi_0_0_synth_1: C:/selected_topics_hdmi/pyzq/hw/hw_proj/hw_proj.runs/video_out_pynq_z2_rgb2dvi_0_0_synth_1/runme.log
video_out_pynq_z2_rst_ps7_0_100M_0_synth_1: C:/selected_topics_hdmi/pyzq/hw/hw_proj/hw_proj.runs/video_out_pynq_z2_rst_ps7_0_100M_0_synth_1/runme.log
video_out_pynq_z2_smartconnect_0_0_synth_1: C:/selected_topics_hdmi/pyzq/hw/hw_proj/hw_proj.runs/video_out_pynq_z2_smartconnect_0_0_synth_1/runme.log
video_out_pynq_z2_v_axi4s_vid_out_0_0_synth_1: C:/selected_topics_hdmi/pyzq/hw/hw_proj/hw_proj.runs/video_out_pynq_z2_v_axi4s_vid_out_0_0_synth_1/runme.log
video_out_pynq_z2_v_tc_0_0_synth_1: C:/selected_topics_hdmi/pyzq/hw/hw_proj/hw_proj.runs/video_out_pynq_z2_v_tc_0_0_synth_1/runme.log
video_out_pynq_z2_dvi2rgb_0_0_synth_1: C:/selected_topics_hdmi/pyzq/hw/hw_proj/hw_proj.runs/video_out_pynq_z2_dvi2rgb_0_0_synth_1/runme.log
video_out_pynq_z2_v_vid_in_axi4s_0_0_synth_1: C:/selected_topics_hdmi/pyzq/hw/hw_proj/hw_proj.runs/video_out_pynq_z2_v_vid_in_axi4s_0_0_synth_1/runme.log
video_out_pynq_z2_axi_gpio_1_0_synth_1: C:/selected_topics_hdmi/pyzq/hw/hw_proj/hw_proj.runs/video_out_pynq_z2_axi_gpio_1_0_synth_1/runme.log
video_out_pynq_z2_axi_gpio_2_0_synth_1: C:/selected_topics_hdmi/pyzq/hw/hw_proj/hw_proj.runs/video_out_pynq_z2_axi_gpio_2_0_synth_1/runme.log
video_out_pynq_z2_util_vector_logic_0_0_synth_1: C:/selected_topics_hdmi/pyzq/hw/hw_proj/hw_proj.runs/video_out_pynq_z2_util_vector_logic_0_0_synth_1/runme.log
video_out_pynq_z2_video_gray_live_0_0_synth_1: C:/selected_topics_hdmi/pyzq/hw/hw_proj/hw_proj.runs/video_out_pynq_z2_video_gray_live_0_0_synth_1/runme.log
video_out_pynq_z2_axis_data_fifo_0_0_synth_1: C:/selected_topics_hdmi/pyzq/hw/hw_proj/hw_proj.runs/video_out_pynq_z2_axis_data_fifo_0_0_synth_1/runme.log
video_out_pynq_z2_axis_register_slice_0_0_synth_1: C:/selected_topics_hdmi/pyzq/hw/hw_proj/hw_proj.runs/video_out_pynq_z2_axis_register_slice_0_0_synth_1/runme.log
[Fri May  8 21:30:28 2026] Launched synth_1...
Run output will be captured here: C:/selected_topics_hdmi/pyzq/hw/hw_proj/hw_proj.runs/synth_1/runme.log
# wait_on_run synth_1
[Fri May  8 21:30:28 2026] Waiting for synth_1 to finish...

*** Running vivado
    with args -log video_out_pynq_z2_wrapper.vds -m64 -product Vivado -mode batch -messageDb vivado.pb -notrace -source video_out_pynq_z2_wrapper.tcl


ECHO is off.
ECHO is off.

****** Vivado v2023.2 (64-bit)
  **** SW Build 4029153 on Fri Oct 13 20:14:34 MDT 2023
  **** IP Build 4028589 on Sat Oct 14 00:45:43 MDT 2023
  **** SharedData Build 4025554 on Tue Oct 10 17:18:54 MDT 2023
    ** Copyright 1986-2022 Xilinx, Inc. All Rights Reserved.
    ** Copyright 2022-2023 Advanced Micro Devices, Inc. All Rights Reserved.

source video_out_pynq_z2_wrapper.tcl -notrace
INFO: [IP_Flow 19-234] Refreshing IP repositories
INFO: [IP_Flow 19-1700] Loaded user IP repository 'c:/selected_topics_hdmi/pyzq/vivado-library'.
INFO: [IP_Flow 19-1700] Loaded user IP repository 'c:/selected_topics_hdmi/pyzq/hw/ip_repo'.
INFO: [IP_Flow 19-1700] Loaded user IP repository 'c:/selected_topics_hdmi/pyzq/hw/hls_gray_ip/hls_export/myip'.
INFO: [IP_Flow 19-2313] Loaded Vivado IP repository 'C:/Xilinx_vitis/Vivado/2023.2/data/ip'.
Command: synth_design -top video_out_pynq_z2_wrapper -part xc7z020clg400-1
Starting synth_design
Attempting to get a license for feature 'Synthesis' and/or device 'xc7z020'
INFO: [Common 17-349] Got license for feature 'Synthesis' and/or device 'xc7z020'
INFO: [Device 21-403] Loading part xc7z020clg400-1
INFO: [Synth 8-7079] Multithreading enabled for synth_design using a maximum of 2 processes.
INFO: [Synth 8-7078] Launching helper process for spawning children vivado processes
INFO: [Synth 8-7075] Helper process launched with PID 40804
---------------------------------------------------------------------------------
Starting RTL Elaboration : Time (s): cpu = 00:00:05 ; elapsed = 00:00:05 . Memory (MB): peak = 1417.762 ; gain = 438.191
---------------------------------------------------------------------------------
INFO: [Synth 8-6157] synthesizing module 'video_out_pynq_z2_wrapper' [C:/selected_topics_hdmi/pyzq/hw/hw_proj/hw_proj.gen/sources_1/bd/video_out_pynq_z2/hdl/video_out_pynq_z2_wrapper.v:13]
INFO: [Synth 8-6157] synthesizing module 'IOBUF' [C:/Xilinx_vitis/Vivado/2023.2/scripts/rt/data/unisim_comp.v:78197]
INFO: [Synth 8-6155] done synthesizing module 'IOBUF' (0#1) [C:/Xilinx_vitis/Vivado/2023.2/scripts/rt/data/unisim_comp.v:78197]
INFO: [Synth 8-6157] synthesizing module 'video_out_pynq_z2' [c:/selected_topics_hdmi/pyzq/hw/hw_proj/hw_proj.gen/sources_1/bd/video_out_pynq_z2/synth/video_out_pynq_z2.v:13]
INFO: [Synth 8-6157] synthesizing module 'video_out_pynq_z2_axi_gpio_0_0' [C:/selected_topics_hdmi/pyzq/hw/hw_proj/hw_proj.runs/synth_1/.Xil/Vivado-31984-NICHOLAS/realtime/video_out_pynq_z2_axi_gpio_0_0_stub.v:6]
INFO: [Synth 8-6155] done synthesizing module 'video_out_pynq_z2_axi_gpio_0_0' (0#1) [C:/selected_topics_hdmi/pyzq/hw/hw_proj/hw_proj.runs/synth_1/.Xil/Vivado-31984-NICHOLAS/realtime/video_out_pynq_z2_axi_gpio_0_0_stub.v:6]
INFO: [Synth 8-6157] synthesizing module 'video_out_pynq_z2_axi_gpio_1_0' [C:/selected_topics_hdmi/pyzq/hw/hw_proj/hw_proj.runs/synth_1/.Xil/Vivado-31984-NICHOLAS/realtime/video_out_pynq_z2_axi_gpio_1_0_stub.v:6]
INFO: [Synth 8-6155] done synthesizing module 'video_out_pynq_z2_axi_gpio_1_0' (0#1) [C:/selected_topics_hdmi/pyzq/hw/hw_proj/hw_proj.runs/synth_1/.Xil/Vivado-31984-NICHOLAS/realtime/video_out_pynq_z2_axi_gpio_1_0_stub.v:6]
INFO: [Synth 8-6157] synthesizing module 'video_out_pynq_z2_axi_gpio_2_0' [C:/selected_topics_hdmi/pyzq/hw/hw_proj/hw_proj.runs/synth_1/.Xil/Vivado-31984-NICHOLAS/realtime/video_out_pynq_z2_axi_gpio_2_0_stub.v:6]
INFO: [Synth 8-6155] done synthesizing module 'video_out_pynq_z2_axi_gpio_2_0' (0#1) [C:/selected_topics_hdmi/pyzq/hw/hw_proj/hw_proj.runs/synth_1/.Xil/Vivado-31984-NICHOLAS/realtime/video_out_pynq_z2_axi_gpio_2_0_stub.v:6]
INFO: [Synth 8-6157] synthesizing module 'video_out_pynq_z2_axis_data_fifo_0_0' [C:/selected_topics_hdmi/pyzq/hw/hw_proj/hw_proj.runs/synth_1/.Xil/Vivado-31984-NICHOLAS/realtime/video_out_pynq_z2_axis_data_fifo_0_0_stub.v:6]
INFO: [Synth 8-6155] done synthesizing module 'video_out_pynq_z2_axis_data_fifo_0_0' (0#1) [C:/selected_topics_hdmi/pyzq/hw/hw_proj/hw_proj.runs/synth_1/.Xil/Vivado-31984-NICHOLAS/realtime/video_out_pynq_z2_axis_data_fifo_0_0_stub.v:6]
WARNING: [Synth 8-7071] port 'm_axis_tstrb' of module 'video_out_pynq_z2_axis_data_fifo_0_0' is unconnected for instance 'axis_data_fifo_0' [c:/selected_topics_hdmi/pyzq/hw/hw_proj/hw_proj.gen/sources_1/bd/video_out_pynq_z2/synth/video_out_pynq_z2.v:370]
WARNING: [Synth 8-7071] port 'm_axis_tkeep' of module 'video_out_pynq_z2_axis_data_fifo_0_0' is unconnected for instance 'axis_data_fifo_0' [c:/selected_topics_hdmi/pyzq/hw/hw_proj/hw_proj.gen/sources_1/bd/video_out_pynq_z2/synth/video_out_pynq_z2.v:370]
WARNING: [Synth 8-7071] port 'm_axis_tid' of module 'video_out_pynq_z2_axis_data_fifo_0_0' is unconnected for instance 'axis_data_fifo_0' [c:/selected_topics_hdmi/pyzq/hw/hw_proj/hw_proj.gen/sources_1/bd/video_out_pynq_z2/synth/video_out_pynq_z2.v:370]
WARNING: [Synth 8-7071] port 'm_axis_tdest' of module 'video_out_pynq_z2_axis_data_fifo_0_0' is unconnected for instance 'axis_data_fifo_0' [c:/selected_topics_hdmi/pyzq/hw/hw_proj/hw_proj.gen/sources_1/bd/video_out_pynq_z2/synth/video_out_pynq_z2.v:370]
WARNING: [Synth 8-7023] instance 'axis_data_fifo_0' of module 'video_out_pynq_z2_axis_data_fifo_0_0' has 20 connections declared, but only 16 given [c:/selected_topics_hdmi/pyzq/hw/hw_proj/hw_proj.gen/sources_1/bd/video_out_pynq_z2/synth/video_out_pynq_z2.v:370]
INFO: [Synth 8-6157] synthesizing module 'video_out_pynq_z2_axis_register_slice_0_0' [C:/selected_topics_hdmi/pyzq/hw/hw_proj/hw_proj.runs/synth_1/.Xil/Vivado-31984-NICHOLAS/realtime/video_out_pynq_z2_axis_register_slice_0_0_stub.v:6]
INFO: [Synth 8-6155] done synthesizing module 'video_out_pynq_z2_axis_register_slice_0_0' (0#1) [C:/selected_topics_hdmi/pyzq/hw/hw_proj/hw_proj.runs/synth_1/.Xil/Vivado-31984-NICHOLAS/realtime/video_out_pynq_z2_axis_register_slice_0_0_stub.v:6]
INFO: [Synth 8-6157] synthesizing module 'video_out_pynq_z2_clk_wiz_0_0' [C:/selected_topics_hdmi/pyzq/hw/hw_proj/hw_proj.runs/synth_1/.Xil/Vivado-31984-NICHOLAS/realtime/video_out_pynq_z2_clk_wiz_0_0_stub.v:6]
INFO: [Synth 8-6155] done synthesizing module 'video_out_pynq_z2_clk_wiz_0_0' (0#1) [C:/selected_topics_hdmi/pyzq/hw/hw_proj/hw_proj.runs/synth_1/.Xil/Vivado-31984-NICHOLAS/realtime/video_out_pynq_z2_clk_wiz_0_0_stub.v:6]
INFO: [Synth 8-6157] synthesizing module 'video_out_pynq_z2_constant_high_0' [c:/selected_topics_hdmi/pyzq/hw/hw_proj/hw_proj.gen/sources_1/bd/video_out_pynq_z2/ip/video_out_pynq_z2_constant_high_0/synth/video_out_pynq_z2_constant_high_0.v:53]
INFO: [Synth 8-6157] synthesizing module 'xlconstant_v1_1_8_xlconstant' [c:/selected_topics_hdmi/pyzq/hw/hw_proj/hw_proj.gen/sources_1/bd/video_out_pynq_z2/ipshared/d390/hdl/xlconstant_v1_1_vl_rfs.v:68]
INFO: [Synth 8-6155] done synthesizing module 'xlconstant_v1_1_8_xlconstant' (0#1) [c:/selected_topics_hdmi/pyzq/hw/hw_proj/hw_proj.gen/sources_1/bd/video_out_pynq_z2/ipshared/d390/hdl/xlconstant_v1_1_vl_rfs.v:68]
INFO: [Synth 8-6155] done synthesizing module 'video_out_pynq_z2_constant_high_0' (0#1) [c:/selected_topics_hdmi/pyzq/hw/hw_proj/hw_proj.gen/sources_1/bd/video_out_pynq_z2/ip/video_out_pynq_z2_constant_high_0/synth/video_out_pynq_z2_constant_high_0.v:53]
INFO: [Synth 8-6157] synthesizing module 'video_out_pynq_z2_constant_low_0' [c:/selected_topics_hdmi/pyzq/hw/hw_proj/hw_proj.gen/sources_1/bd/video_out_pynq_z2/ip/video_out_pynq_z2_constant_low_0/synth/video_out_pynq_z2_constant_low_0.v:53]
INFO: [Synth 8-6157] synthesizing module 'xlconstant_v1_1_8_xlconstant__parameterized0' [c:/selected_topics_hdmi/pyzq/hw/hw_proj/hw_proj.gen/sources_1/bd/video_out_pynq_z2/ipshared/d390/hdl/xlconstant_v1_1_vl_rfs.v:68]
INFO: [Synth 8-6155] done synthesizing module 'xlconstant_v1_1_8_xlconstant__parameterized0' (0#1) [c:/selected_topics_hdmi/pyzq/hw/hw_proj/hw_proj.gen/sources_1/bd/video_out_pynq_z2/ipshared/d390/hdl/xlconstant_v1_1_vl_rfs.v:68]
INFO: [Synth 8-6155] done synthesizing module 'video_out_pynq_z2_constant_low_0' (0#1) [c:/selected_topics_hdmi/pyzq/hw/hw_proj/hw_proj.gen/sources_1/bd/video_out_pynq_z2/ip/video_out_pynq_z2_constant_low_0/synth/video_out_pynq_z2_constant_low_0.v:53]
INFO: [Synth 8-6157] synthesizing module 'video_out_pynq_z2_dvi2rgb_0_0' [C:/selected_topics_hdmi/pyzq/hw/hw_proj/hw_proj.runs/synth_1/.Xil/Vivado-31984-NICHOLAS/realtime/video_out_pynq_z2_dvi2rgb_0_0_stub.v:6]
INFO: [Synth 8-6155] done synthesizing module 'video_out_pynq_z2_dvi2rgb_0_0' (0#1) [C:/selected_topics_hdmi/pyzq/hw/hw_proj/hw_proj.runs/synth_1/.Xil/Vivado-31984-NICHOLAS/realtime/video_out_pynq_z2_dvi2rgb_0_0_stub.v:6]
INFO: [Synth 8-6157] synthesizing module 'video_out_pynq_z2_proc_sys_vid_clk_0' [C:/selected_topics_hdmi/pyzq/hw/hw_proj/hw_proj.runs/synth_1/.Xil/Vivado-31984-NICHOLAS/realtime/video_out_pynq_z2_proc_sys_vid_clk_0_stub.v:6]
INFO: [Synth 8-6155] done synthesizing module 'video_out_pynq_z2_proc_sys_vid_clk_0' (0#1) [C:/selected_topics_hdmi/pyzq/hw/hw_proj/hw_proj.runs/synth_1/.Xil/Vivado-31984-NICHOLAS/realtime/video_out_pynq_z2_proc_sys_vid_clk_0_stub.v:6]
WARNING: [Synth 8-7071] port 'mb_reset' of module 'video_out_pynq_z2_proc_sys_vid_clk_0' is unconnected for instance 'proc_sys_vid_clk' [c:/selected_topics_hdmi/pyzq/hw/hw_proj/hw_proj.gen/sources_1/bd/video_out_pynq_z2/synth/video_out_pynq_z2.v:456]
WARNING: [Synth 8-7071] port 'bus_struct_reset' of module 'video_out_pynq_z2_proc_sys_vid_clk_0' is unconnected for instance 'proc_sys_vid_clk' [c:/selected_topics_hdmi/pyzq/hw/hw_proj/hw_proj.gen/sources_1/bd/video_out_pynq_z2/synth/video_out_pynq_z2.v:456]
WARNING: [Synth 8-7071] port 'interconnect_aresetn' of module 'video_out_pynq_z2_proc_sys_vid_clk_0' is unconnected for instance 'proc_sys_vid_clk' [c:/selected_topics_hdmi/pyzq/hw/hw_proj/hw_proj.gen/sources_1/bd/video_out_pynq_z2/synth/video_out_pynq_z2.v:456]
WARNING: [Synth 8-7023] instance 'proc_sys_vid_clk' of module 'video_out_pynq_z2_proc_sys_vid_clk_0' has 10 connections declared, but only 7 given [c:/selected_topics_hdmi/pyzq/hw/hw_proj/hw_proj.gen/sources_1/bd/video_out_pynq_z2/synth/video_out_pynq_z2.v:456]
INFO: [Synth 8-6157] synthesizing module 'video_out_pynq_z2_processing_system7_0_0' [C:/selected_topics_hdmi/pyzq/hw/hw_proj/hw_proj.runs/synth_1/.Xil/Vivado-31984-NICHOLAS/realtime/video_out_pynq_z2_processing_system7_0_0_stub.v:6]
INFO: [Synth 8-6155] done synthesizing module 'video_out_pynq_z2_processing_system7_0_0' (0#1) [C:/selected_topics_hdmi/pyzq/hw/hw_proj/hw_proj.runs/synth_1/.Xil/Vivado-31984-NICHOLAS/realtime/video_out_pynq_z2_processing_system7_0_0_stub.v:6]
WARNING: [Synth 8-7071] port 'USB0_PORT_INDCTL' of module 'video_out_pynq_z2_processing_system7_0_0' is unconnected for instance 'processing_system7_0' [c:/selected_topics_hdmi/pyzq/hw/hw_proj/hw_proj.gen/sources_1/bd/video_out_pynq_z2/synth/video_out_pynq_z2.v:464]
WARNING: [Synth 8-7071] port 'USB0_VBUS_PWRSELECT' of module 'video_out_pynq_z2_processing_system7_0_0' is unconnected for instance 'processing_system7_0' [c:/selected_topics_hdmi/pyzq/hw/hw_proj/hw_proj.gen/sources_1/bd/video_out_pynq_z2/synth/video_out_pynq_z2.v:464]
WARNING: [Synth 8-7071] port 'S_AXI_HP0_ARREADY' of module 'video_out_pynq_z2_processing_system7_0_0' is unconnected for instance 'processing_system7_0' [c:/selected_topics_hdmi/pyzq/hw/hw_proj/hw_proj.gen/sources_1/bd/video_out_pynq_z2/synth/video_out_pynq_z2.v:464]
WARNING: [Synth 8-7071] port 'S_AXI_HP0_AWREADY' of module 'video_out_pynq_z2_processing_system7_0_0' is unconnected for instance 'processing_system7_0' [c:/selected_topics_hdmi/pyzq/hw/hw_proj/hw_proj.gen/sources_1/bd/video_out_pynq_z2/synth/video_out_pynq_z2.v:464]
WARNING: [Synth 8-7071] port 'S_AXI_HP0_BVALID' of module 'video_out_pynq_z2_processing_system7_0_0' is unconnected for instance 'processing_system7_0' [c:/selected_topics_hdmi/pyzq/hw/hw_proj/hw_proj.gen/sources_1/bd/video_out_pynq_z2/synth/video_out_pynq_z2.v:464]
WARNING: [Synth 8-7071] port 'S_AXI_HP0_RLAST' of module 'video_out_pynq_z2_processing_system7_0_0' is unconnected for instance 'processing_system7_0' [c:/selected_topics_hdmi/pyzq/hw/hw_proj/hw_proj.gen/sources_1/bd/video_out_pynq_z2/synth/video_out_pynq_z2.v:464]
WARNING: [Synth 8-7071] port 'S_AXI_HP0_RVALID' of module 'video_out_pynq_z2_processing_system7_0_0' is unconnected for instance 'processing_system7_0' [c:/selected_topics_hdmi/pyzq/hw/hw_proj/hw_proj.gen/sources_1/bd/video_out_pynq_z2/synth/video_out_pynq_z2.v:464]
WARNING: [Synth 8-7071] port 'S_AXI_HP0_WREADY' of module 'video_out_pynq_z2_processing_system7_0_0' is unconnected for instance 'processing_system7_0' [c:/selected_topics_hdmi/pyzq/hw/hw_proj/hw_proj.gen/sources_1/bd/video_out_pynq_z2/synth/video_out_pynq_z2.v:464]
WARNING: [Synth 8-7071] port 'S_AXI_HP0_BRESP' of module 'video_out_pynq_z2_processing_system7_0_0' is unconnected for instance 'processing_system7_0' [c:/selected_topics_hdmi/pyzq/hw/hw_proj/hw_proj.gen/sources_1/bd/video_out_pynq_z2/synth/video_out_pynq_z2.v:464]
WARNING: [Synth 8-7071] port 'S_AXI_HP0_RRESP' of module 'video_out_pynq_z2_processing_system7_0_0' is unconnected for instance 'processing_system7_0' [c:/selected_topics_hdmi/pyzq/hw/hw_proj/hw_proj.gen/sources_1/bd/video_out_pynq_z2/synth/video_out_pynq_z2.v:464]
WARNING: [Synth 8-7071] port 'S_AXI_HP0_BID' of module 'video_out_pynq_z2_processing_system7_0_0' is unconnected for instance 'processing_system7_0' [c:/selected_topics_hdmi/pyzq/hw/hw_proj/hw_proj.gen/sources_1/bd/video_out_pynq_z2/synth/video_out_pynq_z2.v:464]
WARNING: [Synth 8-7071] port 'S_AXI_HP0_RID' of module 'video_out_pynq_z2_processing_system7_0_0' is unconnected for instance 'processing_system7_0' [c:/selected_topics_hdmi/pyzq/hw/hw_proj/hw_proj.gen/sources_1/bd/video_out_pynq_z2/synth/video_out_pynq_z2.v:464]
WARNING: [Synth 8-7071] port 'S_AXI_HP0_RDATA' of module 'video_out_pynq_z2_processing_system7_0_0' is unconnected for instance 'processing_system7_0' [c:/selected_topics_hdmi/pyzq/hw/hw_proj/hw_proj.gen/sources_1/bd/video_out_pynq_z2/synth/video_out_pynq_z2.v:464]
WARNING: [Synth 8-7071] port 'S_AXI_HP0_RCOUNT' of module 'video_out_pynq_z2_processing_system7_0_0' is unconnected for instance 'processing_system7_0' [c:/selected_topics_hdmi/pyzq/hw/hw_proj/hw_proj.gen/sources_1/bd/video_out_pynq_z2/synth/video_out_pynq_z2.v:464]
WARNING: [Synth 8-7071] port 'S_AXI_HP0_WCOUNT' of module 'video_out_pynq_z2_processing_system7_0_0' is unconnected for instance 'processing_system7_0' [c:/selected_topics_hdmi/pyzq/hw/hw_proj/hw_proj.gen/sources_1/bd/video_out_pynq_z2/synth/video_out_pynq_z2.v:464]
WARNING: [Synth 8-7071] port 'S_AXI_HP0_RACOUNT' of module 'video_out_pynq_z2_processing_system7_0_0' is unconnected for instance 'processing_system7_0' [c:/selected_topics_hdmi/pyzq/hw/hw_proj/hw_proj.gen/sources_1/bd/video_out_pynq_z2/synth/video_out_pynq_z2.v:464]
WARNING: [Synth 8-7071] port 'S_AXI_HP0_WACOUNT' of module 'video_out_pynq_z2_processing_system7_0_0' is unconnected for instance 'processing_system7_0' [c:/selected_topics_hdmi/pyzq/hw/hw_proj/hw_proj.gen/sources_1/bd/video_out_pynq_z2/synth/video_out_pynq_z2.v:464]
WARNING: [Synth 8-7071] port 'MIO' of module 'video_out_pynq_z2_processing_system7_0_0' is unconnected for instance 'processing_system7_0' [c:/selected_topics_hdmi/pyzq/hw/hw_proj/hw_proj.gen/sources_1/bd/video_out_pynq_z2/synth/video_out_pynq_z2.v:464]
WARNING: [Synth 8-7071] port 'DDR_VRN' of module 'video_out_pynq_z2_processing_system7_0_0' is unconnected for instance 'processing_system7_0' [c:/selected_topics_hdmi/pyzq/hw/hw_proj/hw_proj.gen/sources_1/bd/video_out_pynq_z2/synth/video_out_pynq_z2.v:464]
WARNING: [Synth 8-7071] port 'DDR_VRP' of module 'video_out_pynq_z2_processing_system7_0_0' is unconnected for instance 'processing_system7_0' [c:/selected_topics_hdmi/pyzq/hw/hw_proj/hw_proj.gen/sources_1/bd/video_out_pynq_z2/synth/video_out_pynq_z2.v:464]
WARNING: [Synth 8-7071] port 'PS_SRSTB' of module 'video_out_pynq_z2_processing_system7_0_0' is unconnected for instance 'processing_system7_0' [c:/selected_topics_hdmi/pyzq/hw/hw_proj/hw_proj.gen/sources_1/bd/video_out_pynq_z2/synth/video_out_pynq_z2.v:464]
WARNING: [Synth 8-7071] port 'PS_CLK' of module 'video_out_pynq_z2_processing_system7_0_0' is unconnected for instance 'processing_system7_0' [c:/selected_topics_hdmi/pyzq/hw/hw_proj/hw_proj.gen/sources_1/bd/video_out_pynq_z2/synth/video_out_pynq_z2.v:464]
WARNING: [Synth 8-7071] port 'PS_PORB' of module 'video_out_pynq_z2_processing_system7_0_0' is unconnected for instance 'processing_system7_0' [c:/selected_topics_hdmi/pyzq/hw/hw_proj/hw_proj.gen/sources_1/bd/video_out_pynq_z2/synth/video_out_pynq_z2.v:464]
WARNING: [Synth 8-7023] instance 'processing_system7_0' of module 'video_out_pynq_z2_processing_system7_0_0' has 111 connections declared, but only 88 given [c:/selected_topics_hdmi/pyzq/hw/hw_proj/hw_proj.gen/sources_1/bd/video_out_pynq_z2/synth/video_out_pynq_z2.v:464]
INFO: [Synth 8-6157] synthesizing module 'video_out_pynq_z2_rgb2dvi_0_0' [C:/selected_topics_hdmi/pyzq/hw/hw_proj/hw_proj.runs/synth_1/.Xil/Vivado-31984-NICHOLAS/realtime/video_out_pynq_z2_rgb2dvi_0_0_stub.v:6]
INFO: [Synth 8-6155] done synthesizing module 'video_out_pynq_z2_rgb2dvi_0_0' (0#1) [C:/selected_topics_hdmi/pyzq/hw/hw_proj/hw_proj.runs/synth_1/.Xil/Vivado-31984-NICHOLAS/realtime/video_out_pynq_z2_rgb2dvi_0_0_stub.v:6]
INFO: [Synth 8-6157] synthesizing module 'video_out_pynq_z2_rst_ps7_0_100M_0' [C:/selected_topics_hdmi/pyzq/hw/hw_proj/hw_proj.runs/synth_1/.Xil/Vivado-31984-NICHOLAS/realtime/video_out_pynq_z2_rst_ps7_0_100M_0_stub.v:6]
INFO: [Synth 8-6155] done synthesizing module 'video_out_pynq_z2_rst_ps7_0_100M_0' (0#1) [C:/selected_topics_hdmi/pyzq/hw/hw_proj/hw_proj.runs/synth_1/.Xil/Vivado-31984-NICHOLAS/realtime/video_out_pynq_z2_rst_ps7_0_100M_0_stub.v:6]
WARNING: [Synth 8-7071] port 'mb_reset' of module 'video_out_pynq_z2_rst_ps7_0_100M_0' is unconnected for instance 'rst_ps7_0_100M' [c:/selected_topics_hdmi/pyzq/hw/hw_proj/hw_proj.gen/sources_1/bd/video_out_pynq_z2/synth/video_out_pynq_z2.v:564]
WARNING: [Synth 8-7071] port 'bus_struct_reset' of module 'video_out_pynq_z2_rst_ps7_0_100M_0' is unconnected for instance 'rst_ps7_0_100M' [c:/selected_topics_hdmi/pyzq/hw/hw_proj/hw_proj.gen/sources_1/bd/video_out_pynq_z2/synth/video_out_pynq_z2.v:564]
WARNING: [Synth 8-7071] port 'interconnect_aresetn' of module 'video_out_pynq_z2_rst_ps7_0_100M_0' is unconnected for instance 'rst_ps7_0_100M' [c:/selected_topics_hdmi/pyzq/hw/hw_proj/hw_proj.gen/sources_1/bd/video_out_pynq_z2/synth/video_out_pynq_z2.v:564]
WARNING: [Synth 8-7023] instance 'rst_ps7_0_100M' of module 'video_out_pynq_z2_rst_ps7_0_100M_0' has 10 connections declared, but only 7 given [c:/selected_topics_hdmi/pyzq/hw/hw_proj/hw_proj.gen/sources_1/bd/video_out_pynq_z2/synth/video_out_pynq_z2.v:564]
INFO: [Synth 8-6157] synthesizing module 'video_out_pynq_z2_smartconnect_0_0' [C:/selected_topics_hdmi/pyzq/hw/hw_proj/hw_proj.runs/synth_1/.Xil/Vivado-31984-NICHOLAS/realtime/video_out_pynq_z2_smartconnect_0_0_stub.v:6]
INFO: [Synth 8-6155] done synthesizing module 'video_out_pynq_z2_smartconnect_0_0' (0#1) [C:/selected_topics_hdmi/pyzq/hw/hw_proj/hw_proj.runs/synth_1/.Xil/Vivado-31984-NICHOLAS/realtime/video_out_pynq_z2_smartconnect_0_0_stub.v:6]
WARNING: [Synth 8-7071] port 'M00_AXI_awprot' of module 'video_out_pynq_z2_smartconnect_0_0' is unconnected for instance 'smartconnect_0' [c:/selected_topics_hdmi/pyzq/hw/hw_proj/hw_proj.gen/sources_1/bd/video_out_pynq_z2/synth/video_out_pynq_z2.v:572]
WARNING: [Synth 8-7071] port 'M00_AXI_arprot' of module 'video_out_pynq_z2_smartconnect_0_0' is unconnected for instance 'smartconnect_0' [c:/selected_topics_hdmi/pyzq/hw/hw_proj/hw_proj.gen/sources_1/bd/video_out_pynq_z2/synth/video_out_pynq_z2.v:572]
WARNING: [Synth 8-7071] port 'M01_AXI_awprot' of module 'video_out_pynq_z2_smartconnect_0_0' is unconnected for instance 'smartconnect_0' [c:/selected_topics_hdmi/pyzq/hw/hw_proj/hw_proj.gen/sources_1/bd/video_out_pynq_z2/synth/video_out_pynq_z2.v:572]
WARNING: [Synth 8-7071] port 'M01_AXI_arprot' of module 'video_out_pynq_z2_smartconnect_0_0' is unconnected for instance 'smartconnect_0' [c:/selected_topics_hdmi/pyzq/hw/hw_proj/hw_proj.gen/sources_1/bd/video_out_pynq_z2/synth/video_out_pynq_z2.v:572]
WARNING: [Synth 8-7071] port 'M02_AXI_awprot' of module 'video_out_pynq_z2_smartconnect_0_0' is unconnected for instance 'smartconnect_0' [c:/selected_topics_hdmi/pyzq/hw/hw_proj/hw_proj.gen/sources_1/bd/video_out_pynq_z2/synth/video_out_pynq_z2.v:572]
WARNING: [Synth 8-7071] port 'M02_AXI_arprot' of module 'video_out_pynq_z2_smartconnect_0_0' is unconnected for instance 'smartconnect_0' [c:/selected_topics_hdmi/pyzq/hw/hw_proj/hw_proj.gen/sources_1/bd/video_out_pynq_z2/synth/video_out_pynq_z2.v:572]
WARNING: [Synth 8-7071] port 'M03_AXI_awprot' of module 'video_out_pynq_z2_smartconnect_0_0' is unconnected for instance 'smartconnect_0' [c:/selected_topics_hdmi/pyzq/hw/hw_proj/hw_proj.gen/sources_1/bd/video_out_pynq_z2/synth/video_out_pynq_z2.v:572]
WARNING: [Synth 8-7071] port 'M03_AXI_arprot' of module 'video_out_pynq_z2_smartconnect_0_0' is unconnected for instance 'smartconnect_0' [c:/selected_topics_hdmi/pyzq/hw/hw_proj/hw_proj.gen/sources_1/bd/video_out_pynq_z2/synth/video_out_pynq_z2.v:572]
WARNING: [Synth 8-7071] port 'M04_AXI_awprot' of module 'video_out_pynq_z2_smartconnect_0_0' is unconnected for instance 'smartconnect_0' [c:/selected_topics_hdmi/pyzq/hw/hw_proj/hw_proj.gen/sources_1/bd/video_out_pynq_z2/synth/video_out_pynq_z2.v:572]
WARNING: [Synth 8-7071] port 'M04_AXI_arprot' of module 'video_out_pynq_z2_smartconnect_0_0' is unconnected for instance 'smartconnect_0' [c:/selected_topics_hdmi/pyzq/hw/hw_proj/hw_proj.gen/sources_1/bd/video_out_pynq_z2/synth/video_out_pynq_z2.v:572]
WARNING: [Synth 8-7023] instance 'smartconnect_0' of module 'video_out_pynq_z2_smartconnect_0_0' has 135 connections declared, but only 125 given [c:/selected_topics_hdmi/pyzq/hw/hw_proj/hw_proj.gen/sources_1/bd/video_out_pynq_z2/synth/video_out_pynq_z2.v:572]
INFO: [Synth 8-6157] synthesizing module 'video_out_pynq_z2_util_vector_logic_0_0' [C:/selected_topics_hdmi/pyzq/hw/hw_proj/hw_proj.runs/synth_1/.Xil/Vivado-31984-NICHOLAS/realtime/video_out_pynq_z2_util_vector_logic_0_0_stub.v:6]
INFO: [Synth 8-6155] done synthesizing module 'video_out_pynq_z2_util_vector_logic_0_0' (0#1) [C:/selected_topics_hdmi/pyzq/hw/hw_proj/hw_proj.runs/synth_1/.Xil/Vivado-31984-NICHOLAS/realtime/video_out_pynq_z2_util_vector_logic_0_0_stub.v:6]
INFO: [Synth 8-6157] synthesizing module 'video_out_pynq_z2_v_axi4s_vid_out_0_0' [C:/selected_topics_hdmi/pyzq/hw/hw_proj/hw_proj.runs/synth_1/.Xil/Vivado-31984-NICHOLAS/realtime/video_out_pynq_z2_v_axi4s_vid_out_0_0_stub.v:6]
INFO: [Synth 8-6155] done synthesizing module 'video_out_pynq_z2_v_axi4s_vid_out_0_0' (0#1) [C:/selected_topics_hdmi/pyzq/hw/hw_proj/hw_proj.runs/synth_1/.Xil/Vivado-31984-NICHOLAS/realtime/video_out_pynq_z2_v_axi4s_vid_out_0_0_stub.v:6]
WARNING: [Synth 8-7071] port 'vid_vblank' of module 'video_out_pynq_z2_v_axi4s_vid_out_0_0' is unconnected for instance 'v_axi4s_vid_out_0' [c:/selected_topics_hdmi/pyzq/hw/hw_proj/hw_proj.gen/sources_1/bd/video_out_pynq_z2/synth/video_out_pynq_z2.v:701]
WARNING: [Synth 8-7071] port 'vid_hblank' of module 'video_out_pynq_z2_v_axi4s_vid_out_0_0' is unconnected for instance 'v_axi4s_vid_out_0' [c:/selected_topics_hdmi/pyzq/hw/hw_proj/hw_proj.gen/sources_1/bd/video_out_pynq_z2/synth/video_out_pynq_z2.v:701]
WARNING: [Synth 8-7071] port 'vid_field_id' of module 'video_out_pynq_z2_v_axi4s_vid_out_0_0' is unconnected for instance 'v_axi4s_vid_out_0' [c:/selected_topics_hdmi/pyzq/hw/hw_proj/hw_proj.gen/sources_1/bd/video_out_pynq_z2/synth/video_out_pynq_z2.v:701]
WARNING: [Synth 8-7071] port 'overflow' of module 'video_out_pynq_z2_v_axi4s_vid_out_0_0' is unconnected for instance 'v_axi4s_vid_out_0' [c:/selected_topics_hdmi/pyzq/hw/hw_proj/hw_proj.gen/sources_1/bd/video_out_pynq_z2/synth/video_out_pynq_z2.v:701]
WARNING: [Synth 8-7071] port 'underflow' of module 'video_out_pynq_z2_v_axi4s_vid_out_0_0' is unconnected for instance 'v_axi4s_vid_out_0' [c:/selected_topics_hdmi/pyzq/hw/hw_proj/hw_proj.gen/sources_1/bd/video_out_pynq_z2/synth/video_out_pynq_z2.v:701]
WARNING: [Synth 8-7071] port 'fifo_read_level' of module 'video_out_pynq_z2_v_axi4s_vid_out_0_0' is unconnected for instance 'v_axi4s_vid_out_0' [c:/selected_topics_hdmi/pyzq/hw/hw_proj/hw_proj.gen/sources_1/bd/video_out_pynq_z2/synth/video_out_pynq_z2.v:701]
WARNING: [Synth 8-7071] port 'status' of module 'video_out_pynq_z2_v_axi4s_vid_out_0_0' is unconnected for instance 'v_axi4s_vid_out_0' [c:/selected_topics_hdmi/pyzq/hw/hw_proj/hw_proj.gen/sources_1/bd/video_out_pynq_z2/synth/video_out_pynq_z2.v:701]
WARNING: [Synth 8-7023] instance 'v_axi4s_vid_out_0' of module 'video_out_pynq_z2_v_axi4s_vid_out_0_0' has 32 connections declared, but only 25 given [c:/selected_topics_hdmi/pyzq/hw/hw_proj/hw_proj.gen/sources_1/bd/video_out_pynq_z2/synth/video_out_pynq_z2.v:701]
INFO: [Synth 8-6157] synthesizing module 'video_out_pynq_z2_v_tc_0_0' [C:/selected_topics_hdmi/pyzq/hw/hw_proj/hw_proj.runs/synth_1/.Xil/Vivado-31984-NICHOLAS/realtime/video_out_pynq_z2_v_tc_0_0_stub.v:6]
INFO: [Synth 8-6155] done synthesizing module 'video_out_pynq_z2_v_tc_0_0' (0#1) [C:/selected_topics_hdmi/pyzq/hw/hw_proj/hw_proj.runs/synth_1/.Xil/Vivado-31984-NICHOLAS/realtime/video_out_pynq_z2_v_tc_0_0_stub.v:6]
WARNING: [Synth 8-7071] port 'irq' of module 'video_out_pynq_z2_v_tc_0_0' is unconnected for instance 'v_tc_0' [c:/selected_topics_hdmi/pyzq/hw/hw_proj/hw_proj.gen/sources_1/bd/video_out_pynq_z2/synth/video_out_pynq_z2.v:727]
WARNING: [Synth 8-7071] port 'fsync_out' of module 'video_out_pynq_z2_v_tc_0_0' is unconnected for instance 'v_tc_0' [c:/selected_topics_hdmi/pyzq/hw/hw_proj/hw_proj.gen/sources_1/bd/video_out_pynq_z2/synth/video_out_pynq_z2.v:727]
WARNING: [Synth 8-7023] instance 'v_tc_0' of module 'video_out_pynq_z2_v_tc_0_0' has 33 connections declared, but only 31 given [c:/selected_topics_hdmi/pyzq/hw/hw_proj/hw_proj.gen/sources_1/bd/video_out_pynq_z2/synth/video_out_pynq_z2.v:727]
INFO: [Synth 8-6157] synthesizing module 'video_out_pynq_z2_v_vid_in_axi4s_0_0' [C:/selected_topics_hdmi/pyzq/hw/hw_proj/hw_proj.runs/synth_1/.Xil/Vivado-31984-NICHOLAS/realtime/video_out_pynq_z2_v_vid_in_axi4s_0_0_stub.v:6]
INFO: [Synth 8-6155] done synthesizing module 'video_out_pynq_z2_v_vid_in_axi4s_0_0' (0#1) [C:/selected_topics_hdmi/pyzq/hw/hw_proj/hw_proj.runs/synth_1/.Xil/Vivado-31984-NICHOLAS/realtime/video_out_pynq_z2_v_vid_in_axi4s_0_0_stub.v:6]
WARNING: [Synth 8-7071] port 'fid' of module 'video_out_pynq_z2_v_vid_in_axi4s_0_0' is unconnected for instance 'v_vid_in_axi4s_0' [c:/selected_topics_hdmi/pyzq/hw/hw_proj/hw_proj.gen/sources_1/bd/video_out_pynq_z2/synth/video_out_pynq_z2.v:759]
WARNING: [Synth 8-7071] port 'vtd_active_video' of module 'video_out_pynq_z2_v_vid_in_axi4s_0_0' is unconnected for instance 'v_vid_in_axi4s_0' [c:/selected_topics_hdmi/pyzq/hw/hw_proj/hw_proj.gen/sources_1/bd/video_out_pynq_z2/synth/video_out_pynq_z2.v:759]
WARNING: [Synth 8-7071] port 'vtd_vblank' of module 'video_out_pynq_z2_v_vid_in_axi4s_0_0' is unconnected for instance 'v_vid_in_axi4s_0' [c:/selected_topics_hdmi/pyzq/hw/hw_proj/hw_proj.gen/sources_1/bd/video_out_pynq_z2/synth/video_out_pynq_z2.v:759]
WARNING: [Synth 8-7071] port 'vtd_hblank' of module 'video_out_pynq_z2_v_vid_in_axi4s_0_0' is unconnected for instance 'v_vid_in_axi4s_0' [c:/selected_topics_hdmi/pyzq/hw/hw_proj/hw_proj.gen/sources_1/bd/video_out_pynq_z2/synth/video_out_pynq_z2.v:759]
WARNING: [Synth 8-7071] port 'vtd_vsync' of module 'video_out_pynq_z2_v_vid_in_axi4s_0_0' is unconnected for instance 'v_vid_in_axi4s_0' [c:/selected_topics_hdmi/pyzq/hw/hw_proj/hw_proj.gen/sources_1/bd/video_out_pynq_z2/synth/video_out_pynq_z2.v:759]
WARNING: [Synth 8-7071] port 'vtd_hsync' of module 'video_out_pynq_z2_v_vid_in_axi4s_0_0' is unconnected for instance 'v_vid_in_axi4s_0' [c:/selected_topics_hdmi/pyzq/hw/hw_proj/hw_proj.gen/sources_1/bd/video_out_pynq_z2/synth/video_out_pynq_z2.v:759]
WARNING: [Synth 8-7071] port 'vtd_field_id' of module 'video_out_pynq_z2_v_vid_in_axi4s_0_0' is unconnected for instance 'v_vid_in_axi4s_0' [c:/selected_topics_hdmi/pyzq/hw/hw_proj/hw_proj.gen/sources_1/bd/video_out_pynq_z2/synth/video_out_pynq_z2.v:759]
WARNING: [Synth 8-7071] port 'overflow' of module 'video_out_pynq_z2_v_vid_in_axi4s_0_0' is unconnected for instance 'v_vid_in_axi4s_0' [c:/selected_topics_hdmi/pyzq/hw/hw_proj/hw_proj.gen/sources_1/bd/video_out_pynq_z2/synth/video_out_pynq_z2.v:759]
WARNING: [Synth 8-7071] port 'underflow' of module 'video_out_pynq_z2_v_vid_in_axi4s_0_0' is unconnected for instance 'v_vid_in_axi4s_0' [c:/selected_topics_hdmi/pyzq/hw/hw_proj/hw_proj.gen/sources_1/bd/video_out_pynq_z2/synth/video_out_pynq_z2.v:759]
WARNING: [Synth 8-7023] instance 'v_vid_in_axi4s_0' of module 'video_out_pynq_z2_v_vid_in_axi4s_0_0' has 28 connections declared, but only 19 given [c:/selected_topics_hdmi/pyzq/hw/hw_proj/hw_proj.gen/sources_1/bd/video_out_pynq_z2/synth/video_out_pynq_z2.v:759]
INFO: [Synth 8-6157] synthesizing module 'video_out_pynq_z2_video_gray_live_0_0' [C:/selected_topics_hdmi/pyzq/hw/hw_proj/hw_proj.runs/synth_1/.Xil/Vivado-31984-NICHOLAS/realtime/video_out_pynq_z2_video_gray_live_0_0_stub.v:6]
INFO: [Synth 8-6155] done synthesizing module 'video_out_pynq_z2_video_gray_live_0_0' (0#1) [C:/selected_topics_hdmi/pyzq/hw/hw_proj/hw_proj.runs/synth_1/.Xil/Vivado-31984-NICHOLAS/realtime/video_out_pynq_z2_video_gray_live_0_0_stub.v:6]
INFO: [Synth 8-6155] done synthesizing module 'video_out_pynq_z2' (0#1) [c:/selected_topics_hdmi/pyzq/hw/hw_proj/hw_proj.gen/sources_1/bd/video_out_pynq_z2/synth/video_out_pynq_z2.v:13]
INFO: [Synth 8-6155] done synthesizing module 'video_out_pynq_z2_wrapper' (0#1) [C:/selected_topics_hdmi/pyzq/hw/hw_proj/hw_proj.gen/sources_1/bd/video_out_pynq_z2/hdl/video_out_pynq_z2_wrapper.v:13]
---------------------------------------------------------------------------------
Finished RTL Elaboration : Time (s): cpu = 00:00:06 ; elapsed = 00:00:07 . Memory (MB): peak = 1533.062 ; gain = 553.492
---------------------------------------------------------------------------------
---------------------------------------------------------------------------------
Start Handling Custom Attributes
---------------------------------------------------------------------------------
---------------------------------------------------------------------------------
Finished Handling Custom Attributes : Time (s): cpu = 00:00:06 ; elapsed = 00:00:07 . Memory (MB): peak = 1533.062 ; gain = 553.492
---------------------------------------------------------------------------------
---------------------------------------------------------------------------------
Finished RTL Optimization Phase 1 : Time (s): cpu = 00:00:06 ; elapsed = 00:00:07 . Memory (MB): peak = 1533.062 ; gain = 553.492
---------------------------------------------------------------------------------
Netlist sorting complete. Time (s): cpu = 00:00:00 ; elapsed = 00:00:00.007 . Memory (MB): peak = 1533.062 ; gain = 0.000
INFO: [Netlist 29-17] Analyzing 2 Unisim elements for replacement
INFO: [Netlist 29-28] Unisim Transformation completed in 0 CPU seconds
INFO: [Project 1-570] Preparing netlist for logic optimization

Processing XDC Constraints
Initializing timing engine
Parsing XDC File [c:/selected_topics_hdmi/pyzq/hw/hw_proj/hw_proj.gen/sources_1/bd/video_out_pynq_z2/ip/video_out_pynq_z2_axi_gpio_0_0/video_out_pynq_z2_axi_gpio_0_0/video_out_pynq_z2_axi_gpio_0_0_in_context.xdc] for cell 'video_out_pynq_z2_i/axi_gpio_0'
Finished Parsing XDC File [c:/selected_topics_hdmi/pyzq/hw/hw_proj/hw_proj.gen/sources_1/bd/video_out_pynq_z2/ip/video_out_pynq_z2_axi_gpio_0_0/video_out_pynq_z2_axi_gpio_0_0/video_out_pynq_z2_axi_gpio_0_0_in_context.xdc] for cell 'video_out_pynq_z2_i/axi_gpio_0'
Parsing XDC File [c:/selected_topics_hdmi/pyzq/hw/hw_proj/hw_proj.gen/sources_1/bd/video_out_pynq_z2/ip/video_out_pynq_z2_clk_wiz_0_0/video_out_pynq_z2_clk_wiz_0_0/video_out_pynq_z2_clk_wiz_0_0_in_context.xdc] for cell 'video_out_pynq_z2_i/clk_wiz_0'
Finished Parsing XDC File [c:/selected_topics_hdmi/pyzq/hw/hw_proj/hw_proj.gen/sources_1/bd/video_out_pynq_z2/ip/video_out_pynq_z2_clk_wiz_0_0/video_out_pynq_z2_clk_wiz_0_0/video_out_pynq_z2_clk_wiz_0_0_in_context.xdc] for cell 'video_out_pynq_z2_i/clk_wiz_0'
Parsing XDC File [c:/selected_topics_hdmi/pyzq/hw/hw_proj/hw_proj.gen/sources_1/bd/video_out_pynq_z2/ip/video_out_pynq_z2_proc_sys_vid_clk_0/video_out_pynq_z2_proc_sys_vid_clk_0/video_out_pynq_z2_proc_sys_vid_clk_0_in_context.xdc] for cell 'video_out_pynq_z2_i/proc_sys_vid_clk'
Finished Parsing XDC File [c:/selected_topics_hdmi/pyzq/hw/hw_proj/hw_proj.gen/sources_1/bd/video_out_pynq_z2/ip/video_out_pynq_z2_proc_sys_vid_clk_0/video_out_pynq_z2_proc_sys_vid_clk_0/video_out_pynq_z2_proc_sys_vid_clk_0_in_context.xdc] for cell 'video_out_pynq_z2_i/proc_sys_vid_clk'
Parsing XDC File [c:/selected_topics_hdmi/pyzq/hw/hw_proj/hw_proj.gen/sources_1/bd/video_out_pynq_z2/ip/video_out_pynq_z2_processing_system7_0_0/video_out_pynq_z2_processing_system7_0_0/video_out_pynq_z2_processing_system7_0_0_in_context.xdc] for cell 'video_out_pynq_z2_i/processing_system7_0'
Finished Parsing XDC File [c:/selected_topics_hdmi/pyzq/hw/hw_proj/hw_proj.gen/sources_1/bd/video_out_pynq_z2/ip/video_out_pynq_z2_processing_system7_0_0/video_out_pynq_z2_processing_system7_0_0/video_out_pynq_z2_processing_system7_0_0_in_context.xdc] for cell 'video_out_pynq_z2_i/processing_system7_0'
Parsing XDC File [c:/selected_topics_hdmi/pyzq/hw/hw_proj/hw_proj.gen/sources_1/bd/video_out_pynq_z2/ip/video_out_pynq_z2_rgb2dvi_0_0/video_out_pynq_z2_rgb2dvi_0_0/video_out_pynq_z2_rgb2dvi_0_0_in_context.xdc] for cell 'video_out_pynq_z2_i/rgb2dvi_0'
Finished Parsing XDC File [c:/selected_topics_hdmi/pyzq/hw/hw_proj/hw_proj.gen/sources_1/bd/video_out_pynq_z2/ip/video_out_pynq_z2_rgb2dvi_0_0/video_out_pynq_z2_rgb2dvi_0_0/video_out_pynq_z2_rgb2dvi_0_0_in_context.xdc] for cell 'video_out_pynq_z2_i/rgb2dvi_0'
Parsing XDC File [c:/selected_topics_hdmi/pyzq/hw/hw_proj/hw_proj.gen/sources_1/bd/video_out_pynq_z2/ip/video_out_pynq_z2_rst_ps7_0_100M_0/video_out_pynq_z2_rst_ps7_0_100M_0/video_out_pynq_z2_rst_ps7_0_100M_0_in_context.xdc] for cell 'video_out_pynq_z2_i/rst_ps7_0_100M'
Finished Parsing XDC File [c:/selected_topics_hdmi/pyzq/hw/hw_proj/hw_proj.gen/sources_1/bd/video_out_pynq_z2/ip/video_out_pynq_z2_rst_ps7_0_100M_0/video_out_pynq_z2_rst_ps7_0_100M_0/video_out_pynq_z2_rst_ps7_0_100M_0_in_context.xdc] for cell 'video_out_pynq_z2_i/rst_ps7_0_100M'
Parsing XDC File [c:/selected_topics_hdmi/pyzq/hw/hw_proj/hw_proj.gen/sources_1/bd/video_out_pynq_z2/ip/video_out_pynq_z2_smartconnect_0_0/video_out_pynq_z2_smartconnect_0_0/video_out_pynq_z2_smartconnect_0_0_in_context.xdc] for cell 'video_out_pynq_z2_i/smartconnect_0'
Finished Parsing XDC File [c:/selected_topics_hdmi/pyzq/hw/hw_proj/hw_proj.gen/sources_1/bd/video_out_pynq_z2/ip/video_out_pynq_z2_smartconnect_0_0/video_out_pynq_z2_smartconnect_0_0/video_out_pynq_z2_smartconnect_0_0_in_context.xdc] for cell 'video_out_pynq_z2_i/smartconnect_0'
Parsing XDC File [c:/selected_topics_hdmi/pyzq/hw/hw_proj/hw_proj.gen/sources_1/bd/video_out_pynq_z2/ip/video_out_pynq_z2_v_axi4s_vid_out_0_0/video_out_pynq_z2_v_axi4s_vid_out_0_0/video_out_pynq_z2_v_axi4s_vid_out_0_0_in_context.xdc] for cell 'video_out_pynq_z2_i/v_axi4s_vid_out_0'
Finished Parsing XDC File [c:/selected_topics_hdmi/pyzq/hw/hw_proj/hw_proj.gen/sources_1/bd/video_out_pynq_z2/ip/video_out_pynq_z2_v_axi4s_vid_out_0_0/video_out_pynq_z2_v_axi4s_vid_out_0_0/video_out_pynq_z2_v_axi4s_vid_out_0_0_in_context.xdc] for cell 'video_out_pynq_z2_i/v_axi4s_vid_out_0'
Parsing XDC File [c:/selected_topics_hdmi/pyzq/hw/hw_proj/hw_proj.gen/sources_1/bd/video_out_pynq_z2/ip/video_out_pynq_z2_v_tc_0_0/video_out_pynq_z2_v_tc_0_0/video_out_pynq_z2_v_tc_0_0_in_context.xdc] for cell 'video_out_pynq_z2_i/v_tc_0'
Finished Parsing XDC File [c:/selected_topics_hdmi/pyzq/hw/hw_proj/hw_proj.gen/sources_1/bd/video_out_pynq_z2/ip/video_out_pynq_z2_v_tc_0_0/video_out_pynq_z2_v_tc_0_0/video_out_pynq_z2_v_tc_0_0_in_context.xdc] for cell 'video_out_pynq_z2_i/v_tc_0'
Parsing XDC File [c:/selected_topics_hdmi/pyzq/hw/hw_proj/hw_proj.gen/sources_1/bd/video_out_pynq_z2/ip/video_out_pynq_z2_dvi2rgb_0_0/video_out_pynq_z2_dvi2rgb_0_0/video_out_pynq_z2_dvi2rgb_0_0_in_context.xdc] for cell 'video_out_pynq_z2_i/dvi2rgb_0'
Finished Parsing XDC File [c:/selected_topics_hdmi/pyzq/hw/hw_proj/hw_proj.gen/sources_1/bd/video_out_pynq_z2/ip/video_out_pynq_z2_dvi2rgb_0_0/video_out_pynq_z2_dvi2rgb_0_0/video_out_pynq_z2_dvi2rgb_0_0_in_context.xdc] for cell 'video_out_pynq_z2_i/dvi2rgb_0'
Parsing XDC File [c:/selected_topics_hdmi/pyzq/hw/hw_proj/hw_proj.gen/sources_1/bd/video_out_pynq_z2/ip/video_out_pynq_z2_v_vid_in_axi4s_0_0/video_out_pynq_z2_v_vid_in_axi4s_0_0/video_out_pynq_z2_v_vid_in_axi4s_0_0_in_context.xdc] for cell 'video_out_pynq_z2_i/v_vid_in_axi4s_0'
Finished Parsing XDC File [c:/selected_topics_hdmi/pyzq/hw/hw_proj/hw_proj.gen/sources_1/bd/video_out_pynq_z2/ip/video_out_pynq_z2_v_vid_in_axi4s_0_0/video_out_pynq_z2_v_vid_in_axi4s_0_0/video_out_pynq_z2_v_vid_in_axi4s_0_0_in_context.xdc] for cell 'video_out_pynq_z2_i/v_vid_in_axi4s_0'
Parsing XDC File [c:/selected_topics_hdmi/pyzq/hw/hw_proj/hw_proj.gen/sources_1/bd/video_out_pynq_z2/ip/video_out_pynq_z2_axi_gpio_1_0/video_out_pynq_z2_axi_gpio_1_0/video_out_pynq_z2_axi_gpio_1_0_in_context.xdc] for cell 'video_out_pynq_z2_i/axi_gpio_1'
Finished Parsing XDC File [c:/selected_topics_hdmi/pyzq/hw/hw_proj/hw_proj.gen/sources_1/bd/video_out_pynq_z2/ip/video_out_pynq_z2_axi_gpio_1_0/video_out_pynq_z2_axi_gpio_1_0/video_out_pynq_z2_axi_gpio_1_0_in_context.xdc] for cell 'video_out_pynq_z2_i/axi_gpio_1'
Parsing XDC File [c:/selected_topics_hdmi/pyzq/hw/hw_proj/hw_proj.gen/sources_1/bd/video_out_pynq_z2/ip/video_out_pynq_z2_axi_gpio_2_0/video_out_pynq_z2_axi_gpio_2_0/video_out_pynq_z2_axi_gpio_1_0_in_context.xdc] for cell 'video_out_pynq_z2_i/axi_gpio_2'
Finished Parsing XDC File [c:/selected_topics_hdmi/pyzq/hw/hw_proj/hw_proj.gen/sources_1/bd/video_out_pynq_z2/ip/video_out_pynq_z2_axi_gpio_2_0/video_out_pynq_z2_axi_gpio_2_0/video_out_pynq_z2_axi_gpio_1_0_in_context.xdc] for cell 'video_out_pynq_z2_i/axi_gpio_2'
Parsing XDC File [c:/selected_topics_hdmi/pyzq/hw/hw_proj/hw_proj.gen/sources_1/bd/video_out_pynq_z2/ip/video_out_pynq_z2_util_vector_logic_0_0/video_out_pynq_z2_util_vector_logic_0_0/video_out_pynq_z2_util_vector_logic_0_0_in_context.xdc] for cell 'video_out_pynq_z2_i/util_vector_logic_0'
Finished Parsing XDC File [c:/selected_topics_hdmi/pyzq/hw/hw_proj/hw_proj.gen/sources_1/bd/video_out_pynq_z2/ip/video_out_pynq_z2_util_vector_logic_0_0/video_out_pynq_z2_util_vector_logic_0_0/video_out_pynq_z2_util_vector_logic_0_0_in_context.xdc] for cell 'video_out_pynq_z2_i/util_vector_logic_0'
Parsing XDC File [c:/selected_topics_hdmi/pyzq/hw/hw_proj/hw_proj.gen/sources_1/bd/video_out_pynq_z2/ip/video_out_pynq_z2_video_gray_live_0_0/video_out_pynq_z2_video_gray_live_0_0/video_out_pynq_z2_video_gray_live_0_0_in_context.xdc] for cell 'video_out_pynq_z2_i/video_gray_live_0'
Finished Parsing XDC File [c:/selected_topics_hdmi/pyzq/hw/hw_proj/hw_proj.gen/sources_1/bd/video_out_pynq_z2/ip/video_out_pynq_z2_video_gray_live_0_0/video_out_pynq_z2_video_gray_live_0_0/video_out_pynq_z2_video_gray_live_0_0_in_context.xdc] for cell 'video_out_pynq_z2_i/video_gray_live_0'
Parsing XDC File [c:/selected_topics_hdmi/pyzq/hw/hw_proj/hw_proj.gen/sources_1/bd/video_out_pynq_z2/ip/video_out_pynq_z2_axis_data_fifo_0_0/video_out_pynq_z2_axis_data_fifo_0_0/video_out_pynq_z2_axis_data_fifo_0_0_in_context.xdc] for cell 'video_out_pynq_z2_i/axis_data_fifo_0'
Finished Parsing XDC File [c:/selected_topics_hdmi/pyzq/hw/hw_proj/hw_proj.gen/sources_1/bd/video_out_pynq_z2/ip/video_out_pynq_z2_axis_data_fifo_0_0/video_out_pynq_z2_axis_data_fifo_0_0/video_out_pynq_z2_axis_data_fifo_0_0_in_context.xdc] for cell 'video_out_pynq_z2_i/axis_data_fifo_0'
Parsing XDC File [c:/selected_topics_hdmi/pyzq/hw/hw_proj/hw_proj.gen/sources_1/bd/video_out_pynq_z2/ip/video_out_pynq_z2_axis_register_slice_0_0/video_out_pynq_z2_axis_register_slice_0_0/video_out_pynq_z2_axis_register_slice_0_0_in_context.xdc] for cell 'video_out_pynq_z2_i/axis_register_slice_0'
Finished Parsing XDC File [c:/selected_topics_hdmi/pyzq/hw/hw_proj/hw_proj.gen/sources_1/bd/video_out_pynq_z2/ip/video_out_pynq_z2_axis_register_slice_0_0/video_out_pynq_z2_axis_register_slice_0_0/video_out_pynq_z2_axis_register_slice_0_0_in_context.xdc] for cell 'video_out_pynq_z2_i/axis_register_slice_0'
Parsing XDC File [C:/selected_topics_hdmi/pyzq/hw/hw_proj/hw_proj.srcs/constrs_1/imports/constr/hw_constr.xdc]
Finished Parsing XDC File [C:/selected_topics_hdmi/pyzq/hw/hw_proj/hw_proj.srcs/constrs_1/imports/constr/hw_constr.xdc]
INFO: [Project 1-236] Implementation specific constraints were found while reading constraint file [C:/selected_topics_hdmi/pyzq/hw/hw_proj/hw_proj.srcs/constrs_1/imports/constr/hw_constr.xdc]. These constraints will be ignored for synthesis but will be used in implementation. Impacted constraints are listed in the file [.Xil/video_out_pynq_z2_wrapper_propImpl.xdc].
Resolution: To avoid this warning, move constraints listed in [.Xil/video_out_pynq_z2_wrapper_propImpl.xdc] to another XDC file and exclude this new file from synthesis with the used_in_synthesis property (File Properties dialog in GUI) and re-run elaboration/synthesis.
Parsing XDC File [C:/selected_topics_hdmi/pyzq/hw/hw_proj/hw_proj.runs/synth_1/dont_touch.xdc]
Finished Parsing XDC File [C:/selected_topics_hdmi/pyzq/hw/hw_proj/hw_proj.runs/synth_1/dont_touch.xdc]
Completed Processing XDC Constraints

Netlist sorting complete. Time (s): cpu = 00:00:00 ; elapsed = 00:00:00 . Memory (MB): peak = 1569.547 ; gain = 0.000
INFO: [Project 1-111] Unisim Transformation Summary:
  A total of 2 instances were transformed.
  IOBUF => IOBUF (IBUF, OBUFT): 2 instances

The system cannot find the path specified.
Constraint Validation Runtime : Time (s): cpu = 00:00:00 ; elapsed = 00:00:00.009 . Memory (MB): peak = 1569.547 ; gain = 0.000
WARNING: [Timing 38-316] Clock period '10.000' specified during out-of-context synthesis of instance 'video_out_pynq_z2_i/v_vid_in_axi4s_0' at clock pin 'vid_io_in_clk' is different from the actual clock period '6.060', this can lead to different synthesis results.
---------------------------------------------------------------------------------
Finished Constraint Validation : Time (s): cpu = 00:00:14 ; elapsed = 00:00:15 . Memory (MB): peak = 1570.691 ; gain = 591.121
---------------------------------------------------------------------------------
---------------------------------------------------------------------------------
Start Loading Part and Timing Information
---------------------------------------------------------------------------------
Loading part: xc7z020clg400-1
---------------------------------------------------------------------------------
Finished Loading Part and Timing Information : Time (s): cpu = 00:00:14 ; elapsed = 00:00:15 . Memory (MB): peak = 1570.691 ; gain = 591.121
---------------------------------------------------------------------------------
---------------------------------------------------------------------------------
Start Applying 'set_property' XDC Constraints
---------------------------------------------------------------------------------
Applied set_property IO_BUFFER_TYPE = NONE for DDR_addr[0]. (constraint file  c:/selected_topics_hdmi/pyzq/hw/hw_proj/hw_proj.gen/sources_1/bd/video_out_pynq_z2/ip/video_out_pynq_z2_processing_system7_0_0/video_out_pynq_z2_processing_system7_0_0/video_out_pynq_z2_processing_system7_0_0_in_context.xdc, line 3).
Applied set_property CLOCK_BUFFER_TYPE = NONE for DDR_addr[0]. (constraint file  c:/selected_topics_hdmi/pyzq/hw/hw_proj/hw_proj.gen/sources_1/bd/video_out_pynq_z2/ip/video_out_pynq_z2_processing_system7_0_0/video_out_pynq_z2_processing_system7_0_0/video_out_pynq_z2_processing_system7_0_0_in_context.xdc, line 4).
Applied set_property IO_BUFFER_TYPE = NONE for DDR_addr[10]. (constraint file  c:/selected_topics_hdmi/pyzq/hw/hw_proj/hw_proj.gen/sources_1/bd/video_out_pynq_z2/ip/video_out_pynq_z2_processing_system7_0_0/video_out_pynq_z2_processing_system7_0_0/video_out_pynq_z2_processing_system7_0_0_in_context.xdc, line 5).
Applied set_property CLOCK_BUFFER_TYPE = NONE for DDR_addr[10]. (constraint file  c:/selected_topics_hdmi/pyzq/hw/hw_proj/hw_proj.gen/sources_1/bd/video_out_pynq_z2/ip/video_out_pynq_z2_processing_system7_0_0/video_out_pynq_z2_processing_system7_0_0/video_out_pynq_z2_processing_system7_0_0_in_context.xdc, line 6).
Applied set_property IO_BUFFER_TYPE = NONE for DDR_addr[11]. (constraint file  c:/selected_topics_hdmi/pyzq/hw/hw_proj/hw_proj.gen/sources_1/bd/video_out_pynq_z2/ip/video_out_pynq_z2_processing_system7_0_0/video_out_pynq_z2_processing_system7_0_0/video_out_pynq_z2_processing_system7_0_0_in_context.xdc, line 7).
Applied set_property CLOCK_BUFFER_TYPE = NONE for DDR_addr[11]. (constraint file  c:/selected_topics_hdmi/pyzq/hw/hw_proj/hw_proj.gen/sources_1/bd/video_out_pynq_z2/ip/video_out_pynq_z2_processing_system7_0_0/video_out_pynq_z2_processing_system7_0_0/video_out_pynq_z2_processing_system7_0_0_in_context.xdc, line 8).
Applied set_property IO_BUFFER_TYPE = NONE for DDR_addr[12]. (constraint file  c:/selected_topics_hdmi/pyzq/hw/hw_proj/hw_proj.gen/sources_1/bd/video_out_pynq_z2/ip/video_out_pynq_z2_processing_system7_0_0/video_out_pynq_z2_processing_system7_0_0/video_out_pynq_z2_processing_system7_0_0_in_context.xdc, line 9).
Applied set_property CLOCK_BUFFER_TYPE = NONE for DDR_addr[12]. (constraint file  c:/selected_topics_hdmi/pyzq/hw/hw_proj/hw_proj.gen/sources_1/bd/video_out_pynq_z2/ip/video_out_pynq_z2_processing_system7_0_0/video_out_pynq_z2_processing_system7_0_0/video_out_pynq_z2_processing_system7_0_0_in_context.xdc, line 10).
Applied set_property IO_BUFFER_TYPE = NONE for DDR_addr[13]. (constraint file  c:/selected_topics_hdmi/pyzq/hw/hw_proj/hw_proj.gen/sources_1/bd/video_out_pynq_z2/ip/video_out_pynq_z2_processing_system7_0_0/video_out_pynq_z2_processing_system7_0_0/video_out_pynq_z2_processing_system7_0_0_in_context.xdc, line 11).
Applied set_property CLOCK_BUFFER_TYPE = NONE for DDR_addr[13]. (constraint file  c:/selected_topics_hdmi/pyzq/hw/hw_proj/hw_proj.gen/sources_1/bd/video_out_pynq_z2/ip/video_out_pynq_z2_processing_system7_0_0/video_out_pynq_z2_processing_system7_0_0/video_out_pynq_z2_processing_system7_0_0_in_context.xdc, line 12).
Applied set_property IO_BUFFER_TYPE = NONE for DDR_addr[14]. (constraint file  c:/selected_topics_hdmi/pyzq/hw/hw_proj/hw_proj.gen/sources_1/bd/video_out_pynq_z2/ip/video_out_pynq_z2_processing_system7_0_0/video_out_pynq_z2_processing_system7_0_0/video_out_pynq_z2_processing_system7_0_0_in_context.xdc, line 13).
Applied set_property CLOCK_BUFFER_TYPE = NONE for DDR_addr[14]. (constraint file  c:/selected_topics_hdmi/pyzq/hw/hw_proj/hw_proj.gen/sources_1/bd/video_out_pynq_z2/ip/video_out_pynq_z2_processing_system7_0_0/video_out_pynq_z2_processing_system7_0_0/video_out_pynq_z2_processing_system7_0_0_in_context.xdc, line 14).
Applied set_property IO_BUFFER_TYPE = NONE for DDR_addr[1]. (constraint file  c:/selected_topics_hdmi/pyzq/hw/hw_proj/hw_proj.gen/sources_1/bd/video_out_pynq_z2/ip/video_out_pynq_z2_processing_system7_0_0/video_out_pynq_z2_processing_system7_0_0/video_out_pynq_z2_processing_system7_0_0_in_context.xdc, line 15).
Applied set_property CLOCK_BUFFER_TYPE = NONE for DDR_addr[1]. (constraint file  c:/selected_topics_hdmi/pyzq/hw/hw_proj/hw_proj.gen/sources_1/bd/video_out_pynq_z2/ip/video_out_pynq_z2_processing_system7_0_0/video_out_pynq_z2_processing_system7_0_0/video_out_pynq_z2_processing_system7_0_0_in_context.xdc, line 16).
Applied set_property IO_BUFFER_TYPE = NONE for DDR_addr[2]. (constraint file  c:/selected_topics_hdmi/pyzq/hw/hw_proj/hw_proj.gen/sources_1/bd/video_out_pynq_z2/ip/video_out_pynq_z2_processing_system7_0_0/video_out_pynq_z2_processing_system7_0_0/video_out_pynq_z2_processing_system7_0_0_in_context.xdc, line 17).
Applied set_property CLOCK_BUFFER_TYPE = NONE for DDR_addr[2]. (constraint file  c:/selected_topics_hdmi/pyzq/hw/hw_proj/hw_proj.gen/sources_1/bd/video_out_pynq_z2/ip/video_out_pynq_z2_processing_system7_0_0/video_out_pynq_z2_processing_system7_0_0/video_out_pynq_z2_processing_system7_0_0_in_context.xdc, line 18).
Applied set_property IO_BUFFER_TYPE = NONE for DDR_addr[3]. (constraint file  c:/selected_topics_hdmi/pyzq/hw/hw_proj/hw_proj.gen/sources_1/bd/video_out_pynq_z2/ip/video_out_pynq_z2_processing_system7_0_0/video_out_pynq_z2_processing_system7_0_0/video_out_pynq_z2_processing_system7_0_0_in_context.xdc, line 19).
Applied set_property CLOCK_BUFFER_TYPE = NONE for DDR_addr[3]. (constraint file  c:/selected_topics_hdmi/pyzq/hw/hw_proj/hw_proj.gen/sources_1/bd/video_out_pynq_z2/ip/video_out_pynq_z2_processing_system7_0_0/video_out_pynq_z2_processing_system7_0_0/video_out_pynq_z2_processing_system7_0_0_in_context.xdc, line 20).
Applied set_property IO_BUFFER_TYPE = NONE for DDR_addr[4]. (constraint file  c:/selected_topics_hdmi/pyzq/hw/hw_proj/hw_proj.gen/sources_1/bd/video_out_pynq_z2/ip/video_out_pynq_z2_processing_system7_0_0/video_out_pynq_z2_processing_system7_0_0/video_out_pynq_z2_processing_system7_0_0_in_context.xdc, line 21).
Applied set_property CLOCK_BUFFER_TYPE = NONE for DDR_addr[4]. (constraint file  c:/selected_topics_hdmi/pyzq/hw/hw_proj/hw_proj.gen/sources_1/bd/video_out_pynq_z2/ip/video_out_pynq_z2_processing_system7_0_0/video_out_pynq_z2_processing_system7_0_0/video_out_pynq_z2_processing_system7_0_0_in_context.xdc, line 22).
Applied set_property IO_BUFFER_TYPE = NONE for DDR_addr[5]. (constraint file  c:/selected_topics_hdmi/pyzq/hw/hw_proj/hw_proj.gen/sources_1/bd/video_out_pynq_z2/ip/video_out_pynq_z2_processing_system7_0_0/video_out_pynq_z2_processing_system7_0_0/video_out_pynq_z2_processing_system7_0_0_in_context.xdc, line 23).
Applied set_property CLOCK_BUFFER_TYPE = NONE for DDR_addr[5]. (constraint file  c:/selected_topics_hdmi/pyzq/hw/hw_proj/hw_proj.gen/sources_1/bd/video_out_pynq_z2/ip/video_out_pynq_z2_processing_system7_0_0/video_out_pynq_z2_processing_system7_0_0/video_out_pynq_z2_processing_system7_0_0_in_context.xdc, line 24).
Applied set_property IO_BUFFER_TYPE = NONE for DDR_addr[6]. (constraint file  c:/selected_topics_hdmi/pyzq/hw/hw_proj/hw_proj.gen/sources_1/bd/video_out_pynq_z2/ip/video_out_pynq_z2_processing_system7_0_0/video_out_pynq_z2_processing_system7_0_0/video_out_pynq_z2_processing_system7_0_0_in_context.xdc, line 25).
Applied set_property CLOCK_BUFFER_TYPE = NONE for DDR_addr[6]. (constraint file  c:/selected_topics_hdmi/pyzq/hw/hw_proj/hw_proj.gen/sources_1/bd/video_out_pynq_z2/ip/video_out_pynq_z2_processing_system7_0_0/video_out_pynq_z2_processing_system7_0_0/video_out_pynq_z2_processing_system7_0_0_in_context.xdc, line 26).
Applied set_property IO_BUFFER_TYPE = NONE for DDR_addr[7]. (constraint file  c:/selected_topics_hdmi/pyzq/hw/hw_proj/hw_proj.gen/sources_1/bd/video_out_pynq_z2/ip/video_out_pynq_z2_processing_system7_0_0/video_out_pynq_z2_processing_system7_0_0/video_out_pynq_z2_processing_system7_0_0_in_context.xdc, line 27).
Applied set_property CLOCK_BUFFER_TYPE = NONE for DDR_addr[7]. (constraint file  c:/selected_topics_hdmi/pyzq/hw/hw_proj/hw_proj.gen/sources_1/bd/video_out_pynq_z2/ip/video_out_pynq_z2_processing_system7_0_0/video_out_pynq_z2_processing_system7_0_0/video_out_pynq_z2_processing_system7_0_0_in_context.xdc, line 28).
Applied set_property IO_BUFFER_TYPE = NONE for DDR_addr[8]. (constraint file  c:/selected_topics_hdmi/pyzq/hw/hw_proj/hw_proj.gen/sources_1/bd/video_out_pynq_z2/ip/video_out_pynq_z2_processing_system7_0_0/video_out_pynq_z2_processing_system7_0_0/video_out_pynq_z2_processing_system7_0_0_in_context.xdc, line 29).
Applied set_property CLOCK_BUFFER_TYPE = NONE for DDR_addr[8]. (constraint file  c:/selected_topics_hdmi/pyzq/hw/hw_proj/hw_proj.gen/sources_1/bd/video_out_pynq_z2/ip/video_out_pynq_z2_processing_system7_0_0/video_out_pynq_z2_processing_system7_0_0/video_out_pynq_z2_processing_system7_0_0_in_context.xdc, line 30).
Applied set_property IO_BUFFER_TYPE = NONE for DDR_addr[9]. (constraint file  c:/selected_topics_hdmi/pyzq/hw/hw_proj/hw_proj.gen/sources_1/bd/video_out_pynq_z2/ip/video_out_pynq_z2_processing_system7_0_0/video_out_pynq_z2_processing_system7_0_0/video_out_pynq_z2_processing_system7_0_0_in_context.xdc, line 31).
Applied set_property CLOCK_BUFFER_TYPE = NONE for DDR_addr[9]. (constraint file  c:/selected_topics_hdmi/pyzq/hw/hw_proj/hw_proj.gen/sources_1/bd/video_out_pynq_z2/ip/video_out_pynq_z2_processing_system7_0_0/video_out_pynq_z2_processing_system7_0_0/video_out_pynq_z2_processing_system7_0_0_in_context.xdc, line 32).
Applied set_property IO_BUFFER_TYPE = NONE for DDR_ba[0]. (constraint file  c:/selected_topics_hdmi/pyzq/hw/hw_proj/hw_proj.gen/sources_1/bd/video_out_pynq_z2/ip/video_out_pynq_z2_processing_system7_0_0/video_out_pynq_z2_processing_system7_0_0/video_out_pynq_z2_processing_system7_0_0_in_context.xdc, line 33).
Applied set_property CLOCK_BUFFER_TYPE = NONE for DDR_ba[0]. (constraint file  c:/selected_topics_hdmi/pyzq/hw/hw_proj/hw_proj.gen/sources_1/bd/video_out_pynq_z2/ip/video_out_pynq_z2_processing_system7_0_0/video_out_pynq_z2_processing_system7_0_0/video_out_pynq_z2_processing_system7_0_0_in_context.xdc, line 34).
Applied set_property IO_BUFFER_TYPE = NONE for DDR_ba[1]. (constraint file  c:/selected_topics_hdmi/pyzq/hw/hw_proj/hw_proj.gen/sources_1/bd/video_out_pynq_z2/ip/video_out_pynq_z2_processing_system7_0_0/video_out_pynq_z2_processing_system7_0_0/video_out_pynq_z2_processing_system7_0_0_in_context.xdc, line 35).
Applied set_property CLOCK_BUFFER_TYPE = NONE for DDR_ba[1]. (constraint file  c:/selected_topics_hdmi/pyzq/hw/hw_proj/hw_proj.gen/sources_1/bd/video_out_pynq_z2/ip/video_out_pynq_z2_processing_system7_0_0/video_out_pynq_z2_processing_system7_0_0/video_out_pynq_z2_processing_system7_0_0_in_context.xdc, line 36).
Applied set_property IO_BUFFER_TYPE = NONE for DDR_ba[2]. (constraint file  c:/selected_topics_hdmi/pyzq/hw/hw_proj/hw_proj.gen/sources_1/bd/video_out_pynq_z2/ip/video_out_pynq_z2_processing_system7_0_0/video_out_pynq_z2_processing_system7_0_0/video_out_pynq_z2_processing_system7_0_0_in_context.xdc, line 37).
Applied set_property CLOCK_BUFFER_TYPE = NONE for DDR_ba[2]. (constraint file  c:/selected_topics_hdmi/pyzq/hw/hw_proj/hw_proj.gen/sources_1/bd/video_out_pynq_z2/ip/video_out_pynq_z2_processing_system7_0_0/video_out_pynq_z2_processing_system7_0_0/video_out_pynq_z2_processing_system7_0_0_in_context.xdc, line 38).
Applied set_property IO_BUFFER_TYPE = NONE for DDR_cas_n. (constraint file  c:/selected_topics_hdmi/pyzq/hw/hw_proj/hw_proj.gen/sources_1/bd/video_out_pynq_z2/ip/video_out_pynq_z2_processing_system7_0_0/video_out_pynq_z2_processing_system7_0_0/video_out_pynq_z2_processing_system7_0_0_in_context.xdc, line 39).
Applied set_property CLOCK_BUFFER_TYPE = NONE for DDR_cas_n. (constraint file  c:/selected_topics_hdmi/pyzq/hw/hw_proj/hw_proj.gen/sources_1/bd/video_out_pynq_z2/ip/video_out_pynq_z2_processing_system7_0_0/video_out_pynq_z2_processing_system7_0_0/video_out_pynq_z2_processing_system7_0_0_in_context.xdc, line 40).
Applied set_property IO_BUFFER_TYPE = NONE for DDR_cke. (constraint file  c:/selected_topics_hdmi/pyzq/hw/hw_proj/hw_proj.gen/sources_1/bd/video_out_pynq_z2/ip/video_out_pynq_z2_processing_system7_0_0/video_out_pynq_z2_processing_system7_0_0/video_out_pynq_z2_processing_system7_0_0_in_context.xdc, line 41).
Applied set_property CLOCK_BUFFER_TYPE = NONE for DDR_cke. (constraint file  c:/selected_topics_hdmi/pyzq/hw/hw_proj/hw_proj.gen/sources_1/bd/video_out_pynq_z2/ip/video_out_pynq_z2_processing_system7_0_0/video_out_pynq_z2_processing_system7_0_0/video_out_pynq_z2_processing_system7_0_0_in_context.xdc, line 42).
Applied set_property IO_BUFFER_TYPE = NONE for DDR_cs_n. (constraint file  c:/selected_topics_hdmi/pyzq/hw/hw_proj/hw_proj.gen/sources_1/bd/video_out_pynq_z2/ip/video_out_pynq_z2_processing_system7_0_0/video_out_pynq_z2_processing_system7_0_0/video_out_pynq_z2_processing_system7_0_0_in_context.xdc, line 43).
Applied set_property CLOCK_BUFFER_TYPE = NONE for DDR_cs_n. (constraint file  c:/selected_topics_hdmi/pyzq/hw/hw_proj/hw_proj.gen/sources_1/bd/video_out_pynq_z2/ip/video_out_pynq_z2_processing_system7_0_0/video_out_pynq_z2_processing_system7_0_0/video_out_pynq_z2_processing_system7_0_0_in_context.xdc, line 44).
Applied set_property IO_BUFFER_TYPE = NONE for DDR_ck_p. (constraint file  c:/selected_topics_hdmi/pyzq/hw/hw_proj/hw_proj.gen/sources_1/bd/video_out_pynq_z2/ip/video_out_pynq_z2_processing_system7_0_0/video_out_pynq_z2_processing_system7_0_0/video_out_pynq_z2_processing_system7_0_0_in_context.xdc, line 45).
Applied set_property CLOCK_BUFFER_TYPE = NONE for DDR_ck_p. (constraint file  c:/selected_topics_hdmi/pyzq/hw/hw_proj/hw_proj.gen/sources_1/bd/video_out_pynq_z2/ip/video_out_pynq_z2_processing_system7_0_0/video_out_pynq_z2_processing_system7_0_0/video_out_pynq_z2_processing_system7_0_0_in_context.xdc, line 46).
Applied set_property IO_BUFFER_TYPE = NONE for DDR_ck_n. (constraint file  c:/selected_topics_hdmi/pyzq/hw/hw_proj/hw_proj.gen/sources_1/bd/video_out_pynq_z2/ip/video_out_pynq_z2_processing_system7_0_0/video_out_pynq_z2_processing_system7_0_0/video_out_pynq_z2_processing_system7_0_0_in_context.xdc, line 47).
Applied set_property CLOCK_BUFFER_TYPE = NONE for DDR_ck_n. (constraint file  c:/selected_topics_hdmi/pyzq/hw/hw_proj/hw_proj.gen/sources_1/bd/video_out_pynq_z2/ip/video_out_pynq_z2_processing_system7_0_0/video_out_pynq_z2_processing_system7_0_0/video_out_pynq_z2_processing_system7_0_0_in_context.xdc, line 48).
Applied set_property IO_BUFFER_TYPE = NONE for DDR_dm[0]. (constraint file  c:/selected_topics_hdmi/pyzq/hw/hw_proj/hw_proj.gen/sources_1/bd/video_out_pynq_z2/ip/video_out_pynq_z2_processing_system7_0_0/video_out_pynq_z2_processing_system7_0_0/video_out_pynq_z2_processing_system7_0_0_in_context.xdc, line 49).
Applied set_property CLOCK_BUFFER_TYPE = NONE for DDR_dm[0]. (constraint file  c:/selected_topics_hdmi/pyzq/hw/hw_proj/hw_proj.gen/sources_1/bd/video_out_pynq_z2/ip/video_out_pynq_z2_processing_system7_0_0/video_out_pynq_z2_processing_system7_0_0/video_out_pynq_z2_processing_system7_0_0_in_context.xdc, line 50).
Applied set_property IO_BUFFER_TYPE = NONE for DDR_dm[1]. (constraint file  c:/selected_topics_hdmi/pyzq/hw/hw_proj/hw_proj.gen/sources_1/bd/video_out_pynq_z2/ip/video_out_pynq_z2_processing_system7_0_0/video_out_pynq_z2_processing_system7_0_0/video_out_pynq_z2_processing_system7_0_0_in_context.xdc, line 51).
Applied set_property CLOCK_BUFFER_TYPE = NONE for DDR_dm[1]. (constraint file  c:/selected_topics_hdmi/pyzq/hw/hw_proj/hw_proj.gen/sources_1/bd/video_out_pynq_z2/ip/video_out_pynq_z2_processing_system7_0_0/video_out_pynq_z2_processing_system7_0_0/video_out_pynq_z2_processing_system7_0_0_in_context.xdc, line 52).
Applied set_property IO_BUFFER_TYPE = NONE for DDR_dm[2]. (constraint file  c:/selected_topics_hdmi/pyzq/hw/hw_proj/hw_proj.gen/sources_1/bd/video_out_pynq_z2/ip/video_out_pynq_z2_processing_system7_0_0/video_out_pynq_z2_processing_system7_0_0/video_out_pynq_z2_processing_system7_0_0_in_context.xdc, line 53).
Applied set_property CLOCK_BUFFER_TYPE = NONE for DDR_dm[2]. (constraint file  c:/selected_topics_hdmi/pyzq/hw/hw_proj/hw_proj.gen/sources_1/bd/video_out_pynq_z2/ip/video_out_pynq_z2_processing_system7_0_0/video_out_pynq_z2_processing_system7_0_0/video_out_pynq_z2_processing_system7_0_0_in_context.xdc, line 54).
Applied set_property IO_BUFFER_TYPE = NONE for DDR_dm[3]. (constraint file  c:/selected_topics_hdmi/pyzq/hw/hw_proj/hw_proj.gen/sources_1/bd/video_out_pynq_z2/ip/video_out_pynq_z2_processing_system7_0_0/video_out_pynq_z2_processing_system7_0_0/video_out_pynq_z2_processing_system7_0_0_in_context.xdc, line 55).
Applied set_property CLOCK_BUFFER_TYPE = NONE for DDR_dm[3]. (constraint file  c:/selected_topics_hdmi/pyzq/hw/hw_proj/hw_proj.gen/sources_1/bd/video_out_pynq_z2/ip/video_out_pynq_z2_processing_system7_0_0/video_out_pynq_z2_processing_system7_0_0/video_out_pynq_z2_processing_system7_0_0_in_context.xdc, line 56).
Applied set_property IO_BUFFER_TYPE = NONE for DDR_dqs_p[0]. (constraint file  c:/selected_topics_hdmi/pyzq/hw/hw_proj/hw_proj.gen/sources_1/bd/video_out_pynq_z2/ip/video_out_pynq_z2_processing_system7_0_0/video_out_pynq_z2_processing_system7_0_0/video_out_pynq_z2_processing_system7_0_0_in_context.xdc, line 57).
Applied set_property CLOCK_BUFFER_TYPE = NONE for DDR_dqs_p[0]. (constraint file  c:/selected_topics_hdmi/pyzq/hw/hw_proj/hw_proj.gen/sources_1/bd/video_out_pynq_z2/ip/video_out_pynq_z2_processing_system7_0_0/video_out_pynq_z2_processing_system7_0_0/video_out_pynq_z2_processing_system7_0_0_in_context.xdc, line 58).
Applied set_property IO_BUFFER_TYPE = NONE for DDR_dqs_p[1]. (constraint file  c:/selected_topics_hdmi/pyzq/hw/hw_proj/hw_proj.gen/sources_1/bd/video_out_pynq_z2/ip/video_out_pynq_z2_processing_system7_0_0/video_out_pynq_z2_processing_system7_0_0/video_out_pynq_z2_processing_system7_0_0_in_context.xdc, line 59).
Applied set_property CLOCK_BUFFER_TYPE = NONE for DDR_dqs_p[1]. (constraint file  c:/selected_topics_hdmi/pyzq/hw/hw_proj/hw_proj.gen/sources_1/bd/video_out_pynq_z2/ip/video_out_pynq_z2_processing_system7_0_0/video_out_pynq_z2_processing_system7_0_0/video_out_pynq_z2_processing_system7_0_0_in_context.xdc, line 60).
Applied set_property IO_BUFFER_TYPE = NONE for DDR_dqs_p[2]. (constraint file  c:/selected_topics_hdmi/pyzq/hw/hw_proj/hw_proj.gen/sources_1/bd/video_out_pynq_z2/ip/video_out_pynq_z2_processing_system7_0_0/video_out_pynq_z2_processing_system7_0_0/video_out_pynq_z2_processing_system7_0_0_in_context.xdc, line 61).
Applied set_property CLOCK_BUFFER_TYPE = NONE for DDR_dqs_p[2]. (constraint file  c:/selected_topics_hdmi/pyzq/hw/hw_proj/hw_proj.gen/sources_1/bd/video_out_pynq_z2/ip/video_out_pynq_z2_processing_system7_0_0/video_out_pynq_z2_processing_system7_0_0/video_out_pynq_z2_processing_system7_0_0_in_context.xdc, line 62).
Applied set_property IO_BUFFER_TYPE = NONE for DDR_dqs_p[3]. (constraint file  c:/selected_topics_hdmi/pyzq/hw/hw_proj/hw_proj.gen/sources_1/bd/video_out_pynq_z2/ip/video_out_pynq_z2_processing_system7_0_0/video_out_pynq_z2_processing_system7_0_0/video_out_pynq_z2_processing_system7_0_0_in_context.xdc, line 63).
Applied set_property CLOCK_BUFFER_TYPE = NONE for DDR_dqs_p[3]. (constraint file  c:/selected_topics_hdmi/pyzq/hw/hw_proj/hw_proj.gen/sources_1/bd/video_out_pynq_z2/ip/video_out_pynq_z2_processing_system7_0_0/video_out_pynq_z2_processing_system7_0_0/video_out_pynq_z2_processing_system7_0_0_in_context.xdc, line 64).
Applied set_property IO_BUFFER_TYPE = NONE for DDR_dqs_n[0]. (constraint file  c:/selected_topics_hdmi/pyzq/hw/hw_proj/hw_proj.gen/sources_1/bd/video_out_pynq_z2/ip/video_out_pynq_z2_processing_system7_0_0/video_out_pynq_z2_processing_system7_0_0/video_out_pynq_z2_processing_system7_0_0_in_context.xdc, line 65).
Applied set_property CLOCK_BUFFER_TYPE = NONE for DDR_dqs_n[0]. (constraint file  c:/selected_topics_hdmi/pyzq/hw/hw_proj/hw_proj.gen/sources_1/bd/video_out_pynq_z2/ip/video_out_pynq_z2_processing_system7_0_0/video_out_pynq_z2_processing_system7_0_0/video_out_pynq_z2_processing_system7_0_0_in_context.xdc, line 66).
Applied set_property IO_BUFFER_TYPE = NONE for DDR_dqs_n[1]. (constraint file  c:/selected_topics_hdmi/pyzq/hw/hw_proj/hw_proj.gen/sources_1/bd/video_out_pynq_z2/ip/video_out_pynq_z2_processing_system7_0_0/video_out_pynq_z2_processing_system7_0_0/video_out_pynq_z2_processing_system7_0_0_in_context.xdc, line 67).
Applied set_property CLOCK_BUFFER_TYPE = NONE for DDR_dqs_n[1]. (constraint file  c:/selected_topics_hdmi/pyzq/hw/hw_proj/hw_proj.gen/sources_1/bd/video_out_pynq_z2/ip/video_out_pynq_z2_processing_system7_0_0/video_out_pynq_z2_processing_system7_0_0/video_out_pynq_z2_processing_system7_0_0_in_context.xdc, line 68).
Applied set_property IO_BUFFER_TYPE = NONE for DDR_dqs_n[2]. (constraint file  c:/selected_topics_hdmi/pyzq/hw/hw_proj/hw_proj.gen/sources_1/bd/video_out_pynq_z2/ip/video_out_pynq_z2_processing_system7_0_0/video_out_pynq_z2_processing_system7_0_0/video_out_pynq_z2_processing_system7_0_0_in_context.xdc, line 69).
Applied set_property CLOCK_BUFFER_TYPE = NONE for DDR_dqs_n[2]. (constraint file  c:/selected_topics_hdmi/pyzq/hw/hw_proj/hw_proj.gen/sources_1/bd/video_out_pynq_z2/ip/video_out_pynq_z2_processing_system7_0_0/video_out_pynq_z2_processing_system7_0_0/video_out_pynq_z2_processing_system7_0_0_in_context.xdc, line 70).
Applied set_property IO_BUFFER_TYPE = NONE for DDR_dqs_n[3]. (constraint file  c:/selected_topics_hdmi/pyzq/hw/hw_proj/hw_proj.gen/sources_1/bd/video_out_pynq_z2/ip/video_out_pynq_z2_processing_system7_0_0/video_out_pynq_z2_processing_system7_0_0/video_out_pynq_z2_processing_system7_0_0_in_context.xdc, line 71).
Applied set_property CLOCK_BUFFER_TYPE = NONE for DDR_dqs_n[3]. (constraint file  c:/selected_topics_hdmi/pyzq/hw/hw_proj/hw_proj.gen/sources_1/bd/video_out_pynq_z2/ip/video_out_pynq_z2_processing_system7_0_0/video_out_pynq_z2_processing_system7_0_0/video_out_pynq_z2_processing_system7_0_0_in_context.xdc, line 72).
Applied set_property IO_BUFFER_TYPE = NONE for DDR_dq[0]. (constraint file  c:/selected_topics_hdmi/pyzq/hw/hw_proj/hw_proj.gen/sources_1/bd/video_out_pynq_z2/ip/video_out_pynq_z2_processing_system7_0_0/video_out_pynq_z2_processing_system7_0_0/video_out_pynq_z2_processing_system7_0_0_in_context.xdc, line 73).
Applied set_property CLOCK_BUFFER_TYPE = NONE for DDR_dq[0]. (constraint file  c:/selected_topics_hdmi/pyzq/hw/hw_proj/hw_proj.gen/sources_1/bd/video_out_pynq_z2/ip/video_out_pynq_z2_processing_system7_0_0/video_out_pynq_z2_processing_system7_0_0/video_out_pynq_z2_processing_system7_0_0_in_context.xdc, line 74).
Applied set_property IO_BUFFER_TYPE = NONE for DDR_dq[10]. (constraint file  c:/selected_topics_hdmi/pyzq/hw/hw_proj/hw_proj.gen/sources_1/bd/video_out_pynq_z2/ip/video_out_pynq_z2_processing_system7_0_0/video_out_pynq_z2_processing_system7_0_0/video_out_pynq_z2_processing_system7_0_0_in_context.xdc, line 75).
Applied set_property CLOCK_BUFFER_TYPE = NONE for DDR_dq[10]. (constraint file  c:/selected_topics_hdmi/pyzq/hw/hw_proj/hw_proj.gen/sources_1/bd/video_out_pynq_z2/ip/video_out_pynq_z2_processing_system7_0_0/video_out_pynq_z2_processing_system7_0_0/video_out_pynq_z2_processing_system7_0_0_in_context.xdc, line 76).
Applied set_property IO_BUFFER_TYPE = NONE for DDR_dq[11]. (constraint file  c:/selected_topics_hdmi/pyzq/hw/hw_proj/hw_proj.gen/sources_1/bd/video_out_pynq_z2/ip/video_out_pynq_z2_processing_system7_0_0/video_out_pynq_z2_processing_system7_0_0/video_out_pynq_z2_processing_system7_0_0_in_context.xdc, line 77).
Applied set_property CLOCK_BUFFER_TYPE = NONE for DDR_dq[11]. (constraint file  c:/selected_topics_hdmi/pyzq/hw/hw_proj/hw_proj.gen/sources_1/bd/video_out_pynq_z2/ip/video_out_pynq_z2_processing_system7_0_0/video_out_pynq_z2_processing_system7_0_0/video_out_pynq_z2_processing_system7_0_0_in_context.xdc, line 78).
Applied set_property IO_BUFFER_TYPE = NONE for DDR_dq[12]. (constraint file  c:/selected_topics_hdmi/pyzq/hw/hw_proj/hw_proj.gen/sources_1/bd/video_out_pynq_z2/ip/video_out_pynq_z2_processing_system7_0_0/video_out_pynq_z2_processing_system7_0_0/video_out_pynq_z2_processing_system7_0_0_in_context.xdc, line 79).
Applied set_property CLOCK_BUFFER_TYPE = NONE for DDR_dq[12]. (constraint file  c:/selected_topics_hdmi/pyzq/hw/hw_proj/hw_proj.gen/sources_1/bd/video_out_pynq_z2/ip/video_out_pynq_z2_processing_system7_0_0/video_out_pynq_z2_processing_system7_0_0/video_out_pynq_z2_processing_system7_0_0_in_context.xdc, line 80).
Applied set_property IO_BUFFER_TYPE = NONE for DDR_dq[13]. (constraint file  c:/selected_topics_hdmi/pyzq/hw/hw_proj/hw_proj.gen/sources_1/bd/video_out_pynq_z2/ip/video_out_pynq_z2_processing_system7_0_0/video_out_pynq_z2_processing_system7_0_0/video_out_pynq_z2_processing_system7_0_0_in_context.xdc, line 81).
Applied set_property CLOCK_BUFFER_TYPE = NONE for DDR_dq[13]. (constraint file  c:/selected_topics_hdmi/pyzq/hw/hw_proj/hw_proj.gen/sources_1/bd/video_out_pynq_z2/ip/video_out_pynq_z2_processing_system7_0_0/video_out_pynq_z2_processing_system7_0_0/video_out_pynq_z2_processing_system7_0_0_in_context.xdc, line 82).
Applied set_property IO_BUFFER_TYPE = NONE for DDR_dq[14]. (constraint file  c:/selected_topics_hdmi/pyzq/hw/hw_proj/hw_proj.gen/sources_1/bd/video_out_pynq_z2/ip/video_out_pynq_z2_processing_system7_0_0/video_out_pynq_z2_processing_system7_0_0/video_out_pynq_z2_processing_system7_0_0_in_context.xdc, line 83).
Applied set_property CLOCK_BUFFER_TYPE = NONE for DDR_dq[14]. (constraint file  c:/selected_topics_hdmi/pyzq/hw/hw_proj/hw_proj.gen/sources_1/bd/video_out_pynq_z2/ip/video_out_pynq_z2_processing_system7_0_0/video_out_pynq_z2_processing_system7_0_0/video_out_pynq_z2_processing_system7_0_0_in_context.xdc, line 84).
Applied set_property IO_BUFFER_TYPE = NONE for DDR_dq[15]. (constraint file  c:/selected_topics_hdmi/pyzq/hw/hw_proj/hw_proj.gen/sources_1/bd/video_out_pynq_z2/ip/video_out_pynq_z2_processing_system7_0_0/video_out_pynq_z2_processing_system7_0_0/video_out_pynq_z2_processing_system7_0_0_in_context.xdc, line 85).
Applied set_property CLOCK_BUFFER_TYPE = NONE for DDR_dq[15]. (constraint file  c:/selected_topics_hdmi/pyzq/hw/hw_proj/hw_proj.gen/sources_1/bd/video_out_pynq_z2/ip/video_out_pynq_z2_processing_system7_0_0/video_out_pynq_z2_processing_system7_0_0/video_out_pynq_z2_processing_system7_0_0_in_context.xdc, line 86).
Applied set_property IO_BUFFER_TYPE = NONE for DDR_dq[16]. (constraint file  c:/selected_topics_hdmi/pyzq/hw/hw_proj/hw_proj.gen/sources_1/bd/video_out_pynq_z2/ip/video_out_pynq_z2_processing_system7_0_0/video_out_pynq_z2_processing_system7_0_0/video_out_pynq_z2_processing_system7_0_0_in_context.xdc, line 87).
Applied set_property CLOCK_BUFFER_TYPE = NONE for DDR_dq[16]. (constraint file  c:/selected_topics_hdmi/pyzq/hw/hw_proj/hw_proj.gen/sources_1/bd/video_out_pynq_z2/ip/video_out_pynq_z2_processing_system7_0_0/video_out_pynq_z2_processing_system7_0_0/video_out_pynq_z2_processing_system7_0_0_in_context.xdc, line 88).
Applied set_property IO_BUFFER_TYPE = NONE for DDR_dq[17]. (constraint file  c:/selected_topics_hdmi/pyzq/hw/hw_proj/hw_proj.gen/sources_1/bd/video_out_pynq_z2/ip/video_out_pynq_z2_processing_system7_0_0/video_out_pynq_z2_processing_system7_0_0/video_out_pynq_z2_processing_system7_0_0_in_context.xdc, line 89).
Applied set_property CLOCK_BUFFER_TYPE = NONE for DDR_dq[17]. (constraint file  c:/selected_topics_hdmi/pyzq/hw/hw_proj/hw_proj.gen/sources_1/bd/video_out_pynq_z2/ip/video_out_pynq_z2_processing_system7_0_0/video_out_pynq_z2_processing_system7_0_0/video_out_pynq_z2_processing_system7_0_0_in_context.xdc, line 90).
Applied set_property IO_BUFFER_TYPE = NONE for DDR_dq[18]. (constraint file  c:/selected_topics_hdmi/pyzq/hw/hw_proj/hw_proj.gen/sources_1/bd/video_out_pynq_z2/ip/video_out_pynq_z2_processing_system7_0_0/video_out_pynq_z2_processing_system7_0_0/video_out_pynq_z2_processing_system7_0_0_in_context.xdc, line 91).
Applied set_property CLOCK_BUFFER_TYPE = NONE for DDR_dq[18]. (constraint file  c:/selected_topics_hdmi/pyzq/hw/hw_proj/hw_proj.gen/sources_1/bd/video_out_pynq_z2/ip/video_out_pynq_z2_processing_system7_0_0/video_out_pynq_z2_processing_system7_0_0/video_out_pynq_z2_processing_system7_0_0_in_context.xdc, line 92).
Applied set_property IO_BUFFER_TYPE = NONE for DDR_dq[19]. (constraint file  c:/selected_topics_hdmi/pyzq/hw/hw_proj/hw_proj.gen/sources_1/bd/video_out_pynq_z2/ip/video_out_pynq_z2_processing_system7_0_0/video_out_pynq_z2_processing_system7_0_0/video_out_pynq_z2_processing_system7_0_0_in_context.xdc, line 93).
Applied set_property CLOCK_BUFFER_TYPE = NONE for DDR_dq[19]. (constraint file  c:/selected_topics_hdmi/pyzq/hw/hw_proj/hw_proj.gen/sources_1/bd/video_out_pynq_z2/ip/video_out_pynq_z2_processing_system7_0_0/video_out_pynq_z2_processing_system7_0_0/video_out_pynq_z2_processing_system7_0_0_in_context.xdc, line 94).
Applied set_property IO_BUFFER_TYPE = NONE for DDR_dq[1]. (constraint file  c:/selected_topics_hdmi/pyzq/hw/hw_proj/hw_proj.gen/sources_1/bd/video_out_pynq_z2/ip/video_out_pynq_z2_processing_system7_0_0/video_out_pynq_z2_processing_system7_0_0/video_out_pynq_z2_processing_system7_0_0_in_context.xdc, line 95).
Applied set_property CLOCK_BUFFER_TYPE = NONE for DDR_dq[1]. (constraint file  c:/selected_topics_hdmi/pyzq/hw/hw_proj/hw_proj.gen/sources_1/bd/video_out_pynq_z2/ip/video_out_pynq_z2_processing_system7_0_0/video_out_pynq_z2_processing_system7_0_0/video_out_pynq_z2_processing_system7_0_0_in_context.xdc, line 96).
Applied set_property IO_BUFFER_TYPE = NONE for DDR_dq[20]. (constraint file  c:/selected_topics_hdmi/pyzq/hw/hw_proj/hw_proj.gen/sources_1/bd/video_out_pynq_z2/ip/video_out_pynq_z2_processing_system7_0_0/video_out_pynq_z2_processing_system7_0_0/video_out_pynq_z2_processing_system7_0_0_in_context.xdc, line 97).
Applied set_property CLOCK_BUFFER_TYPE = NONE for DDR_dq[20]. (constraint file  c:/selected_topics_hdmi/pyzq/hw/hw_proj/hw_proj.gen/sources_1/bd/video_out_pynq_z2/ip/video_out_pynq_z2_processing_system7_0_0/video_out_pynq_z2_processing_system7_0_0/video_out_pynq_z2_processing_system7_0_0_in_context.xdc, line 98).
Applied set_property IO_BUFFER_TYPE = NONE for DDR_dq[21]. (constraint file  c:/selected_topics_hdmi/pyzq/hw/hw_proj/hw_proj.gen/sources_1/bd/video_out_pynq_z2/ip/video_out_pynq_z2_processing_system7_0_0/video_out_pynq_z2_processing_system7_0_0/video_out_pynq_z2_processing_system7_0_0_in_context.xdc, line 99).
Applied set_property CLOCK_BUFFER_TYPE = NONE for DDR_dq[21]. (constraint file  c:/selected_topics_hdmi/pyzq/hw/hw_proj/hw_proj.gen/sources_1/bd/video_out_pynq_z2/ip/video_out_pynq_z2_processing_system7_0_0/video_out_pynq_z2_processing_system7_0_0/video_out_pynq_z2_processing_system7_0_0_in_context.xdc, line 100).
Applied set_property IO_BUFFER_TYPE = NONE for DDR_dq[22]. (constraint file  c:/selected_topics_hdmi/pyzq/hw/hw_proj/hw_proj.gen/sources_1/bd/video_out_pynq_z2/ip/video_out_pynq_z2_processing_system7_0_0/video_out_pynq_z2_processing_system7_0_0/video_out_pynq_z2_processing_system7_0_0_in_context.xdc, line 101).
Applied set_property CLOCK_BUFFER_TYPE = NONE for DDR_dq[22]. (constraint file  c:/selected_topics_hdmi/pyzq/hw/hw_proj/hw_proj.gen/sources_1/bd/video_out_pynq_z2/ip/video_out_pynq_z2_processing_system7_0_0/video_out_pynq_z2_processing_system7_0_0/video_out_pynq_z2_processing_system7_0_0_in_context.xdc, line 102).
Applied set_property IO_BUFFER_TYPE = NONE for DDR_dq[23]. (constraint file  c:/selected_topics_hdmi/pyzq/hw/hw_proj/hw_proj.gen/sources_1/bd/video_out_pynq_z2/ip/video_out_pynq_z2_processing_system7_0_0/video_out_pynq_z2_processing_system7_0_0/video_out_pynq_z2_processing_system7_0_0_in_context.xdc, line 103).
Applied set_property CLOCK_BUFFER_TYPE = NONE for DDR_dq[23]. (constraint file  c:/selected_topics_hdmi/pyzq/hw/hw_proj/hw_proj.gen/sources_1/bd/video_out_pynq_z2/ip/video_out_pynq_z2_processing_system7_0_0/video_out_pynq_z2_processing_system7_0_0/video_out_pynq_z2_processing_system7_0_0_in_context.xdc, line 104).
Applied set_property IO_BUFFER_TYPE = NONE for DDR_dq[24]. (constraint file  c:/selected_topics_hdmi/pyzq/hw/hw_proj/hw_proj.gen/sources_1/bd/video_out_pynq_z2/ip/video_out_pynq_z2_processing_system7_0_0/video_out_pynq_z2_processing_system7_0_0/video_out_pynq_z2_processing_system7_0_0_in_context.xdc, line 105).
Applied set_property CLOCK_BUFFER_TYPE = NONE for DDR_dq[24]. (constraint file  c:/selected_topics_hdmi/pyzq/hw/hw_proj/hw_proj.gen/sources_1/bd/video_out_pynq_z2/ip/video_out_pynq_z2_processing_system7_0_0/video_out_pynq_z2_processing_system7_0_0/video_out_pynq_z2_processing_system7_0_0_in_context.xdc, line 106).
Applied set_property IO_BUFFER_TYPE = NONE for DDR_dq[25]. (constraint file  c:/selected_topics_hdmi/pyzq/hw/hw_proj/hw_proj.gen/sources_1/bd/video_out_pynq_z2/ip/video_out_pynq_z2_processing_system7_0_0/video_out_pynq_z2_processing_system7_0_0/video_out_pynq_z2_processing_system7_0_0_in_context.xdc, line 107).
Applied set_property CLOCK_BUFFER_TYPE = NONE for DDR_dq[25]. (constraint file  c:/selected_topics_hdmi/pyzq/hw/hw_proj/hw_proj.gen/sources_1/bd/video_out_pynq_z2/ip/video_out_pynq_z2_processing_system7_0_0/video_out_pynq_z2_processing_system7_0_0/video_out_pynq_z2_processing_system7_0_0_in_context.xdc, line 108).
Applied set_property IO_BUFFER_TYPE = NONE for DDR_dq[26]. (constraint file  c:/selected_topics_hdmi/pyzq/hw/hw_proj/hw_proj.gen/sources_1/bd/video_out_pynq_z2/ip/video_out_pynq_z2_processing_system7_0_0/video_out_pynq_z2_processing_system7_0_0/video_out_pynq_z2_processing_system7_0_0_in_context.xdc, line 109).
Applied set_property CLOCK_BUFFER_TYPE = NONE for DDR_dq[26]. (constraint file  c:/selected_topics_hdmi/pyzq/hw/hw_proj/hw_proj.gen/sources_1/bd/video_out_pynq_z2/ip/video_out_pynq_z2_processing_system7_0_0/video_out_pynq_z2_processing_system7_0_0/video_out_pynq_z2_processing_system7_0_0_in_context.xdc, line 110).
Applied set_property IO_BUFFER_TYPE = NONE for DDR_dq[27]. (constraint file  c:/selected_topics_hdmi/pyzq/hw/hw_proj/hw_proj.gen/sources_1/bd/video_out_pynq_z2/ip/video_out_pynq_z2_processing_system7_0_0/video_out_pynq_z2_processing_system7_0_0/video_out_pynq_z2_processing_system7_0_0_in_context.xdc, line 111).
Applied set_property CLOCK_BUFFER_TYPE = NONE for DDR_dq[27]. (constraint file  c:/selected_topics_hdmi/pyzq/hw/hw_proj/hw_proj.gen/sources_1/bd/video_out_pynq_z2/ip/video_out_pynq_z2_processing_system7_0_0/video_out_pynq_z2_processing_system7_0_0/video_out_pynq_z2_processing_system7_0_0_in_context.xdc, line 112).
Applied set_property IO_BUFFER_TYPE = NONE for DDR_dq[28]. (constraint file  c:/selected_topics_hdmi/pyzq/hw/hw_proj/hw_proj.gen/sources_1/bd/video_out_pynq_z2/ip/video_out_pynq_z2_processing_system7_0_0/video_out_pynq_z2_processing_system7_0_0/video_out_pynq_z2_processing_system7_0_0_in_context.xdc, line 113).
Applied set_property CLOCK_BUFFER_TYPE = NONE for DDR_dq[28]. (constraint file  c:/selected_topics_hdmi/pyzq/hw/hw_proj/hw_proj.gen/sources_1/bd/video_out_pynq_z2/ip/video_out_pynq_z2_processing_system7_0_0/video_out_pynq_z2_processing_system7_0_0/video_out_pynq_z2_processing_system7_0_0_in_context.xdc, line 114).
Applied set_property IO_BUFFER_TYPE = NONE for DDR_dq[29]. (constraint file  c:/selected_topics_hdmi/pyzq/hw/hw_proj/hw_proj.gen/sources_1/bd/video_out_pynq_z2/ip/video_out_pynq_z2_processing_system7_0_0/video_out_pynq_z2_processing_system7_0_0/video_out_pynq_z2_processing_system7_0_0_in_context.xdc, line 115).
Applied set_property CLOCK_BUFFER_TYPE = NONE for DDR_dq[29]. (constraint file  c:/selected_topics_hdmi/pyzq/hw/hw_proj/hw_proj.gen/sources_1/bd/video_out_pynq_z2/ip/video_out_pynq_z2_processing_system7_0_0/video_out_pynq_z2_processing_system7_0_0/video_out_pynq_z2_processing_system7_0_0_in_context.xdc, line 116).
Applied set_property IO_BUFFER_TYPE = NONE for DDR_dq[2]. (constraint file  c:/selected_topics_hdmi/pyzq/hw/hw_proj/hw_proj.gen/sources_1/bd/video_out_pynq_z2/ip/video_out_pynq_z2_processing_system7_0_0/video_out_pynq_z2_processing_system7_0_0/video_out_pynq_z2_processing_system7_0_0_in_context.xdc, line 117).
Applied set_property CLOCK_BUFFER_TYPE = NONE for DDR_dq[2]. (constraint file  c:/selected_topics_hdmi/pyzq/hw/hw_proj/hw_proj.gen/sources_1/bd/video_out_pynq_z2/ip/video_out_pynq_z2_processing_system7_0_0/video_out_pynq_z2_processing_system7_0_0/video_out_pynq_z2_processing_system7_0_0_in_context.xdc, line 118).
Applied set_property IO_BUFFER_TYPE = NONE for DDR_dq[30]. (constraint file  c:/selected_topics_hdmi/pyzq/hw/hw_proj/hw_proj.gen/sources_1/bd/video_out_pynq_z2/ip/video_out_pynq_z2_processing_system7_0_0/video_out_pynq_z2_processing_system7_0_0/video_out_pynq_z2_processing_system7_0_0_in_context.xdc, line 119).
Applied set_property CLOCK_BUFFER_TYPE = NONE for DDR_dq[30]. (constraint file  c:/selected_topics_hdmi/pyzq/hw/hw_proj/hw_proj.gen/sources_1/bd/video_out_pynq_z2/ip/video_out_pynq_z2_processing_system7_0_0/video_out_pynq_z2_processing_system7_0_0/video_out_pynq_z2_processing_system7_0_0_in_context.xdc, line 120).
Applied set_property IO_BUFFER_TYPE = NONE for DDR_dq[31]. (constraint file  c:/selected_topics_hdmi/pyzq/hw/hw_proj/hw_proj.gen/sources_1/bd/video_out_pynq_z2/ip/video_out_pynq_z2_processing_system7_0_0/video_out_pynq_z2_processing_system7_0_0/video_out_pynq_z2_processing_system7_0_0_in_context.xdc, line 121).
Applied set_property CLOCK_BUFFER_TYPE = NONE for DDR_dq[31]. (constraint file  c:/selected_topics_hdmi/pyzq/hw/hw_proj/hw_proj.gen/sources_1/bd/video_out_pynq_z2/ip/video_out_pynq_z2_processing_system7_0_0/video_out_pynq_z2_processing_system7_0_0/video_out_pynq_z2_processing_system7_0_0_in_context.xdc, line 122).
Applied set_property IO_BUFFER_TYPE = NONE for DDR_dq[3]. (constraint file  c:/selected_topics_hdmi/pyzq/hw/hw_proj/hw_proj.gen/sources_1/bd/video_out_pynq_z2/ip/video_out_pynq_z2_processing_system7_0_0/video_out_pynq_z2_processing_system7_0_0/video_out_pynq_z2_processing_system7_0_0_in_context.xdc, line 123).
Applied set_property CLOCK_BUFFER_TYPE = NONE for DDR_dq[3]. (constraint file  c:/selected_topics_hdmi/pyzq/hw/hw_proj/hw_proj.gen/sources_1/bd/video_out_pynq_z2/ip/video_out_pynq_z2_processing_system7_0_0/video_out_pynq_z2_processing_system7_0_0/video_out_pynq_z2_processing_system7_0_0_in_context.xdc, line 124).
Applied set_property IO_BUFFER_TYPE = NONE for DDR_dq[4]. (constraint file  c:/selected_topics_hdmi/pyzq/hw/hw_proj/hw_proj.gen/sources_1/bd/video_out_pynq_z2/ip/video_out_pynq_z2_processing_system7_0_0/video_out_pynq_z2_processing_system7_0_0/video_out_pynq_z2_processing_system7_0_0_in_context.xdc, line 125).
Applied set_property CLOCK_BUFFER_TYPE = NONE for DDR_dq[4]. (constraint file  c:/selected_topics_hdmi/pyzq/hw/hw_proj/hw_proj.gen/sources_1/bd/video_out_pynq_z2/ip/video_out_pynq_z2_processing_system7_0_0/video_out_pynq_z2_processing_system7_0_0/video_out_pynq_z2_processing_system7_0_0_in_context.xdc, line 126).
Applied set_property IO_BUFFER_TYPE = NONE for DDR_dq[5]. (constraint file  c:/selected_topics_hdmi/pyzq/hw/hw_proj/hw_proj.gen/sources_1/bd/video_out_pynq_z2/ip/video_out_pynq_z2_processing_system7_0_0/video_out_pynq_z2_processing_system7_0_0/video_out_pynq_z2_processing_system7_0_0_in_context.xdc, line 127).
Applied set_property CLOCK_BUFFER_TYPE = NONE for DDR_dq[5]. (constraint file  c:/selected_topics_hdmi/pyzq/hw/hw_proj/hw_proj.gen/sources_1/bd/video_out_pynq_z2/ip/video_out_pynq_z2_processing_system7_0_0/video_out_pynq_z2_processing_system7_0_0/video_out_pynq_z2_processing_system7_0_0_in_context.xdc, line 128).
Applied set_property IO_BUFFER_TYPE = NONE for DDR_dq[6]. (constraint file  c:/selected_topics_hdmi/pyzq/hw/hw_proj/hw_proj.gen/sources_1/bd/video_out_pynq_z2/ip/video_out_pynq_z2_processing_system7_0_0/video_out_pynq_z2_processing_system7_0_0/video_out_pynq_z2_processing_system7_0_0_in_context.xdc, line 129).
Applied set_property CLOCK_BUFFER_TYPE = NONE for DDR_dq[6]. (constraint file  c:/selected_topics_hdmi/pyzq/hw/hw_proj/hw_proj.gen/sources_1/bd/video_out_pynq_z2/ip/video_out_pynq_z2_processing_system7_0_0/video_out_pynq_z2_processing_system7_0_0/video_out_pynq_z2_processing_system7_0_0_in_context.xdc, line 130).
Applied set_property IO_BUFFER_TYPE = NONE for DDR_dq[7]. (constraint file  c:/selected_topics_hdmi/pyzq/hw/hw_proj/hw_proj.gen/sources_1/bd/video_out_pynq_z2/ip/video_out_pynq_z2_processing_system7_0_0/video_out_pynq_z2_processing_system7_0_0/video_out_pynq_z2_processing_system7_0_0_in_context.xdc, line 131).
Applied set_property CLOCK_BUFFER_TYPE = NONE for DDR_dq[7]. (constraint file  c:/selected_topics_hdmi/pyzq/hw/hw_proj/hw_proj.gen/sources_1/bd/video_out_pynq_z2/ip/video_out_pynq_z2_processing_system7_0_0/video_out_pynq_z2_processing_system7_0_0/video_out_pynq_z2_processing_system7_0_0_in_context.xdc, line 132).
Applied set_property IO_BUFFER_TYPE = NONE for DDR_dq[8]. (constraint file  c:/selected_topics_hdmi/pyzq/hw/hw_proj/hw_proj.gen/sources_1/bd/video_out_pynq_z2/ip/video_out_pynq_z2_processing_system7_0_0/video_out_pynq_z2_processing_system7_0_0/video_out_pynq_z2_processing_system7_0_0_in_context.xdc, line 133).
Applied set_property CLOCK_BUFFER_TYPE = NONE for DDR_dq[8]. (constraint file  c:/selected_topics_hdmi/pyzq/hw/hw_proj/hw_proj.gen/sources_1/bd/video_out_pynq_z2/ip/video_out_pynq_z2_processing_system7_0_0/video_out_pynq_z2_processing_system7_0_0/video_out_pynq_z2_processing_system7_0_0_in_context.xdc, line 134).
Applied set_property IO_BUFFER_TYPE = NONE for DDR_dq[9]. (constraint file  c:/selected_topics_hdmi/pyzq/hw/hw_proj/hw_proj.gen/sources_1/bd/video_out_pynq_z2/ip/video_out_pynq_z2_processing_system7_0_0/video_out_pynq_z2_processing_system7_0_0/video_out_pynq_z2_processing_system7_0_0_in_context.xdc, line 135).
Applied set_property CLOCK_BUFFER_TYPE = NONE for DDR_dq[9]. (constraint file  c:/selected_topics_hdmi/pyzq/hw/hw_proj/hw_proj.gen/sources_1/bd/video_out_pynq_z2/ip/video_out_pynq_z2_processing_system7_0_0/video_out_pynq_z2_processing_system7_0_0/video_out_pynq_z2_processing_system7_0_0_in_context.xdc, line 136).
Applied set_property IO_BUFFER_TYPE = NONE for DDR_reset_n. (constraint file  c:/selected_topics_hdmi/pyzq/hw/hw_proj/hw_proj.gen/sources_1/bd/video_out_pynq_z2/ip/video_out_pynq_z2_processing_system7_0_0/video_out_pynq_z2_processing_system7_0_0/video_out_pynq_z2_processing_system7_0_0_in_context.xdc, line 137).
Applied set_property CLOCK_BUFFER_TYPE = NONE for DDR_reset_n. (constraint file  c:/selected_topics_hdmi/pyzq/hw/hw_proj/hw_proj.gen/sources_1/bd/video_out_pynq_z2/ip/video_out_pynq_z2_processing_system7_0_0/video_out_pynq_z2_processing_system7_0_0/video_out_pynq_z2_processing_system7_0_0_in_context.xdc, line 138).
Applied set_property IO_BUFFER_TYPE = NONE for DDR_odt. (constraint file  c:/selected_topics_hdmi/pyzq/hw/hw_proj/hw_proj.gen/sources_1/bd/video_out_pynq_z2/ip/video_out_pynq_z2_processing_system7_0_0/video_out_pynq_z2_processing_system7_0_0/video_out_pynq_z2_processing_system7_0_0_in_context.xdc, line 139).
Applied set_property CLOCK_BUFFER_TYPE = NONE for DDR_odt. (constraint file  c:/selected_topics_hdmi/pyzq/hw/hw_proj/hw_proj.gen/sources_1/bd/video_out_pynq_z2/ip/video_out_pynq_z2_processing_system7_0_0/video_out_pynq_z2_processing_system7_0_0/video_out_pynq_z2_processing_system7_0_0_in_context.xdc, line 140).
Applied set_property IO_BUFFER_TYPE = NONE for DDR_ras_n. (constraint file  c:/selected_topics_hdmi/pyzq/hw/hw_proj/hw_proj.gen/sources_1/bd/video_out_pynq_z2/ip/video_out_pynq_z2_processing_system7_0_0/video_out_pynq_z2_processing_system7_0_0/video_out_pynq_z2_processing_system7_0_0_in_context.xdc, line 141).
Applied set_property CLOCK_BUFFER_TYPE = NONE for DDR_ras_n. (constraint file  c:/selected_topics_hdmi/pyzq/hw/hw_proj/hw_proj.gen/sources_1/bd/video_out_pynq_z2/ip/video_out_pynq_z2_processing_system7_0_0/video_out_pynq_z2_processing_system7_0_0/video_out_pynq_z2_processing_system7_0_0_in_context.xdc, line 142).
Applied set_property IO_BUFFER_TYPE = NONE for DDR_we_n. (constraint file  c:/selected_topics_hdmi/pyzq/hw/hw_proj/hw_proj.gen/sources_1/bd/video_out_pynq_z2/ip/video_out_pynq_z2_processing_system7_0_0/video_out_pynq_z2_processing_system7_0_0/video_out_pynq_z2_processing_system7_0_0_in_context.xdc, line 147).
Applied set_property CLOCK_BUFFER_TYPE = NONE for DDR_we_n. (constraint file  c:/selected_topics_hdmi/pyzq/hw/hw_proj/hw_proj.gen/sources_1/bd/video_out_pynq_z2/ip/video_out_pynq_z2_processing_system7_0_0/video_out_pynq_z2_processing_system7_0_0/video_out_pynq_z2_processing_system7_0_0_in_context.xdc, line 148).
Applied set_property IO_BUFFER_TYPE = NONE for TMDS_Clk_n_0. (constraint file  c:/selected_topics_hdmi/pyzq/hw/hw_proj/hw_proj.gen/sources_1/bd/video_out_pynq_z2/ip/video_out_pynq_z2_rgb2dvi_0_0/video_out_pynq_z2_rgb2dvi_0_0/video_out_pynq_z2_rgb2dvi_0_0_in_context.xdc, line 1).
Applied set_property CLOCK_BUFFER_TYPE = NONE for TMDS_Clk_n_0. (constraint file  c:/selected_topics_hdmi/pyzq/hw/hw_proj/hw_proj.gen/sources_1/bd/video_out_pynq_z2/ip/video_out_pynq_z2_rgb2dvi_0_0/video_out_pynq_z2_rgb2dvi_0_0/video_out_pynq_z2_rgb2dvi_0_0_in_context.xdc, line 2).
Applied set_property IO_BUFFER_TYPE = NONE for TMDS_Clk_p_0. (constraint file  c:/selected_topics_hdmi/pyzq/hw/hw_proj/hw_proj.gen/sources_1/bd/video_out_pynq_z2/ip/video_out_pynq_z2_rgb2dvi_0_0/video_out_pynq_z2_rgb2dvi_0_0/video_out_pynq_z2_rgb2dvi_0_0_in_context.xdc, line 3).
Applied set_property CLOCK_BUFFER_TYPE = NONE for TMDS_Clk_p_0. (constraint file  c:/selected_topics_hdmi/pyzq/hw/hw_proj/hw_proj.gen/sources_1/bd/video_out_pynq_z2/ip/video_out_pynq_z2_rgb2dvi_0_0/video_out_pynq_z2_rgb2dvi_0_0/video_out_pynq_z2_rgb2dvi_0_0_in_context.xdc, line 4).
Applied set_property IO_BUFFER_TYPE = NONE for TMDS_Data_n_0[0]. (constraint file  c:/selected_topics_hdmi/pyzq/hw/hw_proj/hw_proj.gen/sources_1/bd/video_out_pynq_z2/ip/video_out_pynq_z2_rgb2dvi_0_0/video_out_pynq_z2_rgb2dvi_0_0/video_out_pynq_z2_rgb2dvi_0_0_in_context.xdc, line 5).
Applied set_property CLOCK_BUFFER_TYPE = NONE for TMDS_Data_n_0[0]. (constraint file  c:/selected_topics_hdmi/pyzq/hw/hw_proj/hw_proj.gen/sources_1/bd/video_out_pynq_z2/ip/video_out_pynq_z2_rgb2dvi_0_0/video_out_pynq_z2_rgb2dvi_0_0/video_out_pynq_z2_rgb2dvi_0_0_in_context.xdc, line 6).
Applied set_property IO_BUFFER_TYPE = NONE for TMDS_Data_n_0[1]. (constraint file  c:/selected_topics_hdmi/pyzq/hw/hw_proj/hw_proj.gen/sources_1/bd/video_out_pynq_z2/ip/video_out_pynq_z2_rgb2dvi_0_0/video_out_pynq_z2_rgb2dvi_0_0/video_out_pynq_z2_rgb2dvi_0_0_in_context.xdc, line 7).
Applied set_property CLOCK_BUFFER_TYPE = NONE for TMDS_Data_n_0[1]. (constraint file  c:/selected_topics_hdmi/pyzq/hw/hw_proj/hw_proj.gen/sources_1/bd/video_out_pynq_z2/ip/video_out_pynq_z2_rgb2dvi_0_0/video_out_pynq_z2_rgb2dvi_0_0/video_out_pynq_z2_rgb2dvi_0_0_in_context.xdc, line 8).
Applied set_property IO_BUFFER_TYPE = NONE for TMDS_Data_n_0[2]. (constraint file  c:/selected_topics_hdmi/pyzq/hw/hw_proj/hw_proj.gen/sources_1/bd/video_out_pynq_z2/ip/video_out_pynq_z2_rgb2dvi_0_0/video_out_pynq_z2_rgb2dvi_0_0/video_out_pynq_z2_rgb2dvi_0_0_in_context.xdc, line 9).
Applied set_property CLOCK_BUFFER_TYPE = NONE for TMDS_Data_n_0[2]. (constraint file  c:/selected_topics_hdmi/pyzq/hw/hw_proj/hw_proj.gen/sources_1/bd/video_out_pynq_z2/ip/video_out_pynq_z2_rgb2dvi_0_0/video_out_pynq_z2_rgb2dvi_0_0/video_out_pynq_z2_rgb2dvi_0_0_in_context.xdc, line 10).
Applied set_property IO_BUFFER_TYPE = NONE for TMDS_Data_p_0[0]. (constraint file  c:/selected_topics_hdmi/pyzq/hw/hw_proj/hw_proj.gen/sources_1/bd/video_out_pynq_z2/ip/video_out_pynq_z2_rgb2dvi_0_0/video_out_pynq_z2_rgb2dvi_0_0/video_out_pynq_z2_rgb2dvi_0_0_in_context.xdc, line 11).
Applied set_property CLOCK_BUFFER_TYPE = NONE for TMDS_Data_p_0[0]. (constraint file  c:/selected_topics_hdmi/pyzq/hw/hw_proj/hw_proj.gen/sources_1/bd/video_out_pynq_z2/ip/video_out_pynq_z2_rgb2dvi_0_0/video_out_pynq_z2_rgb2dvi_0_0/video_out_pynq_z2_rgb2dvi_0_0_in_context.xdc, line 12).
Applied set_property IO_BUFFER_TYPE = NONE for TMDS_Data_p_0[1]. (constraint file  c:/selected_topics_hdmi/pyzq/hw/hw_proj/hw_proj.gen/sources_1/bd/video_out_pynq_z2/ip/video_out_pynq_z2_rgb2dvi_0_0/video_out_pynq_z2_rgb2dvi_0_0/video_out_pynq_z2_rgb2dvi_0_0_in_context.xdc, line 13).
Applied set_property CLOCK_BUFFER_TYPE = NONE for TMDS_Data_p_0[1]. (constraint file  c:/selected_topics_hdmi/pyzq/hw/hw_proj/hw_proj.gen/sources_1/bd/video_out_pynq_z2/ip/video_out_pynq_z2_rgb2dvi_0_0/video_out_pynq_z2_rgb2dvi_0_0/video_out_pynq_z2_rgb2dvi_0_0_in_context.xdc, line 14).
Applied set_property IO_BUFFER_TYPE = NONE for TMDS_Data_p_0[2]. (constraint file  c:/selected_topics_hdmi/pyzq/hw/hw_proj/hw_proj.gen/sources_1/bd/video_out_pynq_z2/ip/video_out_pynq_z2_rgb2dvi_0_0/video_out_pynq_z2_rgb2dvi_0_0/video_out_pynq_z2_rgb2dvi_0_0_in_context.xdc, line 15).
Applied set_property CLOCK_BUFFER_TYPE = NONE for TMDS_Data_p_0[2]. (constraint file  c:/selected_topics_hdmi/pyzq/hw/hw_proj/hw_proj.gen/sources_1/bd/video_out_pynq_z2/ip/video_out_pynq_z2_rgb2dvi_0_0/video_out_pynq_z2_rgb2dvi_0_0/video_out_pynq_z2_rgb2dvi_0_0_in_context.xdc, line 16).
Applied set_property IO_BUFFER_TYPE = NONE for TMDS_0_clk_n. (constraint file  c:/selected_topics_hdmi/pyzq/hw/hw_proj/hw_proj.gen/sources_1/bd/video_out_pynq_z2/ip/video_out_pynq_z2_dvi2rgb_0_0/video_out_pynq_z2_dvi2rgb_0_0/video_out_pynq_z2_dvi2rgb_0_0_in_context.xdc, line 2).
Applied set_property CLOCK_BUFFER_TYPE = NONE for TMDS_0_clk_n. (constraint file  c:/selected_topics_hdmi/pyzq/hw/hw_proj/hw_proj.gen/sources_1/bd/video_out_pynq_z2/ip/video_out_pynq_z2_dvi2rgb_0_0/video_out_pynq_z2_dvi2rgb_0_0/video_out_pynq_z2_dvi2rgb_0_0_in_context.xdc, line 3).
Applied set_property IO_BUFFER_TYPE = NONE for TMDS_0_clk_p. (constraint file  c:/selected_topics_hdmi/pyzq/hw/hw_proj/hw_proj.gen/sources_1/bd/video_out_pynq_z2/ip/video_out_pynq_z2_dvi2rgb_0_0/video_out_pynq_z2_dvi2rgb_0_0/video_out_pynq_z2_dvi2rgb_0_0_in_context.xdc, line 4).
Applied set_property CLOCK_BUFFER_TYPE = NONE for TMDS_0_clk_p. (constraint file  c:/selected_topics_hdmi/pyzq/hw/hw_proj/hw_proj.gen/sources_1/bd/video_out_pynq_z2/ip/video_out_pynq_z2_dvi2rgb_0_0/video_out_pynq_z2_dvi2rgb_0_0/video_out_pynq_z2_dvi2rgb_0_0_in_context.xdc, line 5).
Applied set_property IO_BUFFER_TYPE = NONE for TMDS_0_data_n[0]. (constraint file  c:/selected_topics_hdmi/pyzq/hw/hw_proj/hw_proj.gen/sources_1/bd/video_out_pynq_z2/ip/video_out_pynq_z2_dvi2rgb_0_0/video_out_pynq_z2_dvi2rgb_0_0/video_out_pynq_z2_dvi2rgb_0_0_in_context.xdc, line 6).
Applied set_property CLOCK_BUFFER_TYPE = NONE for TMDS_0_data_n[0]. (constraint file  c:/selected_topics_hdmi/pyzq/hw/hw_proj/hw_proj.gen/sources_1/bd/video_out_pynq_z2/ip/video_out_pynq_z2_dvi2rgb_0_0/video_out_pynq_z2_dvi2rgb_0_0/video_out_pynq_z2_dvi2rgb_0_0_in_context.xdc, line 7).
Applied set_property IO_BUFFER_TYPE = NONE for TMDS_0_data_n[1]. (constraint file  c:/selected_topics_hdmi/pyzq/hw/hw_proj/hw_proj.gen/sources_1/bd/video_out_pynq_z2/ip/video_out_pynq_z2_dvi2rgb_0_0/video_out_pynq_z2_dvi2rgb_0_0/video_out_pynq_z2_dvi2rgb_0_0_in_context.xdc, line 8).
Applied set_property CLOCK_BUFFER_TYPE = NONE for TMDS_0_data_n[1]. (constraint file  c:/selected_topics_hdmi/pyzq/hw/hw_proj/hw_proj.gen/sources_1/bd/video_out_pynq_z2/ip/video_out_pynq_z2_dvi2rgb_0_0/video_out_pynq_z2_dvi2rgb_0_0/video_out_pynq_z2_dvi2rgb_0_0_in_context.xdc, line 9).
Applied set_property IO_BUFFER_TYPE = NONE for TMDS_0_data_n[2]. (constraint file  c:/selected_topics_hdmi/pyzq/hw/hw_proj/hw_proj.gen/sources_1/bd/video_out_pynq_z2/ip/video_out_pynq_z2_dvi2rgb_0_0/video_out_pynq_z2_dvi2rgb_0_0/video_out_pynq_z2_dvi2rgb_0_0_in_context.xdc, line 10).
Applied set_property CLOCK_BUFFER_TYPE = NONE for TMDS_0_data_n[2]. (constraint file  c:/selected_topics_hdmi/pyzq/hw/hw_proj/hw_proj.gen/sources_1/bd/video_out_pynq_z2/ip/video_out_pynq_z2_dvi2rgb_0_0/video_out_pynq_z2_dvi2rgb_0_0/video_out_pynq_z2_dvi2rgb_0_0_in_context.xdc, line 11).
Applied set_property IO_BUFFER_TYPE = NONE for TMDS_0_data_p[0]. (constraint file  c:/selected_topics_hdmi/pyzq/hw/hw_proj/hw_proj.gen/sources_1/bd/video_out_pynq_z2/ip/video_out_pynq_z2_dvi2rgb_0_0/video_out_pynq_z2_dvi2rgb_0_0/video_out_pynq_z2_dvi2rgb_0_0_in_context.xdc, line 12).
Applied set_property CLOCK_BUFFER_TYPE = NONE for TMDS_0_data_p[0]. (constraint file  c:/selected_topics_hdmi/pyzq/hw/hw_proj/hw_proj.gen/sources_1/bd/video_out_pynq_z2/ip/video_out_pynq_z2_dvi2rgb_0_0/video_out_pynq_z2_dvi2rgb_0_0/video_out_pynq_z2_dvi2rgb_0_0_in_context.xdc, line 13).
Applied set_property IO_BUFFER_TYPE = NONE for TMDS_0_data_p[1]. (constraint file  c:/selected_topics_hdmi/pyzq/hw/hw_proj/hw_proj.gen/sources_1/bd/video_out_pynq_z2/ip/video_out_pynq_z2_dvi2rgb_0_0/video_out_pynq_z2_dvi2rgb_0_0/video_out_pynq_z2_dvi2rgb_0_0_in_context.xdc, line 14).
Applied set_property CLOCK_BUFFER_TYPE = NONE for TMDS_0_data_p[1]. (constraint file  c:/selected_topics_hdmi/pyzq/hw/hw_proj/hw_proj.gen/sources_1/bd/video_out_pynq_z2/ip/video_out_pynq_z2_dvi2rgb_0_0/video_out_pynq_z2_dvi2rgb_0_0/video_out_pynq_z2_dvi2rgb_0_0_in_context.xdc, line 15).
Applied set_property IO_BUFFER_TYPE = NONE for TMDS_0_data_p[2]. (constraint file  c:/selected_topics_hdmi/pyzq/hw/hw_proj/hw_proj.gen/sources_1/bd/video_out_pynq_z2/ip/video_out_pynq_z2_dvi2rgb_0_0/video_out_pynq_z2_dvi2rgb_0_0/video_out_pynq_z2_dvi2rgb_0_0_in_context.xdc, line 16).
Applied set_property CLOCK_BUFFER_TYPE = NONE for TMDS_0_data_p[2]. (constraint file  c:/selected_topics_hdmi/pyzq/hw/hw_proj/hw_proj.gen/sources_1/bd/video_out_pynq_z2/ip/video_out_pynq_z2_dvi2rgb_0_0/video_out_pynq_z2_dvi2rgb_0_0/video_out_pynq_z2_dvi2rgb_0_0_in_context.xdc, line 17).
Applied set_property KEEP_HIERARCHY = SOFT for video_out_pynq_z2_i. (constraint file  auto generated constraint).
Applied set_property KEEP_HIERARCHY = SOFT for video_out_pynq_z2_i/axi_gpio_0. (constraint file  auto generated constraint).
Applied set_property KEEP_HIERARCHY = SOFT for video_out_pynq_z2_i/clk_wiz_0. (constraint file  auto generated constraint).
Applied set_property KEEP_HIERARCHY = SOFT for video_out_pynq_z2_i/constant_high. (constraint file  auto generated constraint).
Applied set_property KEEP_HIERARCHY = SOFT for video_out_pynq_z2_i/constant_low. (constraint file  auto generated constraint).
Applied set_property KEEP_HIERARCHY = SOFT for video_out_pynq_z2_i/proc_sys_vid_clk. (constraint file  auto generated constraint).
Applied set_property KEEP_HIERARCHY = SOFT for video_out_pynq_z2_i/processing_system7_0. (constraint file  auto generated constraint).
Applied set_property KEEP_HIERARCHY = SOFT for video_out_pynq_z2_i/rgb2dvi_0. (constraint file  auto generated constraint).
Applied set_property KEEP_HIERARCHY = SOFT for video_out_pynq_z2_i/rst_ps7_0_100M. (constraint file  auto generated constraint).
Applied set_property KEEP_HIERARCHY = SOFT for video_out_pynq_z2_i/smartconnect_0. (constraint file  auto generated constraint).
Applied set_property KEEP_HIERARCHY = SOFT for video_out_pynq_z2_i/v_axi4s_vid_out_0. (constraint file  auto generated constraint).
Applied set_property KEEP_HIERARCHY = SOFT for video_out_pynq_z2_i/v_tc_0. (constraint file  auto generated constraint).
Applied set_property KEEP_HIERARCHY = SOFT for video_out_pynq_z2_i/dvi2rgb_0. (constraint file  auto generated constraint).
Applied set_property KEEP_HIERARCHY = SOFT for video_out_pynq_z2_i/v_vid_in_axi4s_0. (constraint file  auto generated constraint).
Applied set_property KEEP_HIERARCHY = SOFT for video_out_pynq_z2_i/axi_gpio_1. (constraint file  auto generated constraint).
Applied set_property KEEP_HIERARCHY = SOFT for video_out_pynq_z2_i/axi_gpio_2. (constraint file  auto generated constraint).
Applied set_property KEEP_HIERARCHY = SOFT for video_out_pynq_z2_i/util_vector_logic_0. (constraint file  auto generated constraint).
Applied set_property KEEP_HIERARCHY = SOFT for video_out_pynq_z2_i/video_gray_live_0. (constraint file  auto generated constraint).
Applied set_property KEEP_HIERARCHY = SOFT for video_out_pynq_z2_i/axis_data_fifo_0. (constraint file  auto generated constraint).
Applied set_property KEEP_HIERARCHY = SOFT for video_out_pynq_z2_i/axis_register_slice_0. (constraint file  auto generated constraint).
---------------------------------------------------------------------------------
Finished applying 'set_property' XDC Constraints : Time (s): cpu = 00:00:14 ; elapsed = 00:00:15 . Memory (MB): peak = 1570.691 ; gain = 591.121
---------------------------------------------------------------------------------
---------------------------------------------------------------------------------
Finished RTL Optimization Phase 2 : Time (s): cpu = 00:00:15 ; elapsed = 00:00:16 . Memory (MB): peak = 1570.691 ; gain = 591.121
---------------------------------------------------------------------------------
---------------------------------------------------------------------------------
Start RTL Component Statistics 
---------------------------------------------------------------------------------
Detailed RTL Component Info : 
---------------------------------------------------------------------------------
Finished RTL Component Statistics 
---------------------------------------------------------------------------------
---------------------------------------------------------------------------------
Start Part Resource Summary
---------------------------------------------------------------------------------
Part Resources:
DSPs: 220 (col length:60)
BRAMs: 280 (col length: RAMB18 60 RAMB36 30)
---------------------------------------------------------------------------------
Finished Part Resource Summary
---------------------------------------------------------------------------------
---------------------------------------------------------------------------------
Start Cross Boundary and Area Optimization
---------------------------------------------------------------------------------
WARNING: [Synth 8-7080] Parallel synthesis criteria is not met
---------------------------------------------------------------------------------
Finished Cross Boundary and Area Optimization : Time (s): cpu = 00:00:16 ; elapsed = 00:00:17 . Memory (MB): peak = 1570.691 ; gain = 591.121
---------------------------------------------------------------------------------
---------------------------------------------------------------------------------
Start Applying XDC Timing Constraints
---------------------------------------------------------------------------------
---------------------------------------------------------------------------------
Finished Applying XDC Timing Constraints : Time (s): cpu = 00:00:21 ; elapsed = 00:00:22 . Memory (MB): peak = 1570.691 ; gain = 591.121
---------------------------------------------------------------------------------
---------------------------------------------------------------------------------
Start Timing Optimization
---------------------------------------------------------------------------------
---------------------------------------------------------------------------------
Finished Timing Optimization : Time (s): cpu = 00:00:21 ; elapsed = 00:00:22 . Memory (MB): peak = 1570.691 ; gain = 591.121
---------------------------------------------------------------------------------
---------------------------------------------------------------------------------
Start Technology Mapping
---------------------------------------------------------------------------------
---------------------------------------------------------------------------------
Finished Technology Mapping : Time (s): cpu = 00:00:21 ; elapsed = 00:00:22 . Memory (MB): peak = 1570.691 ; gain = 591.121
---------------------------------------------------------------------------------
---------------------------------------------------------------------------------
Start IO Insertion
---------------------------------------------------------------------------------
---------------------------------------------------------------------------------
Start Flattening Before IO Insertion
---------------------------------------------------------------------------------
---------------------------------------------------------------------------------
Finished Flattening Before IO Insertion
---------------------------------------------------------------------------------
---------------------------------------------------------------------------------
Start Final Netlist Cleanup
---------------------------------------------------------------------------------
---------------------------------------------------------------------------------
Finished Final Netlist Cleanup
---------------------------------------------------------------------------------
---------------------------------------------------------------------------------
Finished IO Insertion : Time (s): cpu = 00:00:25 ; elapsed = 00:00:26 . Memory (MB): peak = 1570.691 ; gain = 591.121
---------------------------------------------------------------------------------
---------------------------------------------------------------------------------
Start Renaming Generated Instances
---------------------------------------------------------------------------------
---------------------------------------------------------------------------------
Finished Renaming Generated Instances : Time (s): cpu = 00:00:25 ; elapsed = 00:00:26 . Memory (MB): peak = 1570.691 ; gain = 591.121
---------------------------------------------------------------------------------
---------------------------------------------------------------------------------
Start Rebuilding User Hierarchy
---------------------------------------------------------------------------------
---------------------------------------------------------------------------------
Finished Rebuilding User Hierarchy : Time (s): cpu = 00:00:25 ; elapsed = 00:00:26 . Memory (MB): peak = 1570.691 ; gain = 591.121
---------------------------------------------------------------------------------
---------------------------------------------------------------------------------
Start Renaming Generated Ports
---------------------------------------------------------------------------------
---------------------------------------------------------------------------------
Finished Renaming Generated Ports : Time (s): cpu = 00:00:25 ; elapsed = 00:00:26 . Memory (MB): peak = 1570.691 ; gain = 591.121
---------------------------------------------------------------------------------
---------------------------------------------------------------------------------
Start Handling Custom Attributes
---------------------------------------------------------------------------------
---------------------------------------------------------------------------------
Finished Handling Custom Attributes : Time (s): cpu = 00:00:25 ; elapsed = 00:00:26 . Memory (MB): peak = 1570.691 ; gain = 591.121
---------------------------------------------------------------------------------
---------------------------------------------------------------------------------
Start Renaming Generated Nets
---------------------------------------------------------------------------------
---------------------------------------------------------------------------------
Finished Renaming Generated Nets : Time (s): cpu = 00:00:25 ; elapsed = 00:00:26 . Memory (MB): peak = 1570.691 ; gain = 591.121
---------------------------------------------------------------------------------
---------------------------------------------------------------------------------
Start Writing Synthesis Report
---------------------------------------------------------------------------------

Report BlackBoxes: 
+------+------------------------------------------+----------+
|      |BlackBox name                             |Instances |
+------+------------------------------------------+----------+
|1     |video_out_pynq_z2_axi_gpio_0_0            |         1|
|2     |video_out_pynq_z2_axi_gpio_1_0            |         1|
|3     |video_out_pynq_z2_axi_gpio_2_0            |         1|
|4     |video_out_pynq_z2_axis_data_fifo_0_0      |         1|
|5     |video_out_pynq_z2_axis_register_slice_0_0 |         1|
|6     |video_out_pynq_z2_clk_wiz_0_0             |         1|
|7     |video_out_pynq_z2_dvi2rgb_0_0             |         1|
|8     |video_out_pynq_z2_proc_sys_vid_clk_0      |         1|
|9     |video_out_pynq_z2_processing_system7_0_0  |         1|
|10    |video_out_pynq_z2_rgb2dvi_0_0             |         1|
|11    |video_out_pynq_z2_rst_ps7_0_100M_0        |         1|
|12    |video_out_pynq_z2_smartconnect_0_0        |         1|
|13    |video_out_pynq_z2_util_vector_logic_0_0   |         1|
|14    |video_out_pynq_z2_v_axi4s_vid_out_0_0     |         1|
|15    |video_out_pynq_z2_v_tc_0_0                |         1|
|16    |video_out_pynq_z2_v_vid_in_axi4s_0_0      |         1|
|17    |video_out_pynq_z2_video_gray_live_0_0     |         1|
+------+------------------------------------------+----------+

Report Cell Usage: 
+------+----------------------------------------+------+
|      |Cell                                    |Count |
+------+----------------------------------------+------+
|1     |video_out_pynq_z2_axi_gpio_0            |     1|
|2     |video_out_pynq_z2_axi_gpio_1            |     1|
|3     |video_out_pynq_z2_axi_gpio_2            |     1|
|4     |video_out_pynq_z2_axis_data_fifo_0      |     1|
|5     |video_out_pynq_z2_axis_register_slice_0 |     1|
|6     |video_out_pynq_z2_clk_wiz_0             |     1|
|7     |video_out_pynq_z2_dvi2rgb_0             |     1|
|8     |video_out_pynq_z2_proc_sys_vid_clk      |     1|
|9     |video_out_pynq_z2_processing_system7_0  |     1|
|10    |video_out_pynq_z2_rgb2dvi_0             |     1|
|11    |video_out_pynq_z2_rst_ps7_0_100M        |     1|
|12    |video_out_pynq_z2_smartconnect_0        |     1|
|13    |video_out_pynq_z2_util_vector_logic_0   |     1|
|14    |video_out_pynq_z2_v_axi4s_vid_out_0     |     1|
|15    |video_out_pynq_z2_v_tc_0                |     1|
|16    |video_out_pynq_z2_v_vid_in_axi4s_0      |     1|
|17    |video_out_pynq_z2_video_gray_live_0     |     1|
|18    |IOBUF                                   |     2|
|19    |OBUF                                    |     2|
+------+----------------------------------------+------+
---------------------------------------------------------------------------------
Finished Writing Synthesis Report : Time (s): cpu = 00:00:25 ; elapsed = 00:00:26 . Memory (MB): peak = 1570.691 ; gain = 591.121
---------------------------------------------------------------------------------
Synthesis finished with 0 errors, 0 critical warnings and 1 warnings.
Synthesis Optimization Runtime : Time (s): cpu = 00:00:16 ; elapsed = 00:00:24 . Memory (MB): peak = 1570.691 ; gain = 553.492
Synthesis Optimization Complete : Time (s): cpu = 00:00:25 ; elapsed = 00:00:26 . Memory (MB): peak = 1570.691 ; gain = 591.121
INFO: [Project 1-571] Translating synthesized netlist
Netlist sorting complete. Time (s): cpu = 00:00:00 ; elapsed = 00:00:00.010 . Memory (MB): peak = 1570.691 ; gain = 0.000
INFO: [Netlist 29-17] Analyzing 2 Unisim elements for replacement
INFO: [Netlist 29-28] Unisim Transformation completed in 0 CPU seconds
INFO: [Project 1-570] Preparing netlist for logic optimization
INFO: [Opt 31-138] Pushed 0 inverter(s) to 0 load pin(s).
Netlist sorting complete. Time (s): cpu = 00:00:00 ; elapsed = 00:00:00 . Memory (MB): peak = 1570.691 ; gain = 0.000
INFO: [Project 1-111] Unisim Transformation Summary:
  A total of 2 instances were transformed.
  IOBUF => IOBUF (IBUF, OBUFT): 2 instances

The system cannot find the path specified.
Synth Design complete | Checksum: 6a31e01d
INFO: [Common 17-83] Releasing license: Synthesis
70 Infos, 71 Warnings, 0 Critical Warnings and 0 Errors encountered.
synth_design completed successfully
synth_design: Time (s): cpu = 00:00:29 ; elapsed = 00:00:31 . Memory (MB): peak = 1570.691 ; gain = 1015.844
Write ShapeDB Complete: Time (s): cpu = 00:00:00 ; elapsed = 00:00:00.001 . Memory (MB): peak = 1570.691 ; gain = 0.000
INFO: [Common 17-1381] The checkpoint 'C:/selected_topics_hdmi/pyzq/hw/hw_proj/hw_proj.runs/synth_1/video_out_pynq_z2_wrapper.dcp' has been generated.
INFO: [runtcl-4] Executing : report_utilization -file video_out_pynq_z2_wrapper_utilization_synth.rpt -pb video_out_pynq_z2_wrapper_utilization_synth.pb
INFO: [Common 17-206] Exiting Vivado at Fri May  8 21:34:26 2026...
[Fri May  8 21:34:29 2026] synth_1 finished
wait_on_runs: Time (s): cpu = 00:00:02 ; elapsed = 00:04:01 . Memory (MB): peak = 1327.801 ; gain = 0.000
# launch_runs impl_1 -jobs 8
[Fri May  8 21:34:31 2026] Launched impl_1...
Run output will be captured here: C:/selected_topics_hdmi/pyzq/hw/hw_proj/hw_proj.runs/impl_1/runme.log
# wait_on_run impl_1
[Fri May  8 21:34:31 2026] Waiting for impl_1 to finish...

*** Running vivado
    with args -log video_out_pynq_z2_wrapper.vdi -applog -m64 -product Vivado -messageDb vivado.pb -mode batch -source video_out_pynq_z2_wrapper.tcl -notrace


ECHO is off.
ECHO is off.

****** Vivado v2023.2 (64-bit)
  **** SW Build 4029153 on Fri Oct 13 20:14:34 MDT 2023
  **** IP Build 4028589 on Sat Oct 14 00:45:43 MDT 2023
  **** SharedData Build 4025554 on Tue Oct 10 17:18:54 MDT 2023
    ** Copyright 1986-2022 Xilinx, Inc. All Rights Reserved.
    ** Copyright 2022-2023 Advanced Micro Devices, Inc. All Rights Reserved.

source video_out_pynq_z2_wrapper.tcl -notrace
INFO: [IP_Flow 19-234] Refreshing IP repositories
INFO: [IP_Flow 19-1700] Loaded user IP repository 'c:/selected_topics_hdmi/pyzq/vivado-library'.
INFO: [IP_Flow 19-1700] Loaded user IP repository 'c:/selected_topics_hdmi/pyzq/hw/ip_repo'.
INFO: [IP_Flow 19-1700] Loaded user IP repository 'c:/selected_topics_hdmi/pyzq/hw/hls_gray_ip/hls_export/myip'.
INFO: [IP_Flow 19-2313] Loaded Vivado IP repository 'C:/Xilinx_vitis/Vivado/2023.2/data/ip'.
add_files: Time (s): cpu = 00:00:05 ; elapsed = 00:00:05 . Memory (MB): peak = 569.910 ; gain = 102.387
Command: link_design -top video_out_pynq_z2_wrapper -part xc7z020clg400-1
Design is defaulting to srcset: sources_1
Design is defaulting to constrset: constrs_1
INFO: [Device 21-403] Loading part xc7z020clg400-1
INFO: [Project 1-454] Reading design checkpoint 'c:/selected_topics_hdmi/pyzq/hw/hw_proj/hw_proj.gen/sources_1/bd/video_out_pynq_z2/ip/video_out_pynq_z2_axi_gpio_0_0/video_out_pynq_z2_axi_gpio_0_0.dcp' for cell 'video_out_pynq_z2_i/axi_gpio_0'
INFO: [Project 1-454] Reading design checkpoint 'c:/selected_topics_hdmi/pyzq/hw/hw_proj/hw_proj.gen/sources_1/bd/video_out_pynq_z2/ip/video_out_pynq_z2_axi_gpio_1_0/video_out_pynq_z2_axi_gpio_1_0.dcp' for cell 'video_out_pynq_z2_i/axi_gpio_1'
INFO: [Project 1-454] Reading design checkpoint 'c:/selected_topics_hdmi/pyzq/hw/hw_proj/hw_proj.gen/sources_1/bd/video_out_pynq_z2/ip/video_out_pynq_z2_axi_gpio_2_0/video_out_pynq_z2_axi_gpio_2_0.dcp' for cell 'video_out_pynq_z2_i/axi_gpio_2'
INFO: [Project 1-454] Reading design checkpoint 'c:/selected_topics_hdmi/pyzq/hw/hw_proj/hw_proj.gen/sources_1/bd/video_out_pynq_z2/ip/video_out_pynq_z2_axis_data_fifo_0_0/video_out_pynq_z2_axis_data_fifo_0_0.dcp' for cell 'video_out_pynq_z2_i/axis_data_fifo_0'
INFO: [Project 1-454] Reading design checkpoint 'c:/selected_topics_hdmi/pyzq/hw/hw_proj/hw_proj.gen/sources_1/bd/video_out_pynq_z2/ip/video_out_pynq_z2_axis_register_slice_0_0/video_out_pynq_z2_axis_register_slice_0_0.dcp' for cell 'video_out_pynq_z2_i/axis_register_slice_0'
INFO: [Project 1-454] Reading design checkpoint 'c:/selected_topics_hdmi/pyzq/hw/hw_proj/hw_proj.gen/sources_1/bd/video_out_pynq_z2/ip/video_out_pynq_z2_clk_wiz_0_0/video_out_pynq_z2_clk_wiz_0_0.dcp' for cell 'video_out_pynq_z2_i/clk_wiz_0'
INFO: [Project 1-454] Reading design checkpoint 'c:/selected_topics_hdmi/pyzq/hw/hw_proj/hw_proj.gen/sources_1/bd/video_out_pynq_z2/ip/video_out_pynq_z2_dvi2rgb_0_0/video_out_pynq_z2_dvi2rgb_0_0.dcp' for cell 'video_out_pynq_z2_i/dvi2rgb_0'
INFO: [Project 1-454] Reading design checkpoint 'c:/selected_topics_hdmi/pyzq/hw/hw_proj/hw_proj.gen/sources_1/bd/video_out_pynq_z2/ip/video_out_pynq_z2_proc_sys_vid_clk_0/video_out_pynq_z2_proc_sys_vid_clk_0.dcp' for cell 'video_out_pynq_z2_i/proc_sys_vid_clk'
INFO: [Project 1-454] Reading design checkpoint 'c:/selected_topics_hdmi/pyzq/hw/hw_proj/hw_proj.gen/sources_1/bd/video_out_pynq_z2/ip/video_out_pynq_z2_processing_system7_0_0/video_out_pynq_z2_processing_system7_0_0.dcp' for cell 'video_out_pynq_z2_i/processing_system7_0'
INFO: [Project 1-454] Reading design checkpoint 'c:/selected_topics_hdmi/pyzq/hw/hw_proj/hw_proj.gen/sources_1/bd/video_out_pynq_z2/ip/video_out_pynq_z2_rgb2dvi_0_0/video_out_pynq_z2_rgb2dvi_0_0.dcp' for cell 'video_out_pynq_z2_i/rgb2dvi_0'
INFO: [Project 1-454] Reading design checkpoint 'c:/selected_topics_hdmi/pyzq/hw/hw_proj/hw_proj.gen/sources_1/bd/video_out_pynq_z2/ip/video_out_pynq_z2_rst_ps7_0_100M_0/video_out_pynq_z2_rst_ps7_0_100M_0.dcp' for cell 'video_out_pynq_z2_i/rst_ps7_0_100M'
INFO: [Project 1-454] Reading design checkpoint 'c:/selected_topics_hdmi/pyzq/hw/hw_proj/hw_proj.gen/sources_1/bd/video_out_pynq_z2/ip/video_out_pynq_z2_smartconnect_0_0/video_out_pynq_z2_smartconnect_0_0.dcp' for cell 'video_out_pynq_z2_i/smartconnect_0'
INFO: [Project 1-454] Reading design checkpoint 'c:/selected_topics_hdmi/pyzq/hw/hw_proj/hw_proj.gen/sources_1/bd/video_out_pynq_z2/ip/video_out_pynq_z2_util_vector_logic_0_0/video_out_pynq_z2_util_vector_logic_0_0.dcp' for cell 'video_out_pynq_z2_i/util_vector_logic_0'
INFO: [Project 1-454] Reading design checkpoint 'c:/selected_topics_hdmi/pyzq/hw/hw_proj/hw_proj.gen/sources_1/bd/video_out_pynq_z2/ip/video_out_pynq_z2_v_axi4s_vid_out_0_0/video_out_pynq_z2_v_axi4s_vid_out_0_0.dcp' for cell 'video_out_pynq_z2_i/v_axi4s_vid_out_0'
INFO: [Project 1-454] Reading design checkpoint 'c:/selected_topics_hdmi/pyzq/hw/hw_proj/hw_proj.gen/sources_1/bd/video_out_pynq_z2/ip/video_out_pynq_z2_v_tc_0_0/video_out_pynq_z2_v_tc_0_0.dcp' for cell 'video_out_pynq_z2_i/v_tc_0'
INFO: [Project 1-454] Reading design checkpoint 'c:/selected_topics_hdmi/pyzq/hw/hw_proj/hw_proj.gen/sources_1/bd/video_out_pynq_z2/ip/video_out_pynq_z2_v_vid_in_axi4s_0_0/video_out_pynq_z2_v_vid_in_axi4s_0_0.dcp' for cell 'video_out_pynq_z2_i/v_vid_in_axi4s_0'
INFO: [Project 1-454] Reading design checkpoint 'c:/selected_topics_hdmi/pyzq/hw/hw_proj/hw_proj.gen/sources_1/bd/video_out_pynq_z2/ip/video_out_pynq_z2_video_gray_live_0_0/video_out_pynq_z2_video_gray_live_0_0.dcp' for cell 'video_out_pynq_z2_i/video_gray_live_0'
Netlist sorting complete. Time (s): cpu = 00:00:01 ; elapsed = 00:00:00.313 . Memory (MB): peak = 1068.910 ; gain = 0.000
INFO: [Netlist 29-17] Analyzing 803 Unisim elements for replacement
INFO: [Netlist 29-28] Unisim Transformation completed in 0 CPU seconds
INFO: [Project 1-479] Netlist was created with Vivado 2023.2
INFO: [Project 1-570] Preparing netlist for logic optimization
WARNING: [Opt 31-32] Removing redundant IBUF since it is not being driven by a top-level port. video_out_pynq_z2_i/clk_wiz_0/inst/CLK_CORE_DRP_I/clk_inst/clkin1_ibufg 
Resolution: The tool has removed redundant IBUF. To resolve this warning, check for redundant IBUF in the input design.
WARNING: [Constraints 18-550] Could not create 'IBUF_LOW_PWR' constraint because net 'video_out_pynq_z2_i/clk_wiz_0/clk_in1' is not directly connected to top level port. 'IBUF_LOW_PWR' is ignored for synthesis but preserved for implementation.
Parsing XDC File [c:/selected_topics_hdmi/pyzq/hw/hw_proj/hw_proj.gen/sources_1/bd/video_out_pynq_z2/ip/video_out_pynq_z2_axi_gpio_0_0/video_out_pynq_z2_axi_gpio_0_0_board.xdc] for cell 'video_out_pynq_z2_i/axi_gpio_0/U0'
Finished Parsing XDC File [c:/selected_topics_hdmi/pyzq/hw/hw_proj/hw_proj.gen/sources_1/bd/video_out_pynq_z2/ip/video_out_pynq_z2_axi_gpio_0_0/video_out_pynq_z2_axi_gpio_0_0_board.xdc] for cell 'video_out_pynq_z2_i/axi_gpio_0/U0'
Parsing XDC File [c:/selected_topics_hdmi/pyzq/hw/hw_proj/hw_proj.gen/sources_1/bd/video_out_pynq_z2/ip/video_out_pynq_z2_axi_gpio_0_0/video_out_pynq_z2_axi_gpio_0_0.xdc] for cell 'video_out_pynq_z2_i/axi_gpio_0/U0'
Finished Parsing XDC File [c:/selected_topics_hdmi/pyzq/hw/hw_proj/hw_proj.gen/sources_1/bd/video_out_pynq_z2/ip/video_out_pynq_z2_axi_gpio_0_0/video_out_pynq_z2_axi_gpio_0_0.xdc] for cell 'video_out_pynq_z2_i/axi_gpio_0/U0'
Parsing XDC File [c:/selected_topics_hdmi/pyzq/hw/hw_proj/hw_proj.gen/sources_1/bd/video_out_pynq_z2/ip/video_out_pynq_z2_clk_wiz_0_0/video_out_pynq_z2_clk_wiz_0_0_board.xdc] for cell 'video_out_pynq_z2_i/clk_wiz_0/inst'
Finished Parsing XDC File [c:/selected_topics_hdmi/pyzq/hw/hw_proj/hw_proj.gen/sources_1/bd/video_out_pynq_z2/ip/video_out_pynq_z2_clk_wiz_0_0/video_out_pynq_z2_clk_wiz_0_0_board.xdc] for cell 'video_out_pynq_z2_i/clk_wiz_0/inst'
Parsing XDC File [c:/selected_topics_hdmi/pyzq/hw/hw_proj/hw_proj.gen/sources_1/bd/video_out_pynq_z2/ip/video_out_pynq_z2_clk_wiz_0_0/video_out_pynq_z2_clk_wiz_0_0.xdc] for cell 'video_out_pynq_z2_i/clk_wiz_0/inst'
INFO: [Timing 38-35] Done setting XDC timing constraints. [c:/selected_topics_hdmi/pyzq/hw/hw_proj/hw_proj.gen/sources_1/bd/video_out_pynq_z2/ip/video_out_pynq_z2_clk_wiz_0_0/video_out_pynq_z2_clk_wiz_0_0.xdc:54]
INFO: [Timing 38-2] Deriving generated clocks [c:/selected_topics_hdmi/pyzq/hw/hw_proj/hw_proj.gen/sources_1/bd/video_out_pynq_z2/ip/video_out_pynq_z2_clk_wiz_0_0/video_out_pynq_z2_clk_wiz_0_0.xdc:54]
get_clocks: Time (s): cpu = 00:00:07 ; elapsed = 00:00:07 . Memory (MB): peak = 1820.910 ; gain = 581.746
Finished Parsing XDC File [c:/selected_topics_hdmi/pyzq/hw/hw_proj/hw_proj.gen/sources_1/bd/video_out_pynq_z2/ip/video_out_pynq_z2_clk_wiz_0_0/video_out_pynq_z2_clk_wiz_0_0.xdc] for cell 'video_out_pynq_z2_i/clk_wiz_0/inst'
Parsing XDC File [c:/selected_topics_hdmi/pyzq/hw/hw_proj/hw_proj.gen/sources_1/bd/video_out_pynq_z2/ip/video_out_pynq_z2_proc_sys_vid_clk_0/video_out_pynq_z2_proc_sys_vid_clk_0_board.xdc] for cell 'video_out_pynq_z2_i/proc_sys_vid_clk/U0'
Finished Parsing XDC File [c:/selected_topics_hdmi/pyzq/hw/hw_proj/hw_proj.gen/sources_1/bd/video_out_pynq_z2/ip/video_out_pynq_z2_proc_sys_vid_clk_0/video_out_pynq_z2_proc_sys_vid_clk_0_board.xdc] for cell 'video_out_pynq_z2_i/proc_sys_vid_clk/U0'
Parsing XDC File [c:/selected_topics_hdmi/pyzq/hw/hw_proj/hw_proj.gen/sources_1/bd/video_out_pynq_z2/ip/video_out_pynq_z2_proc_sys_vid_clk_0/video_out_pynq_z2_proc_sys_vid_clk_0.xdc] for cell 'video_out_pynq_z2_i/proc_sys_vid_clk/U0'
Finished Parsing XDC File [c:/selected_topics_hdmi/pyzq/hw/hw_proj/hw_proj.gen/sources_1/bd/video_out_pynq_z2/ip/video_out_pynq_z2_proc_sys_vid_clk_0/video_out_pynq_z2_proc_sys_vid_clk_0.xdc] for cell 'video_out_pynq_z2_i/proc_sys_vid_clk/U0'
Parsing XDC File [c:/selected_topics_hdmi/pyzq/hw/hw_proj/hw_proj.gen/sources_1/bd/video_out_pynq_z2/ip/video_out_pynq_z2_processing_system7_0_0/video_out_pynq_z2_processing_system7_0_0.xdc] for cell 'video_out_pynq_z2_i/processing_system7_0/inst'
CRITICAL WARNING: [Netlist 29-160] Cannot set property 'iostandard', because the property does not exist for objects of type 'pin'. [c:/selected_topics_hdmi/pyzq/hw/hw_proj/hw_proj.gen/sources_1/bd/video_out_pynq_z2/ip/video_out_pynq_z2_processing_system7_0_0/video_out_pynq_z2_processing_system7_0_0.xdc:33]
Resolution: Modify the set_property command to apply the property on the correct object type. Since the property is being applied as a scoped constraint, ensure the proper connectivity of the object port objects can be translated into pin objects. This could be due to the insertion of IO Buffers between the top level terminal and cell pin. If the goal is to apply constraints that will migrate to top level ports it is required that IO Buffers manually be instanced.
CRITICAL WARNING: [Netlist 29-160] Cannot set property 'PACKAGE_PIN', because the property does not exist for objects of type 'pin'. [c:/selected_topics_hdmi/pyzq/hw/hw_proj/hw_proj.gen/sources_1/bd/video_out_pynq_z2/ip/video_out_pynq_z2_processing_system7_0_0/video_out_pynq_z2_processing_system7_0_0.xdc:34]
Resolution: Modify the set_property command to apply the property on the correct object type. Since the property is being applied as a scoped constraint, ensure the proper connectivity of the object port objects can be translated into pin objects. This could be due to the insertion of IO Buffers between the top level terminal and cell pin. If the goal is to apply constraints that will migrate to top level ports it is required that IO Buffers manually be instanced.
CRITICAL WARNING: [Netlist 29-160] Cannot set property 'slew', because the property does not exist for objects of type 'pin'. [c:/selected_topics_hdmi/pyzq/hw/hw_proj/hw_proj.gen/sources_1/bd/video_out_pynq_z2/ip/video_out_pynq_z2_processing_system7_0_0/video_out_pynq_z2_processing_system7_0_0.xdc:35]
Resolution: Modify the set_property command to apply the property on the correct object type. Since the property is being applied as a scoped constraint, ensure the proper connectivity of the object port objects can be translated into pin objects. This could be due to the insertion of IO Buffers between the top level terminal and cell pin. If the goal is to apply constraints that will migrate to top level ports it is required that IO Buffers manually be instanced.
CRITICAL WARNING: [Netlist 29-160] Cannot set property 'drive', because the property does not exist for objects of type 'pin'. [c:/selected_topics_hdmi/pyzq/hw/hw_proj/hw_proj.gen/sources_1/bd/video_out_pynq_z2/ip/video_out_pynq_z2_processing_system7_0_0/video_out_pynq_z2_processing_system7_0_0.xdc:36]
Resolution: Modify the set_property command to apply the property on the correct object type. Since the property is being applied as a scoped constraint, ensure the proper connectivity of the object port objects can be translated into pin objects. This could be due to the insertion of IO Buffers between the top level terminal and cell pin. If the goal is to apply constraints that will migrate to top level ports it is required that IO Buffers manually be instanced.
CRITICAL WARNING: [Netlist 29-160] Cannot set property 'pullup', because the property does not exist for objects of type 'pin'. [c:/selected_topics_hdmi/pyzq/hw/hw_proj/hw_proj.gen/sources_1/bd/video_out_pynq_z2/ip/video_out_pynq_z2_processing_system7_0_0/video_out_pynq_z2_processing_system7_0_0.xdc:37]
Resolution: Modify the set_property command to apply the property on the correct object type. Since the property is being applied as a scoped constraint, ensure the proper connectivity of the object port objects can be translated into pin objects. This could be due to the insertion of IO Buffers between the top level terminal and cell pin. If the goal is to apply constraints that will migrate to top level ports it is required that IO Buffers manually be instanced.
CRITICAL WARNING: [Netlist 29-160] Cannot set property 'PIO_DIRECTION', because the property does not exist for objects of type 'pin'. [c:/selected_topics_hdmi/pyzq/hw/hw_proj/hw_proj.gen/sources_1/bd/video_out_pynq_z2/ip/video_out_pynq_z2_processing_system7_0_0/video_out_pynq_z2_processing_system7_0_0.xdc:38]
Resolution: Modify the set_property command to apply the property on the correct object type. Since the property is being applied as a scoped constraint, ensure the proper connectivity of the object port objects can be translated into pin objects. This could be due to the insertion of IO Buffers between the top level terminal and cell pin. If the goal is to apply constraints that will migrate to top level ports it is required that IO Buffers manually be instanced.
CRITICAL WARNING: [Netlist 29-160] Cannot set property 'iostandard', because the property does not exist for objects of type 'pin'. [c:/selected_topics_hdmi/pyzq/hw/hw_proj/hw_proj.gen/sources_1/bd/video_out_pynq_z2/ip/video_out_pynq_z2_processing_system7_0_0/video_out_pynq_z2_processing_system7_0_0.xdc:40]
Resolution: Modify the set_property command to apply the property on the correct object type. Since the property is being applied as a scoped constraint, ensure the proper connectivity of the object port objects can be translated into pin objects. This could be due to the insertion of IO Buffers between the top level terminal and cell pin. If the goal is to apply constraints that will migrate to top level ports it is required that IO Buffers manually be instanced.
CRITICAL WARNING: [Netlist 29-160] Cannot set property 'PACKAGE_PIN', because the property does not exist for objects of type 'pin'. [c:/selected_topics_hdmi/pyzq/hw/hw_proj/hw_proj.gen/sources_1/bd/video_out_pynq_z2/ip/video_out_pynq_z2_processing_system7_0_0/video_out_pynq_z2_processing_system7_0_0.xdc:41]
Resolution: Modify the set_property command to apply the property on the correct object type. Since the property is being applied as a scoped constraint, ensure the proper connectivity of the object port objects can be translated into pin objects. This could be due to the insertion of IO Buffers between the top level terminal and cell pin. If the goal is to apply constraints that will migrate to top level ports it is required that IO Buffers manually be instanced.
CRITICAL WARNING: [Netlist 29-160] Cannot set property 'slew', because the property does not exist for objects of type 'pin'. [c:/selected_topics_hdmi/pyzq/hw/hw_proj/hw_proj.gen/sources_1/bd/video_out_pynq_z2/ip/video_out_pynq_z2_processing_system7_0_0/video_out_pynq_z2_processing_system7_0_0.xdc:42]
Resolution: Modify the set_property command to apply the property on the correct object type. Since the property is being applied as a scoped constraint, ensure the proper connectivity of the object port objects can be translated into pin objects. This could be due to the insertion of IO Buffers between the top level terminal and cell pin. If the goal is to apply constraints that will migrate to top level ports it is required that IO Buffers manually be instanced.
CRITICAL WARNING: [Netlist 29-160] Cannot set property 'drive', because the property does not exist for objects of type 'pin'. [c:/selected_topics_hdmi/pyzq/hw/hw_proj/hw_proj.gen/sources_1/bd/video_out_pynq_z2/ip/video_out_pynq_z2_processing_system7_0_0/video_out_pynq_z2_processing_system7_0_0.xdc:43]
Resolution: Modify the set_property command to apply the property on the correct object type. Since the property is being applied as a scoped constraint, ensure the proper connectivity of the object port objects can be translated into pin objects. This could be due to the insertion of IO Buffers between the top level terminal and cell pin. If the goal is to apply constraints that will migrate to top level ports it is required that IO Buffers manually be instanced.
CRITICAL WARNING: [Netlist 29-160] Cannot set property 'pullup', because the property does not exist for objects of type 'pin'. [c:/selected_topics_hdmi/pyzq/hw/hw_proj/hw_proj.gen/sources_1/bd/video_out_pynq_z2/ip/video_out_pynq_z2_processing_system7_0_0/video_out_pynq_z2_processing_system7_0_0.xdc:44]
Resolution: Modify the set_property command to apply the property on the correct object type. Since the property is being applied as a scoped constraint, ensure the proper connectivity of the object port objects can be translated into pin objects. This could be due to the insertion of IO Buffers between the top level terminal and cell pin. If the goal is to apply constraints that will migrate to top level ports it is required that IO Buffers manually be instanced.
CRITICAL WARNING: [Netlist 29-160] Cannot set property 'PIO_DIRECTION', because the property does not exist for objects of type 'pin'. [c:/selected_topics_hdmi/pyzq/hw/hw_proj/hw_proj.gen/sources_1/bd/video_out_pynq_z2/ip/video_out_pynq_z2_processing_system7_0_0/video_out_pynq_z2_processing_system7_0_0.xdc:45]
Resolution: Modify the set_property command to apply the property on the correct object type. Since the property is being applied as a scoped constraint, ensure the proper connectivity of the object port objects can be translated into pin objects. This could be due to the insertion of IO Buffers between the top level terminal and cell pin. If the goal is to apply constraints that will migrate to top level ports it is required that IO Buffers manually be instanced.
CRITICAL WARNING: [Netlist 29-160] Cannot set property 'iostandard', because the property does not exist for objects of type 'pin'. [c:/selected_topics_hdmi/pyzq/hw/hw_proj/hw_proj.gen/sources_1/bd/video_out_pynq_z2/ip/video_out_pynq_z2_processing_system7_0_0/video_out_pynq_z2_processing_system7_0_0.xdc:47]
Resolution: Modify the set_property command to apply the property on the correct object type. Since the property is being applied as a scoped constraint, ensure the proper connectivity of the object port objects can be translated into pin objects. This could be due to the insertion of IO Buffers between the top level terminal and cell pin. If the goal is to apply constraints that will migrate to top level ports it is required that IO Buffers manually be instanced.
CRITICAL WARNING: [Netlist 29-160] Cannot set property 'PACKAGE_PIN', because the property does not exist for objects of type 'pin'. [c:/selected_topics_hdmi/pyzq/hw/hw_proj/hw_proj.gen/sources_1/bd/video_out_pynq_z2/ip/video_out_pynq_z2_processing_system7_0_0/video_out_pynq_z2_processing_system7_0_0.xdc:48]
Resolution: Modify the set_property command to apply the property on the correct object type. Since the property is being applied as a scoped constraint, ensure the proper connectivity of the object port objects can be translated into pin objects. This could be due to the insertion of IO Buffers between the top level terminal and cell pin. If the goal is to apply constraints that will migrate to top level ports it is required that IO Buffers manually be instanced.
CRITICAL WARNING: [Netlist 29-160] Cannot set property 'slew', because the property does not exist for objects of type 'pin'. [c:/selected_topics_hdmi/pyzq/hw/hw_proj/hw_proj.gen/sources_1/bd/video_out_pynq_z2/ip/video_out_pynq_z2_processing_system7_0_0/video_out_pynq_z2_processing_system7_0_0.xdc:49]
Resolution: Modify the set_property command to apply the property on the correct object type. Since the property is being applied as a scoped constraint, ensure the proper connectivity of the object port objects can be translated into pin objects. This could be due to the insertion of IO Buffers between the top level terminal and cell pin. If the goal is to apply constraints that will migrate to top level ports it is required that IO Buffers manually be instanced.
CRITICAL WARNING: [Netlist 29-160] Cannot set property 'drive', because the property does not exist for objects of type 'pin'. [c:/selected_topics_hdmi/pyzq/hw/hw_proj/hw_proj.gen/sources_1/bd/video_out_pynq_z2/ip/video_out_pynq_z2_processing_system7_0_0/video_out_pynq_z2_processing_system7_0_0.xdc:50]
Resolution: Modify the set_property command to apply the property on the correct object type. Since the property is being applied as a scoped constraint, ensure the proper connectivity of the object port objects can be translated into pin objects. This could be due to the insertion of IO Buffers between the top level terminal and cell pin. If the goal is to apply constraints that will migrate to top level ports it is required that IO Buffers manually be instanced.
CRITICAL WARNING: [Netlist 29-160] Cannot set property 'pullup', because the property does not exist for objects of type 'pin'. [c:/selected_topics_hdmi/pyzq/hw/hw_proj/hw_proj.gen/sources_1/bd/video_out_pynq_z2/ip/video_out_pynq_z2_processing_system7_0_0/video_out_pynq_z2_processing_system7_0_0.xdc:51]
Resolution: Modify the set_property command to apply the property on the correct object type. Since the property is being applied as a scoped constraint, ensure the proper connectivity of the object port objects can be translated into pin objects. This could be due to the insertion of IO Buffers between the top level terminal and cell pin. If the goal is to apply constraints that will migrate to top level ports it is required that IO Buffers manually be instanced.
CRITICAL WARNING: [Netlist 29-160] Cannot set property 'PIO_DIRECTION', because the property does not exist for objects of type 'pin'. [c:/selected_topics_hdmi/pyzq/hw/hw_proj/hw_proj.gen/sources_1/bd/video_out_pynq_z2/ip/video_out_pynq_z2_processing_system7_0_0/video_out_pynq_z2_processing_system7_0_0.xdc:52]
Resolution: Modify the set_property command to apply the property on the correct object type. Since the property is being applied as a scoped constraint, ensure the proper connectivity of the object port objects can be translated into pin objects. This could be due to the insertion of IO Buffers between the top level terminal and cell pin. If the goal is to apply constraints that will migrate to top level ports it is required that IO Buffers manually be instanced.
CRITICAL WARNING: [Netlist 29-160] Cannot set property 'iostandard', because the property does not exist for objects of type 'pin'. [c:/selected_topics_hdmi/pyzq/hw/hw_proj/hw_proj.gen/sources_1/bd/video_out_pynq_z2/ip/video_out_pynq_z2_processing_system7_0_0/video_out_pynq_z2_processing_system7_0_0.xdc:54]
Resolution: Modify the set_property command to apply the property on the correct object type. Since the property is being applied as a scoped constraint, ensure the proper connectivity of the object port objects can be translated into pin objects. This could be due to the insertion of IO Buffers between the top level terminal and cell pin. If the goal is to apply constraints that will migrate to top level ports it is required that IO Buffers manually be instanced.
CRITICAL WARNING: [Netlist 29-160] Cannot set property 'PACKAGE_PIN', because the property does not exist for objects of type 'pin'. [c:/selected_topics_hdmi/pyzq/hw/hw_proj/hw_proj.gen/sources_1/bd/video_out_pynq_z2/ip/video_out_pynq_z2_processing_system7_0_0/video_out_pynq_z2_processing_system7_0_0.xdc:55]
Resolution: Modify the set_property command to apply the property on the correct object type. Since the property is being applied as a scoped constraint, ensure the proper connectivity of the object port objects can be translated into pin objects. This could be due to the insertion of IO Buffers between the top level terminal and cell pin. If the goal is to apply constraints that will migrate to top level ports it is required that IO Buffers manually be instanced.
CRITICAL WARNING: [Netlist 29-160] Cannot set property 'slew', because the property does not exist for objects of type 'pin'. [c:/selected_topics_hdmi/pyzq/hw/hw_proj/hw_proj.gen/sources_1/bd/video_out_pynq_z2/ip/video_out_pynq_z2_processing_system7_0_0/video_out_pynq_z2_processing_system7_0_0.xdc:56]
Resolution: Modify the set_property command to apply the property on the correct object type. Since the property is being applied as a scoped constraint, ensure the proper connectivity of the object port objects can be translated into pin objects. This could be due to the insertion of IO Buffers between the top level terminal and cell pin. If the goal is to apply constraints that will migrate to top level ports it is required that IO Buffers manually be instanced.
CRITICAL WARNING: [Netlist 29-160] Cannot set property 'drive', because the property does not exist for objects of type 'pin'. [c:/selected_topics_hdmi/pyzq/hw/hw_proj/hw_proj.gen/sources_1/bd/video_out_pynq_z2/ip/video_out_pynq_z2_processing_system7_0_0/video_out_pynq_z2_processing_system7_0_0.xdc:57]
Resolution: Modify the set_property command to apply the property on the correct object type. Since the property is being applied as a scoped constraint, ensure the proper connectivity of the object port objects can be translated into pin objects. This could be due to the insertion of IO Buffers between the top level terminal and cell pin. If the goal is to apply constraints that will migrate to top level ports it is required that IO Buffers manually be instanced.
CRITICAL WARNING: [Netlist 29-160] Cannot set property 'pullup', because the property does not exist for objects of type 'pin'. [c:/selected_topics_hdmi/pyzq/hw/hw_proj/hw_proj.gen/sources_1/bd/video_out_pynq_z2/ip/video_out_pynq_z2_processing_system7_0_0/video_out_pynq_z2_processing_system7_0_0.xdc:58]
Resolution: Modify the set_property command to apply the property on the correct object type. Since the property is being applied as a scoped constraint, ensure the proper connectivity of the object port objects can be translated into pin objects. This could be due to the insertion of IO Buffers between the top level terminal and cell pin. If the goal is to apply constraints that will migrate to top level ports it is required that IO Buffers manually be instanced.
CRITICAL WARNING: [Netlist 29-160] Cannot set property 'PIO_DIRECTION', because the property does not exist for objects of type 'pin'. [c:/selected_topics_hdmi/pyzq/hw/hw_proj/hw_proj.gen/sources_1/bd/video_out_pynq_z2/ip/video_out_pynq_z2_processing_system7_0_0/video_out_pynq_z2_processing_system7_0_0.xdc:59]
Resolution: Modify the set_property command to apply the property on the correct object type. Since the property is being applied as a scoped constraint, ensure the proper connectivity of the object port objects can be translated into pin objects. This could be due to the insertion of IO Buffers between the top level terminal and cell pin. If the goal is to apply constraints that will migrate to top level ports it is required that IO Buffers manually be instanced.
CRITICAL WARNING: [Netlist 29-160] Cannot set property 'iostandard', because the property does not exist for objects of type 'pin'. [c:/selected_topics_hdmi/pyzq/hw/hw_proj/hw_proj.gen/sources_1/bd/video_out_pynq_z2/ip/video_out_pynq_z2_processing_system7_0_0/video_out_pynq_z2_processing_system7_0_0.xdc:61]
Resolution: Modify the set_property command to apply the property on the correct object type. Since the property is being applied as a scoped constraint, ensure the proper connectivity of the object port objects can be translated into pin objects. This could be due to the insertion of IO Buffers between the top level terminal and cell pin. If the goal is to apply constraints that will migrate to top level ports it is required that IO Buffers manually be instanced.
CRITICAL WARNING: [Netlist 29-160] Cannot set property 'PACKAGE_PIN', because the property does not exist for objects of type 'pin'. [c:/selected_topics_hdmi/pyzq/hw/hw_proj/hw_proj.gen/sources_1/bd/video_out_pynq_z2/ip/video_out_pynq_z2_processing_system7_0_0/video_out_pynq_z2_processing_system7_0_0.xdc:62]
Resolution: Modify the set_property command to apply the property on the correct object type. Since the property is being applied as a scoped constraint, ensure the proper connectivity of the object port objects can be translated into pin objects. This could be due to the insertion of IO Buffers between the top level terminal and cell pin. If the goal is to apply constraints that will migrate to top level ports it is required that IO Buffers manually be instanced.
CRITICAL WARNING: [Netlist 29-160] Cannot set property 'slew', because the property does not exist for objects of type 'pin'. [c:/selected_topics_hdmi/pyzq/hw/hw_proj/hw_proj.gen/sources_1/bd/video_out_pynq_z2/ip/video_out_pynq_z2_processing_system7_0_0/video_out_pynq_z2_processing_system7_0_0.xdc:63]
Resolution: Modify the set_property command to apply the property on the correct object type. Since the property is being applied as a scoped constraint, ensure the proper connectivity of the object port objects can be translated into pin objects. This could be due to the insertion of IO Buffers between the top level terminal and cell pin. If the goal is to apply constraints that will migrate to top level ports it is required that IO Buffers manually be instanced.
CRITICAL WARNING: [Netlist 29-160] Cannot set property 'drive', because the property does not exist for objects of type 'pin'. [c:/selected_topics_hdmi/pyzq/hw/hw_proj/hw_proj.gen/sources_1/bd/video_out_pynq_z2/ip/video_out_pynq_z2_processing_system7_0_0/video_out_pynq_z2_processing_system7_0_0.xdc:64]
Resolution: Modify the set_property command to apply the property on the correct object type. Since the property is being applied as a scoped constraint, ensure the proper connectivity of the object port objects can be translated into pin objects. This could be due to the insertion of IO Buffers between the top level terminal and cell pin. If the goal is to apply constraints that will migrate to top level ports it is required that IO Buffers manually be instanced.
CRITICAL WARNING: [Netlist 29-160] Cannot set property 'pullup', because the property does not exist for objects of type 'pin'. [c:/selected_topics_hdmi/pyzq/hw/hw_proj/hw_proj.gen/sources_1/bd/video_out_pynq_z2/ip/video_out_pynq_z2_processing_system7_0_0/video_out_pynq_z2_processing_system7_0_0.xdc:65]
Resolution: Modify the set_property command to apply the property on the correct object type. Since the property is being applied as a scoped constraint, ensure the proper connectivity of the object port objects can be translated into pin objects. This could be due to the insertion of IO Buffers between the top level terminal and cell pin. If the goal is to apply constraints that will migrate to top level ports it is required that IO Buffers manually be instanced.
CRITICAL WARNING: [Netlist 29-160] Cannot set property 'PIO_DIRECTION', because the property does not exist for objects of type 'pin'. [c:/selected_topics_hdmi/pyzq/hw/hw_proj/hw_proj.gen/sources_1/bd/video_out_pynq_z2/ip/video_out_pynq_z2_processing_system7_0_0/video_out_pynq_z2_processing_system7_0_0.xdc:66]
Resolution: Modify the set_property command to apply the property on the correct object type. Since the property is being applied as a scoped constraint, ensure the proper connectivity of the object port objects can be translated into pin objects. This could be due to the insertion of IO Buffers between the top level terminal and cell pin. If the goal is to apply constraints that will migrate to top level ports it is required that IO Buffers manually be instanced.
CRITICAL WARNING: [Netlist 29-160] Cannot set property 'iostandard', because the property does not exist for objects of type 'pin'. [c:/selected_topics_hdmi/pyzq/hw/hw_proj/hw_proj.gen/sources_1/bd/video_out_pynq_z2/ip/video_out_pynq_z2_processing_system7_0_0/video_out_pynq_z2_processing_system7_0_0.xdc:68]
Resolution: Modify the set_property command to apply the property on the correct object type. Since the property is being applied as a scoped constraint, ensure the proper connectivity of the object port objects can be translated into pin objects. This could be due to the insertion of IO Buffers between the top level terminal and cell pin. If the goal is to apply constraints that will migrate to top level ports it is required that IO Buffers manually be instanced.
CRITICAL WARNING: [Netlist 29-160] Cannot set property 'PACKAGE_PIN', because the property does not exist for objects of type 'pin'. [c:/selected_topics_hdmi/pyzq/hw/hw_proj/hw_proj.gen/sources_1/bd/video_out_pynq_z2/ip/video_out_pynq_z2_processing_system7_0_0/video_out_pynq_z2_processing_system7_0_0.xdc:69]
Resolution: Modify the set_property command to apply the property on the correct object type. Since the property is being applied as a scoped constraint, ensure the proper connectivity of the object port objects can be translated into pin objects. This could be due to the insertion of IO Buffers between the top level terminal and cell pin. If the goal is to apply constraints that will migrate to top level ports it is required that IO Buffers manually be instanced.
CRITICAL WARNING: [Netlist 29-160] Cannot set property 'slew', because the property does not exist for objects of type 'pin'. [c:/selected_topics_hdmi/pyzq/hw/hw_proj/hw_proj.gen/sources_1/bd/video_out_pynq_z2/ip/video_out_pynq_z2_processing_system7_0_0/video_out_pynq_z2_processing_system7_0_0.xdc:70]
Resolution: Modify the set_property command to apply the property on the correct object type. Since the property is being applied as a scoped constraint, ensure the proper connectivity of the object port objects can be translated into pin objects. This could be due to the insertion of IO Buffers between the top level terminal and cell pin. If the goal is to apply constraints that will migrate to top level ports it is required that IO Buffers manually be instanced.
CRITICAL WARNING: [Netlist 29-160] Cannot set property 'drive', because the property does not exist for objects of type 'pin'. [c:/selected_topics_hdmi/pyzq/hw/hw_proj/hw_proj.gen/sources_1/bd/video_out_pynq_z2/ip/video_out_pynq_z2_processing_system7_0_0/video_out_pynq_z2_processing_system7_0_0.xdc:71]
Resolution: Modify the set_property command to apply the property on the correct object type. Since the property is being applied as a scoped constraint, ensure the proper connectivity of the object port objects can be translated into pin objects. This could be due to the insertion of IO Buffers between the top level terminal and cell pin. If the goal is to apply constraints that will migrate to top level ports it is required that IO Buffers manually be instanced.
CRITICAL WARNING: [Netlist 29-160] Cannot set property 'pullup', because the property does not exist for objects of type 'pin'. [c:/selected_topics_hdmi/pyzq/hw/hw_proj/hw_proj.gen/sources_1/bd/video_out_pynq_z2/ip/video_out_pynq_z2_processing_system7_0_0/video_out_pynq_z2_processing_system7_0_0.xdc:72]
Resolution: Modify the set_property command to apply the property on the correct object type. Since the property is being applied as a scoped constraint, ensure the proper connectivity of the object port objects can be translated into pin objects. This could be due to the insertion of IO Buffers between the top level terminal and cell pin. If the goal is to apply constraints that will migrate to top level ports it is required that IO Buffers manually be instanced.
CRITICAL WARNING: [Netlist 29-160] Cannot set property 'PIO_DIRECTION', because the property does not exist for objects of type 'pin'. [c:/selected_topics_hdmi/pyzq/hw/hw_proj/hw_proj.gen/sources_1/bd/video_out_pynq_z2/ip/video_out_pynq_z2_processing_system7_0_0/video_out_pynq_z2_processing_system7_0_0.xdc:73]
Resolution: Modify the set_property command to apply the property on the correct object type. Since the property is being applied as a scoped constraint, ensure the proper connectivity of the object port objects can be translated into pin objects. This could be due to the insertion of IO Buffers between the top level terminal and cell pin. If the goal is to apply constraints that will migrate to top level ports it is required that IO Buffers manually be instanced.
CRITICAL WARNING: [Netlist 29-160] Cannot set property 'iostandard', because the property does not exist for objects of type 'pin'. [c:/selected_topics_hdmi/pyzq/hw/hw_proj/hw_proj.gen/sources_1/bd/video_out_pynq_z2/ip/video_out_pynq_z2_processing_system7_0_0/video_out_pynq_z2_processing_system7_0_0.xdc:75]
Resolution: Modify the set_property command to apply the property on the correct object type. Since the property is being applied as a scoped constraint, ensure the proper connectivity of the object port objects can be translated into pin objects. This could be due to the insertion of IO Buffers between the top level terminal and cell pin. If the goal is to apply constraints that will migrate to top level ports it is required that IO Buffers manually be instanced.
CRITICAL WARNING: [Netlist 29-160] Cannot set property 'PACKAGE_PIN', because the property does not exist for objects of type 'pin'. [c:/selected_topics_hdmi/pyzq/hw/hw_proj/hw_proj.gen/sources_1/bd/video_out_pynq_z2/ip/video_out_pynq_z2_processing_system7_0_0/video_out_pynq_z2_processing_system7_0_0.xdc:76]
Resolution: Modify the set_property command to apply the property on the correct object type. Since the property is being applied as a scoped constraint, ensure the proper connectivity of the object port objects can be translated into pin objects. This could be due to the insertion of IO Buffers between the top level terminal and cell pin. If the goal is to apply constraints that will migrate to top level ports it is required that IO Buffers manually be instanced.
CRITICAL WARNING: [Netlist 29-160] Cannot set property 'slew', because the property does not exist for objects of type 'pin'. [c:/selected_topics_hdmi/pyzq/hw/hw_proj/hw_proj.gen/sources_1/bd/video_out_pynq_z2/ip/video_out_pynq_z2_processing_system7_0_0/video_out_pynq_z2_processing_system7_0_0.xdc:77]
Resolution: Modify the set_property command to apply the property on the correct object type. Since the property is being applied as a scoped constraint, ensure the proper connectivity of the object port objects can be translated into pin objects. This could be due to the insertion of IO Buffers between the top level terminal and cell pin. If the goal is to apply constraints that will migrate to top level ports it is required that IO Buffers manually be instanced.
CRITICAL WARNING: [Netlist 29-160] Cannot set property 'drive', because the property does not exist for objects of type 'pin'. [c:/selected_topics_hdmi/pyzq/hw/hw_proj/hw_proj.gen/sources_1/bd/video_out_pynq_z2/ip/video_out_pynq_z2_processing_system7_0_0/video_out_pynq_z2_processing_system7_0_0.xdc:78]
Resolution: Modify the set_property command to apply the property on the correct object type. Since the property is being applied as a scoped constraint, ensure the proper connectivity of the object port objects can be translated into pin objects. This could be due to the insertion of IO Buffers between the top level terminal and cell pin. If the goal is to apply constraints that will migrate to top level ports it is required that IO Buffers manually be instanced.
CRITICAL WARNING: [Netlist 29-160] Cannot set property 'pullup', because the property does not exist for objects of type 'pin'. [c:/selected_topics_hdmi/pyzq/hw/hw_proj/hw_proj.gen/sources_1/bd/video_out_pynq_z2/ip/video_out_pynq_z2_processing_system7_0_0/video_out_pynq_z2_processing_system7_0_0.xdc:79]
Resolution: Modify the set_property command to apply the property on the correct object type. Since the property is being applied as a scoped constraint, ensure the proper connectivity of the object port objects can be translated into pin objects. This could be due to the insertion of IO Buffers between the top level terminal and cell pin. If the goal is to apply constraints that will migrate to top level ports it is required that IO Buffers manually be instanced.
CRITICAL WARNING: [Netlist 29-160] Cannot set property 'PIO_DIRECTION', because the property does not exist for objects of type 'pin'. [c:/selected_topics_hdmi/pyzq/hw/hw_proj/hw_proj.gen/sources_1/bd/video_out_pynq_z2/ip/video_out_pynq_z2_processing_system7_0_0/video_out_pynq_z2_processing_system7_0_0.xdc:80]
Resolution: Modify the set_property command to apply the property on the correct object type. Since the property is being applied as a scoped constraint, ensure the proper connectivity of the object port objects can be translated into pin objects. This could be due to the insertion of IO Buffers between the top level terminal and cell pin. If the goal is to apply constraints that will migrate to top level ports it is required that IO Buffers manually be instanced.
CRITICAL WARNING: [Netlist 29-160] Cannot set property 'iostandard', because the property does not exist for objects of type 'pin'. [c:/selected_topics_hdmi/pyzq/hw/hw_proj/hw_proj.gen/sources_1/bd/video_out_pynq_z2/ip/video_out_pynq_z2_processing_system7_0_0/video_out_pynq_z2_processing_system7_0_0.xdc:82]
Resolution: Modify the set_property command to apply the property on the correct object type. Since the property is being applied as a scoped constraint, ensure the proper connectivity of the object port objects can be translated into pin objects. This could be due to the insertion of IO Buffers between the top level terminal and cell pin. If the goal is to apply constraints that will migrate to top level ports it is required that IO Buffers manually be instanced.
CRITICAL WARNING: [Netlist 29-160] Cannot set property 'PACKAGE_PIN', because the property does not exist for objects of type 'pin'. [c:/selected_topics_hdmi/pyzq/hw/hw_proj/hw_proj.gen/sources_1/bd/video_out_pynq_z2/ip/video_out_pynq_z2_processing_system7_0_0/video_out_pynq_z2_processing_system7_0_0.xdc:83]
Resolution: Modify the set_property command to apply the property on the correct object type. Since the property is being applied as a scoped constraint, ensure the proper connectivity of the object port objects can be translated into pin objects. This could be due to the insertion of IO Buffers between the top level terminal and cell pin. If the goal is to apply constraints that will migrate to top level ports it is required that IO Buffers manually be instanced.
CRITICAL WARNING: [Netlist 29-160] Cannot set property 'slew', because the property does not exist for objects of type 'pin'. [c:/selected_topics_hdmi/pyzq/hw/hw_proj/hw_proj.gen/sources_1/bd/video_out_pynq_z2/ip/video_out_pynq_z2_processing_system7_0_0/video_out_pynq_z2_processing_system7_0_0.xdc:84]
Resolution: Modify the set_property command to apply the property on the correct object type. Since the property is being applied as a scoped constraint, ensure the proper connectivity of the object port objects can be translated into pin objects. This could be due to the insertion of IO Buffers between the top level terminal and cell pin. If the goal is to apply constraints that will migrate to top level ports it is required that IO Buffers manually be instanced.
CRITICAL WARNING: [Netlist 29-160] Cannot set property 'drive', because the property does not exist for objects of type 'pin'. [c:/selected_topics_hdmi/pyzq/hw/hw_proj/hw_proj.gen/sources_1/bd/video_out_pynq_z2/ip/video_out_pynq_z2_processing_system7_0_0/video_out_pynq_z2_processing_system7_0_0.xdc:85]
Resolution: Modify the set_property command to apply the property on the correct object type. Since the property is being applied as a scoped constraint, ensure the proper connectivity of the object port objects can be translated into pin objects. This could be due to the insertion of IO Buffers between the top level terminal and cell pin. If the goal is to apply constraints that will migrate to top level ports it is required that IO Buffers manually be instanced.
CRITICAL WARNING: [Netlist 29-160] Cannot set property 'pullup', because the property does not exist for objects of type 'pin'. [c:/selected_topics_hdmi/pyzq/hw/hw_proj/hw_proj.gen/sources_1/bd/video_out_pynq_z2/ip/video_out_pynq_z2_processing_system7_0_0/video_out_pynq_z2_processing_system7_0_0.xdc:86]
Resolution: Modify the set_property command to apply the property on the correct object type. Since the property is being applied as a scoped constraint, ensure the proper connectivity of the object port objects can be translated into pin objects. This could be due to the insertion of IO Buffers between the top level terminal and cell pin. If the goal is to apply constraints that will migrate to top level ports it is required that IO Buffers manually be instanced.
CRITICAL WARNING: [Netlist 29-160] Cannot set property 'PIO_DIRECTION', because the property does not exist for objects of type 'pin'. [c:/selected_topics_hdmi/pyzq/hw/hw_proj/hw_proj.gen/sources_1/bd/video_out_pynq_z2/ip/video_out_pynq_z2_processing_system7_0_0/video_out_pynq_z2_processing_system7_0_0.xdc:87]
Resolution: Modify the set_property command to apply the property on the correct object type. Since the property is being applied as a scoped constraint, ensure the proper connectivity of the object port objects can be translated into pin objects. This could be due to the insertion of IO Buffers between the top level terminal and cell pin. If the goal is to apply constraints that will migrate to top level ports it is required that IO Buffers manually be instanced.
CRITICAL WARNING: [Netlist 29-160] Cannot set property 'iostandard', because the property does not exist for objects of type 'pin'. [c:/selected_topics_hdmi/pyzq/hw/hw_proj/hw_proj.gen/sources_1/bd/video_out_pynq_z2/ip/video_out_pynq_z2_processing_system7_0_0/video_out_pynq_z2_processing_system7_0_0.xdc:89]
Resolution: Modify the set_property command to apply the property on the correct object type. Since the property is being applied as a scoped constraint, ensure the proper connectivity of the object port objects can be translated into pin objects. This could be due to the insertion of IO Buffers between the top level terminal and cell pin. If the goal is to apply constraints that will migrate to top level ports it is required that IO Buffers manually be instanced.
CRITICAL WARNING: [Netlist 29-160] Cannot set property 'PACKAGE_PIN', because the property does not exist for objects of type 'pin'. [c:/selected_topics_hdmi/pyzq/hw/hw_proj/hw_proj.gen/sources_1/bd/video_out_pynq_z2/ip/video_out_pynq_z2_processing_system7_0_0/video_out_pynq_z2_processing_system7_0_0.xdc:90]
Resolution: Modify the set_property command to apply the property on the correct object type. Since the property is being applied as a scoped constraint, ensure the proper connectivity of the object port objects can be translated into pin objects. This could be due to the insertion of IO Buffers between the top level terminal and cell pin. If the goal is to apply constraints that will migrate to top level ports it is required that IO Buffers manually be instanced.
CRITICAL WARNING: [Netlist 29-160] Cannot set property 'slew', because the property does not exist for objects of type 'pin'. [c:/selected_topics_hdmi/pyzq/hw/hw_proj/hw_proj.gen/sources_1/bd/video_out_pynq_z2/ip/video_out_pynq_z2_processing_system7_0_0/video_out_pynq_z2_processing_system7_0_0.xdc:91]
Resolution: Modify the set_property command to apply the property on the correct object type. Since the property is being applied as a scoped constraint, ensure the proper connectivity of the object port objects can be translated into pin objects. This could be due to the insertion of IO Buffers between the top level terminal and cell pin. If the goal is to apply constraints that will migrate to top level ports it is required that IO Buffers manually be instanced.
CRITICAL WARNING: [Netlist 29-160] Cannot set property 'drive', because the property does not exist for objects of type 'pin'. [c:/selected_topics_hdmi/pyzq/hw/hw_proj/hw_proj.gen/sources_1/bd/video_out_pynq_z2/ip/video_out_pynq_z2_processing_system7_0_0/video_out_pynq_z2_processing_system7_0_0.xdc:92]
Resolution: Modify the set_property command to apply the property on the correct object type. Since the property is being applied as a scoped constraint, ensure the proper connectivity of the object port objects can be translated into pin objects. This could be due to the insertion of IO Buffers between the top level terminal and cell pin. If the goal is to apply constraints that will migrate to top level ports it is required that IO Buffers manually be instanced.
CRITICAL WARNING: [Netlist 29-160] Cannot set property 'pullup', because the property does not exist for objects of type 'pin'. [c:/selected_topics_hdmi/pyzq/hw/hw_proj/hw_proj.gen/sources_1/bd/video_out_pynq_z2/ip/video_out_pynq_z2_processing_system7_0_0/video_out_pynq_z2_processing_system7_0_0.xdc:93]
Resolution: Modify the set_property command to apply the property on the correct object type. Since the property is being applied as a scoped constraint, ensure the proper connectivity of the object port objects can be translated into pin objects. This could be due to the insertion of IO Buffers between the top level terminal and cell pin. If the goal is to apply constraints that will migrate to top level ports it is required that IO Buffers manually be instanced.
CRITICAL WARNING: [Netlist 29-160] Cannot set property 'PIO_DIRECTION', because the property does not exist for objects of type 'pin'. [c:/selected_topics_hdmi/pyzq/hw/hw_proj/hw_proj.gen/sources_1/bd/video_out_pynq_z2/ip/video_out_pynq_z2_processing_system7_0_0/video_out_pynq_z2_processing_system7_0_0.xdc:94]
Resolution: Modify the set_property command to apply the property on the correct object type. Since the property is being applied as a scoped constraint, ensure the proper connectivity of the object port objects can be translated into pin objects. This could be due to the insertion of IO Buffers between the top level terminal and cell pin. If the goal is to apply constraints that will migrate to top level ports it is required that IO Buffers manually be instanced.
CRITICAL WARNING: [Netlist 29-160] Cannot set property 'iostandard', because the property does not exist for objects of type 'pin'. [c:/selected_topics_hdmi/pyzq/hw/hw_proj/hw_proj.gen/sources_1/bd/video_out_pynq_z2/ip/video_out_pynq_z2_processing_system7_0_0/video_out_pynq_z2_processing_system7_0_0.xdc:96]
Resolution: Modify the set_property command to apply the property on the correct object type. Since the property is being applied as a scoped constraint, ensure the proper connectivity of the object port objects can be translated into pin objects. This could be due to the insertion of IO Buffers between the top level terminal and cell pin. If the goal is to apply constraints that will migrate to top level ports it is required that IO Buffers manually be instanced.
CRITICAL WARNING: [Netlist 29-160] Cannot set property 'PACKAGE_PIN', because the property does not exist for objects of type 'pin'. [c:/selected_topics_hdmi/pyzq/hw/hw_proj/hw_proj.gen/sources_1/bd/video_out_pynq_z2/ip/video_out_pynq_z2_processing_system7_0_0/video_out_pynq_z2_processing_system7_0_0.xdc:97]
Resolution: Modify the set_property command to apply the property on the correct object type. Since the property is being applied as a scoped constraint, ensure the proper connectivity of the object port objects can be translated into pin objects. This could be due to the insertion of IO Buffers between the top level terminal and cell pin. If the goal is to apply constraints that will migrate to top level ports it is required that IO Buffers manually be instanced.
CRITICAL WARNING: [Netlist 29-160] Cannot set property 'slew', because the property does not exist for objects of type 'pin'. [c:/selected_topics_hdmi/pyzq/hw/hw_proj/hw_proj.gen/sources_1/bd/video_out_pynq_z2/ip/video_out_pynq_z2_processing_system7_0_0/video_out_pynq_z2_processing_system7_0_0.xdc:98]
Resolution: Modify the set_property command to apply the property on the correct object type. Since the property is being applied as a scoped constraint, ensure the proper connectivity of the object port objects can be translated into pin objects. This could be due to the insertion of IO Buffers between the top level terminal and cell pin. If the goal is to apply constraints that will migrate to top level ports it is required that IO Buffers manually be instanced.
CRITICAL WARNING: [Netlist 29-160] Cannot set property 'drive', because the property does not exist for objects of type 'pin'. [c:/selected_topics_hdmi/pyzq/hw/hw_proj/hw_proj.gen/sources_1/bd/video_out_pynq_z2/ip/video_out_pynq_z2_processing_system7_0_0/video_out_pynq_z2_processing_system7_0_0.xdc:99]
Resolution: Modify the set_property command to apply the property on the correct object type. Since the property is being applied as a scoped constraint, ensure the proper connectivity of the object port objects can be translated into pin objects. This could be due to the insertion of IO Buffers between the top level terminal and cell pin. If the goal is to apply constraints that will migrate to top level ports it is required that IO Buffers manually be instanced.
CRITICAL WARNING: [Netlist 29-160] Cannot set property 'pullup', because the property does not exist for objects of type 'pin'. [c:/selected_topics_hdmi/pyzq/hw/hw_proj/hw_proj.gen/sources_1/bd/video_out_pynq_z2/ip/video_out_pynq_z2_processing_system7_0_0/video_out_pynq_z2_processing_system7_0_0.xdc:100]
Resolution: Modify the set_property command to apply the property on the correct object type. Since the property is being applied as a scoped constraint, ensure the proper connectivity of the object port objects can be translated into pin objects. This could be due to the insertion of IO Buffers between the top level terminal and cell pin. If the goal is to apply constraints that will migrate to top level ports it is required that IO Buffers manually be instanced.
CRITICAL WARNING: [Netlist 29-160] Cannot set property 'PIO_DIRECTION', because the property does not exist for objects of type 'pin'. [c:/selected_topics_hdmi/pyzq/hw/hw_proj/hw_proj.gen/sources_1/bd/video_out_pynq_z2/ip/video_out_pynq_z2_processing_system7_0_0/video_out_pynq_z2_processing_system7_0_0.xdc:101]
Resolution: Modify the set_property command to apply the property on the correct object type. Since the property is being applied as a scoped constraint, ensure the proper connectivity of the object port objects can be translated into pin objects. This could be due to the insertion of IO Buffers between the top level terminal and cell pin. If the goal is to apply constraints that will migrate to top level ports it is required that IO Buffers manually be instanced.
CRITICAL WARNING: [Netlist 29-160] Cannot set property 'iostandard', because the property does not exist for objects of type 'pin'. [c:/selected_topics_hdmi/pyzq/hw/hw_proj/hw_proj.gen/sources_1/bd/video_out_pynq_z2/ip/video_out_pynq_z2_processing_system7_0_0/video_out_pynq_z2_processing_system7_0_0.xdc:103]
Resolution: Modify the set_property command to apply the property on the correct object type. Since the property is being applied as a scoped constraint, ensure the proper connectivity of the object port objects can be translated into pin objects. This could be due to the insertion of IO Buffers between the top level terminal and cell pin. If the goal is to apply constraints that will migrate to top level ports it is required that IO Buffers manually be instanced.
CRITICAL WARNING: [Netlist 29-160] Cannot set property 'PACKAGE_PIN', because the property does not exist for objects of type 'pin'. [c:/selected_topics_hdmi/pyzq/hw/hw_proj/hw_proj.gen/sources_1/bd/video_out_pynq_z2/ip/video_out_pynq_z2_processing_system7_0_0/video_out_pynq_z2_processing_system7_0_0.xdc:104]
Resolution: Modify the set_property command to apply the property on the correct object type. Since the property is being applied as a scoped constraint, ensure the proper connectivity of the object port objects can be translated into pin objects. This could be due to the insertion of IO Buffers between the top level terminal and cell pin. If the goal is to apply constraints that will migrate to top level ports it is required that IO Buffers manually be instanced.
CRITICAL WARNING: [Netlist 29-160] Cannot set property 'slew', because the property does not exist for objects of type 'pin'. [c:/selected_topics_hdmi/pyzq/hw/hw_proj/hw_proj.gen/sources_1/bd/video_out_pynq_z2/ip/video_out_pynq_z2_processing_system7_0_0/video_out_pynq_z2_processing_system7_0_0.xdc:105]
Resolution: Modify the set_property command to apply the property on the correct object type. Since the property is being applied as a scoped constraint, ensure the proper connectivity of the object port objects can be translated into pin objects. This could be due to the insertion of IO Buffers between the top level terminal and cell pin. If the goal is to apply constraints that will migrate to top level ports it is required that IO Buffers manually be instanced.
CRITICAL WARNING: [Netlist 29-160] Cannot set property 'drive', because the property does not exist for objects of type 'pin'. [c:/selected_topics_hdmi/pyzq/hw/hw_proj/hw_proj.gen/sources_1/bd/video_out_pynq_z2/ip/video_out_pynq_z2_processing_system7_0_0/video_out_pynq_z2_processing_system7_0_0.xdc:106]
Resolution: Modify the set_property command to apply the property on the correct object type. Since the property is being applied as a scoped constraint, ensure the proper connectivity of the object port objects can be translated into pin objects. This could be due to the insertion of IO Buffers between the top level terminal and cell pin. If the goal is to apply constraints that will migrate to top level ports it is required that IO Buffers manually be instanced.
CRITICAL WARNING: [Netlist 29-160] Cannot set property 'pullup', because the property does not exist for objects of type 'pin'. [c:/selected_topics_hdmi/pyzq/hw/hw_proj/hw_proj.gen/sources_1/bd/video_out_pynq_z2/ip/video_out_pynq_z2_processing_system7_0_0/video_out_pynq_z2_processing_system7_0_0.xdc:107]
Resolution: Modify the set_property command to apply the property on the correct object type. Since the property is being applied as a scoped constraint, ensure the proper connectivity of the object port objects can be translated into pin objects. This could be due to the insertion of IO Buffers between the top level terminal and cell pin. If the goal is to apply constraints that will migrate to top level ports it is required that IO Buffers manually be instanced.
CRITICAL WARNING: [Netlist 29-160] Cannot set property 'PIO_DIRECTION', because the property does not exist for objects of type 'pin'. [c:/selected_topics_hdmi/pyzq/hw/hw_proj/hw_proj.gen/sources_1/bd/video_out_pynq_z2/ip/video_out_pynq_z2_processing_system7_0_0/video_out_pynq_z2_processing_system7_0_0.xdc:108]
Resolution: Modify the set_property command to apply the property on the correct object type. Since the property is being applied as a scoped constraint, ensure the proper connectivity of the object port objects can be translated into pin objects. This could be due to the insertion of IO Buffers between the top level terminal and cell pin. If the goal is to apply constraints that will migrate to top level ports it is required that IO Buffers manually be instanced.
CRITICAL WARNING: [Netlist 29-160] Cannot set property 'iostandard', because the property does not exist for objects of type 'pin'. [c:/selected_topics_hdmi/pyzq/hw/hw_proj/hw_proj.gen/sources_1/bd/video_out_pynq_z2/ip/video_out_pynq_z2_processing_system7_0_0/video_out_pynq_z2_processing_system7_0_0.xdc:110]
Resolution: Modify the set_property command to apply the property on the correct object type. Since the property is being applied as a scoped constraint, ensure the proper connectivity of the object port objects can be translated into pin objects. This could be due to the insertion of IO Buffers between the top level terminal and cell pin. If the goal is to apply constraints that will migrate to top level ports it is required that IO Buffers manually be instanced.
CRITICAL WARNING: [Netlist 29-160] Cannot set property 'PACKAGE_PIN', because the property does not exist for objects of type 'pin'. [c:/selected_topics_hdmi/pyzq/hw/hw_proj/hw_proj.gen/sources_1/bd/video_out_pynq_z2/ip/video_out_pynq_z2_processing_system7_0_0/video_out_pynq_z2_processing_system7_0_0.xdc:111]
Resolution: Modify the set_property command to apply the property on the correct object type. Since the property is being applied as a scoped constraint, ensure the proper connectivity of the object port objects can be translated into pin objects. This could be due to the insertion of IO Buffers between the top level terminal and cell pin. If the goal is to apply constraints that will migrate to top level ports it is required that IO Buffers manually be instanced.
CRITICAL WARNING: [Netlist 29-160] Cannot set property 'slew', because the property does not exist for objects of type 'pin'. [c:/selected_topics_hdmi/pyzq/hw/hw_proj/hw_proj.gen/sources_1/bd/video_out_pynq_z2/ip/video_out_pynq_z2_processing_system7_0_0/video_out_pynq_z2_processing_system7_0_0.xdc:112]
Resolution: Modify the set_property command to apply the property on the correct object type. Since the property is being applied as a scoped constraint, ensure the proper connectivity of the object port objects can be translated into pin objects. This could be due to the insertion of IO Buffers between the top level terminal and cell pin. If the goal is to apply constraints that will migrate to top level ports it is required that IO Buffers manually be instanced.
CRITICAL WARNING: [Netlist 29-160] Cannot set property 'drive', because the property does not exist for objects of type 'pin'. [c:/selected_topics_hdmi/pyzq/hw/hw_proj/hw_proj.gen/sources_1/bd/video_out_pynq_z2/ip/video_out_pynq_z2_processing_system7_0_0/video_out_pynq_z2_processing_system7_0_0.xdc:113]
Resolution: Modify the set_property command to apply the property on the correct object type. Since the property is being applied as a scoped constraint, ensure the proper connectivity of the object port objects can be translated into pin objects. This could be due to the insertion of IO Buffers between the top level terminal and cell pin. If the goal is to apply constraints that will migrate to top level ports it is required that IO Buffers manually be instanced.
CRITICAL WARNING: [Netlist 29-160] Cannot set property 'pullup', because the property does not exist for objects of type 'pin'. [c:/selected_topics_hdmi/pyzq/hw/hw_proj/hw_proj.gen/sources_1/bd/video_out_pynq_z2/ip/video_out_pynq_z2_processing_system7_0_0/video_out_pynq_z2_processing_system7_0_0.xdc:114]
Resolution: Modify the set_property command to apply the property on the correct object type. Since the property is being applied as a scoped constraint, ensure the proper connectivity of the object port objects can be translated into pin objects. This could be due to the insertion of IO Buffers between the top level terminal and cell pin. If the goal is to apply constraints that will migrate to top level ports it is required that IO Buffers manually be instanced.
CRITICAL WARNING: [Netlist 29-160] Cannot set property 'PIO_DIRECTION', because the property does not exist for objects of type 'pin'. [c:/selected_topics_hdmi/pyzq/hw/hw_proj/hw_proj.gen/sources_1/bd/video_out_pynq_z2/ip/video_out_pynq_z2_processing_system7_0_0/video_out_pynq_z2_processing_system7_0_0.xdc:115]
Resolution: Modify the set_property command to apply the property on the correct object type. Since the property is being applied as a scoped constraint, ensure the proper connectivity of the object port objects can be translated into pin objects. This could be due to the insertion of IO Buffers between the top level terminal and cell pin. If the goal is to apply constraints that will migrate to top level ports it is required that IO Buffers manually be instanced.
CRITICAL WARNING: [Netlist 29-160] Cannot set property 'iostandard', because the property does not exist for objects of type 'pin'. [c:/selected_topics_hdmi/pyzq/hw/hw_proj/hw_proj.gen/sources_1/bd/video_out_pynq_z2/ip/video_out_pynq_z2_processing_system7_0_0/video_out_pynq_z2_processing_system7_0_0.xdc:117]
Resolution: Modify the set_property command to apply the property on the correct object type. Since the property is being applied as a scoped constraint, ensure the proper connectivity of the object port objects can be translated into pin objects. This could be due to the insertion of IO Buffers between the top level terminal and cell pin. If the goal is to apply constraints that will migrate to top level ports it is required that IO Buffers manually be instanced.
CRITICAL WARNING: [Netlist 29-160] Cannot set property 'PACKAGE_PIN', because the property does not exist for objects of type 'pin'. [c:/selected_topics_hdmi/pyzq/hw/hw_proj/hw_proj.gen/sources_1/bd/video_out_pynq_z2/ip/video_out_pynq_z2_processing_system7_0_0/video_out_pynq_z2_processing_system7_0_0.xdc:118]
Resolution: Modify the set_property command to apply the property on the correct object type. Since the property is being applied as a scoped constraint, ensure the proper connectivity of the object port objects can be translated into pin objects. This could be due to the insertion of IO Buffers between the top level terminal and cell pin. If the goal is to apply constraints that will migrate to top level ports it is required that IO Buffers manually be instanced.
CRITICAL WARNING: [Netlist 29-160] Cannot set property 'slew', because the property does not exist for objects of type 'pin'. [c:/selected_topics_hdmi/pyzq/hw/hw_proj/hw_proj.gen/sources_1/bd/video_out_pynq_z2/ip/video_out_pynq_z2_processing_system7_0_0/video_out_pynq_z2_processing_system7_0_0.xdc:119]
Resolution: Modify the set_property command to apply the property on the correct object type. Since the property is being applied as a scoped constraint, ensure the proper connectivity of the object port objects can be translated into pin objects. This could be due to the insertion of IO Buffers between the top level terminal and cell pin. If the goal is to apply constraints that will migrate to top level ports it is required that IO Buffers manually be instanced.
CRITICAL WARNING: [Netlist 29-160] Cannot set property 'drive', because the property does not exist for objects of type 'pin'. [c:/selected_topics_hdmi/pyzq/hw/hw_proj/hw_proj.gen/sources_1/bd/video_out_pynq_z2/ip/video_out_pynq_z2_processing_system7_0_0/video_out_pynq_z2_processing_system7_0_0.xdc:120]
Resolution: Modify the set_property command to apply the property on the correct object type. Since the property is being applied as a scoped constraint, ensure the proper connectivity of the object port objects can be translated into pin objects. This could be due to the insertion of IO Buffers between the top level terminal and cell pin. If the goal is to apply constraints that will migrate to top level ports it is required that IO Buffers manually be instanced.
CRITICAL WARNING: [Netlist 29-160] Cannot set property 'pullup', because the property does not exist for objects of type 'pin'. [c:/selected_topics_hdmi/pyzq/hw/hw_proj/hw_proj.gen/sources_1/bd/video_out_pynq_z2/ip/video_out_pynq_z2_processing_system7_0_0/video_out_pynq_z2_processing_system7_0_0.xdc:121]
Resolution: Modify the set_property command to apply the property on the correct object type. Since the property is being applied as a scoped constraint, ensure the proper connectivity of the object port objects can be translated into pin objects. This could be due to the insertion of IO Buffers between the top level terminal and cell pin. If the goal is to apply constraints that will migrate to top level ports it is required that IO Buffers manually be instanced.
CRITICAL WARNING: [Netlist 29-160] Cannot set property 'PIO_DIRECTION', because the property does not exist for objects of type 'pin'. [c:/selected_topics_hdmi/pyzq/hw/hw_proj/hw_proj.gen/sources_1/bd/video_out_pynq_z2/ip/video_out_pynq_z2_processing_system7_0_0/video_out_pynq_z2_processing_system7_0_0.xdc:122]
Resolution: Modify the set_property command to apply the property on the correct object type. Since the property is being applied as a scoped constraint, ensure the proper connectivity of the object port objects can be translated into pin objects. This could be due to the insertion of IO Buffers between the top level terminal and cell pin. If the goal is to apply constraints that will migrate to top level ports it is required that IO Buffers manually be instanced.
CRITICAL WARNING: [Netlist 29-160] Cannot set property 'iostandard', because the property does not exist for objects of type 'pin'. [c:/selected_topics_hdmi/pyzq/hw/hw_proj/hw_proj.gen/sources_1/bd/video_out_pynq_z2/ip/video_out_pynq_z2_processing_system7_0_0/video_out_pynq_z2_processing_system7_0_0.xdc:124]
Resolution: Modify the set_property command to apply the property on the correct object type. Since the property is being applied as a scoped constraint, ensure the proper connectivity of the object port objects can be translated into pin objects. This could be due to the insertion of IO Buffers between the top level terminal and cell pin. If the goal is to apply constraints that will migrate to top level ports it is required that IO Buffers manually be instanced.
CRITICAL WARNING: [Netlist 29-160] Cannot set property 'PACKAGE_PIN', because the property does not exist for objects of type 'pin'. [c:/selected_topics_hdmi/pyzq/hw/hw_proj/hw_proj.gen/sources_1/bd/video_out_pynq_z2/ip/video_out_pynq_z2_processing_system7_0_0/video_out_pynq_z2_processing_system7_0_0.xdc:125]
Resolution: Modify the set_property command to apply the property on the correct object type. Since the property is being applied as a scoped constraint, ensure the proper connectivity of the object port objects can be translated into pin objects. This could be due to the insertion of IO Buffers between the top level terminal and cell pin. If the goal is to apply constraints that will migrate to top level ports it is required that IO Buffers manually be instanced.
CRITICAL WARNING: [Netlist 29-160] Cannot set property 'slew', because the property does not exist for objects of type 'pin'. [c:/selected_topics_hdmi/pyzq/hw/hw_proj/hw_proj.gen/sources_1/bd/video_out_pynq_z2/ip/video_out_pynq_z2_processing_system7_0_0/video_out_pynq_z2_processing_system7_0_0.xdc:126]
Resolution: Modify the set_property command to apply the property on the correct object type. Since the property is being applied as a scoped constraint, ensure the proper connectivity of the object port objects can be translated into pin objects. This could be due to the insertion of IO Buffers between the top level terminal and cell pin. If the goal is to apply constraints that will migrate to top level ports it is required that IO Buffers manually be instanced.
CRITICAL WARNING: [Netlist 29-160] Cannot set property 'drive', because the property does not exist for objects of type 'pin'. [c:/selected_topics_hdmi/pyzq/hw/hw_proj/hw_proj.gen/sources_1/bd/video_out_pynq_z2/ip/video_out_pynq_z2_processing_system7_0_0/video_out_pynq_z2_processing_system7_0_0.xdc:127]
Resolution: Modify the set_property command to apply the property on the correct object type. Since the property is being applied as a scoped constraint, ensure the proper connectivity of the object port objects can be translated into pin objects. This could be due to the insertion of IO Buffers between the top level terminal and cell pin. If the goal is to apply constraints that will migrate to top level ports it is required that IO Buffers manually be instanced.
CRITICAL WARNING: [Netlist 29-160] Cannot set property 'pullup', because the property does not exist for objects of type 'pin'. [c:/selected_topics_hdmi/pyzq/hw/hw_proj/hw_proj.gen/sources_1/bd/video_out_pynq_z2/ip/video_out_pynq_z2_processing_system7_0_0/video_out_pynq_z2_processing_system7_0_0.xdc:128]
Resolution: Modify the set_property command to apply the property on the correct object type. Since the property is being applied as a scoped constraint, ensure the proper connectivity of the object port objects can be translated into pin objects. This could be due to the insertion of IO Buffers between the top level terminal and cell pin. If the goal is to apply constraints that will migrate to top level ports it is required that IO Buffers manually be instanced.
CRITICAL WARNING: [Netlist 29-160] Cannot set property 'PIO_DIRECTION', because the property does not exist for objects of type 'pin'. [c:/selected_topics_hdmi/pyzq/hw/hw_proj/hw_proj.gen/sources_1/bd/video_out_pynq_z2/ip/video_out_pynq_z2_processing_system7_0_0/video_out_pynq_z2_processing_system7_0_0.xdc:129]
Resolution: Modify the set_property command to apply the property on the correct object type. Since the property is being applied as a scoped constraint, ensure the proper connectivity of the object port objects can be translated into pin objects. This could be due to the insertion of IO Buffers between the top level terminal and cell pin. If the goal is to apply constraints that will migrate to top level ports it is required that IO Buffers manually be instanced.
CRITICAL WARNING: [Netlist 29-160] Cannot set property 'iostandard', because the property does not exist for objects of type 'pin'. [c:/selected_topics_hdmi/pyzq/hw/hw_proj/hw_proj.gen/sources_1/bd/video_out_pynq_z2/ip/video_out_pynq_z2_processing_system7_0_0/video_out_pynq_z2_processing_system7_0_0.xdc:131]
Resolution: Modify the set_property command to apply the property on the correct object type. Since the property is being applied as a scoped constraint, ensure the proper connectivity of the object port objects can be translated into pin objects. This could be due to the insertion of IO Buffers between the top level terminal and cell pin. If the goal is to apply constraints that will migrate to top level ports it is required that IO Buffers manually be instanced.
CRITICAL WARNING: [Netlist 29-160] Cannot set property 'PACKAGE_PIN', because the property does not exist for objects of type 'pin'. [c:/selected_topics_hdmi/pyzq/hw/hw_proj/hw_proj.gen/sources_1/bd/video_out_pynq_z2/ip/video_out_pynq_z2_processing_system7_0_0/video_out_pynq_z2_processing_system7_0_0.xdc:132]
Resolution: Modify the set_property command to apply the property on the correct object type. Since the property is being applied as a scoped constraint, ensure the proper connectivity of the object port objects can be translated into pin objects. This could be due to the insertion of IO Buffers between the top level terminal and cell pin. If the goal is to apply constraints that will migrate to top level ports it is required that IO Buffers manually be instanced.
CRITICAL WARNING: [Netlist 29-160] Cannot set property 'slew', because the property does not exist for objects of type 'pin'. [c:/selected_topics_hdmi/pyzq/hw/hw_proj/hw_proj.gen/sources_1/bd/video_out_pynq_z2/ip/video_out_pynq_z2_processing_system7_0_0/video_out_pynq_z2_processing_system7_0_0.xdc:133]
Resolution: Modify the set_property command to apply the property on the correct object type. Since the property is being applied as a scoped constraint, ensure the proper connectivity of the object port objects can be translated into pin objects. This could be due to the insertion of IO Buffers between the top level terminal and cell pin. If the goal is to apply constraints that will migrate to top level ports it is required that IO Buffers manually be instanced.
CRITICAL WARNING: [Netlist 29-160] Cannot set property 'drive', because the property does not exist for objects of type 'pin'. [c:/selected_topics_hdmi/pyzq/hw/hw_proj/hw_proj.gen/sources_1/bd/video_out_pynq_z2/ip/video_out_pynq_z2_processing_system7_0_0/video_out_pynq_z2_processing_system7_0_0.xdc:134]
Resolution: Modify the set_property command to apply the property on the correct object type. Since the property is being applied as a scoped constraint, ensure the proper connectivity of the object port objects can be translated into pin objects. This could be due to the insertion of IO Buffers between the top level terminal and cell pin. If the goal is to apply constraints that will migrate to top level ports it is required that IO Buffers manually be instanced.
CRITICAL WARNING: [Netlist 29-160] Cannot set property 'pullup', because the property does not exist for objects of type 'pin'. [c:/selected_topics_hdmi/pyzq/hw/hw_proj/hw_proj.gen/sources_1/bd/video_out_pynq_z2/ip/video_out_pynq_z2_processing_system7_0_0/video_out_pynq_z2_processing_system7_0_0.xdc:135]
Resolution: Modify the set_property command to apply the property on the correct object type. Since the property is being applied as a scoped constraint, ensure the proper connectivity of the object port objects can be translated into pin objects. This could be due to the insertion of IO Buffers between the top level terminal and cell pin. If the goal is to apply constraints that will migrate to top level ports it is required that IO Buffers manually be instanced.
CRITICAL WARNING: [Netlist 29-160] Cannot set property 'PIO_DIRECTION', because the property does not exist for objects of type 'pin'. [c:/selected_topics_hdmi/pyzq/hw/hw_proj/hw_proj.gen/sources_1/bd/video_out_pynq_z2/ip/video_out_pynq_z2_processing_system7_0_0/video_out_pynq_z2_processing_system7_0_0.xdc:136]
Resolution: Modify the set_property command to apply the property on the correct object type. Since the property is being applied as a scoped constraint, ensure the proper connectivity of the object port objects can be translated into pin objects. This could be due to the insertion of IO Buffers between the top level terminal and cell pin. If the goal is to apply constraints that will migrate to top level ports it is required that IO Buffers manually be instanced.
CRITICAL WARNING: [Netlist 29-160] Cannot set property 'iostandard', because the property does not exist for objects of type 'pin'. [c:/selected_topics_hdmi/pyzq/hw/hw_proj/hw_proj.gen/sources_1/bd/video_out_pynq_z2/ip/video_out_pynq_z2_processing_system7_0_0/video_out_pynq_z2_processing_system7_0_0.xdc:138]
Resolution: Modify the set_property command to apply the property on the correct object type. Since the property is being applied as a scoped constraint, ensure the proper connectivity of the object port objects can be translated into pin objects. This could be due to the insertion of IO Buffers between the top level terminal and cell pin. If the goal is to apply constraints that will migrate to top level ports it is required that IO Buffers manually be instanced.
CRITICAL WARNING: [Netlist 29-160] Cannot set property 'PACKAGE_PIN', because the property does not exist for objects of type 'pin'. [c:/selected_topics_hdmi/pyzq/hw/hw_proj/hw_proj.gen/sources_1/bd/video_out_pynq_z2/ip/video_out_pynq_z2_processing_system7_0_0/video_out_pynq_z2_processing_system7_0_0.xdc:139]
Resolution: Modify the set_property command to apply the property on the correct object type. Since the property is being applied as a scoped constraint, ensure the proper connectivity of the object port objects can be translated into pin objects. This could be due to the insertion of IO Buffers between the top level terminal and cell pin. If the goal is to apply constraints that will migrate to top level ports it is required that IO Buffers manually be instanced.
CRITICAL WARNING: [Netlist 29-160] Cannot set property 'slew', because the property does not exist for objects of type 'pin'. [c:/selected_topics_hdmi/pyzq/hw/hw_proj/hw_proj.gen/sources_1/bd/video_out_pynq_z2/ip/video_out_pynq_z2_processing_system7_0_0/video_out_pynq_z2_processing_system7_0_0.xdc:140]
Resolution: Modify the set_property command to apply the property on the correct object type. Since the property is being applied as a scoped constraint, ensure the proper connectivity of the object port objects can be translated into pin objects. This could be due to the insertion of IO Buffers between the top level terminal and cell pin. If the goal is to apply constraints that will migrate to top level ports it is required that IO Buffers manually be instanced.
CRITICAL WARNING: [Netlist 29-160] Cannot set property 'drive', because the property does not exist for objects of type 'pin'. [c:/selected_topics_hdmi/pyzq/hw/hw_proj/hw_proj.gen/sources_1/bd/video_out_pynq_z2/ip/video_out_pynq_z2_processing_system7_0_0/video_out_pynq_z2_processing_system7_0_0.xdc:141]
Resolution: Modify the set_property command to apply the property on the correct object type. Since the property is being applied as a scoped constraint, ensure the proper connectivity of the object port objects can be translated into pin objects. This could be due to the insertion of IO Buffers between the top level terminal and cell pin. If the goal is to apply constraints that will migrate to top level ports it is required that IO Buffers manually be instanced.
CRITICAL WARNING: [Netlist 29-160] Cannot set property 'pullup', because the property does not exist for objects of type 'pin'. [c:/selected_topics_hdmi/pyzq/hw/hw_proj/hw_proj.gen/sources_1/bd/video_out_pynq_z2/ip/video_out_pynq_z2_processing_system7_0_0/video_out_pynq_z2_processing_system7_0_0.xdc:142]
Resolution: Modify the set_property command to apply the property on the correct object type. Since the property is being applied as a scoped constraint, ensure the proper connectivity of the object port objects can be translated into pin objects. This could be due to the insertion of IO Buffers between the top level terminal and cell pin. If the goal is to apply constraints that will migrate to top level ports it is required that IO Buffers manually be instanced.
CRITICAL WARNING: [Netlist 29-160] Cannot set property 'PIO_DIRECTION', because the property does not exist for objects of type 'pin'. [c:/selected_topics_hdmi/pyzq/hw/hw_proj/hw_proj.gen/sources_1/bd/video_out_pynq_z2/ip/video_out_pynq_z2_processing_system7_0_0/video_out_pynq_z2_processing_system7_0_0.xdc:143]
Resolution: Modify the set_property command to apply the property on the correct object type. Since the property is being applied as a scoped constraint, ensure the proper connectivity of the object port objects can be translated into pin objects. This could be due to the insertion of IO Buffers between the top level terminal and cell pin. If the goal is to apply constraints that will migrate to top level ports it is required that IO Buffers manually be instanced.
CRITICAL WARNING: [Netlist 29-160] Cannot set property 'iostandard', because the property does not exist for objects of type 'pin'. [c:/selected_topics_hdmi/pyzq/hw/hw_proj/hw_proj.gen/sources_1/bd/video_out_pynq_z2/ip/video_out_pynq_z2_processing_system7_0_0/video_out_pynq_z2_processing_system7_0_0.xdc:145]
Resolution: Modify the set_property command to apply the property on the correct object type. Since the property is being applied as a scoped constraint, ensure the proper connectivity of the object port objects can be translated into pin objects. This could be due to the insertion of IO Buffers between the top level terminal and cell pin. If the goal is to apply constraints that will migrate to top level ports it is required that IO Buffers manually be instanced.
CRITICAL WARNING: [Netlist 29-160] Cannot set property 'PACKAGE_PIN', because the property does not exist for objects of type 'pin'. [c:/selected_topics_hdmi/pyzq/hw/hw_proj/hw_proj.gen/sources_1/bd/video_out_pynq_z2/ip/video_out_pynq_z2_processing_system7_0_0/video_out_pynq_z2_processing_system7_0_0.xdc:146]
Resolution: Modify the set_property command to apply the property on the correct object type. Since the property is being applied as a scoped constraint, ensure the proper connectivity of the object port objects can be translated into pin objects. This could be due to the insertion of IO Buffers between the top level terminal and cell pin. If the goal is to apply constraints that will migrate to top level ports it is required that IO Buffers manually be instanced.
CRITICAL WARNING: [Netlist 29-160] Cannot set property 'slew', because the property does not exist for objects of type 'pin'. [c:/selected_topics_hdmi/pyzq/hw/hw_proj/hw_proj.gen/sources_1/bd/video_out_pynq_z2/ip/video_out_pynq_z2_processing_system7_0_0/video_out_pynq_z2_processing_system7_0_0.xdc:147]
Resolution: Modify the set_property command to apply the property on the correct object type. Since the property is being applied as a scoped constraint, ensure the proper connectivity of the object port objects can be translated into pin objects. This could be due to the insertion of IO Buffers between the top level terminal and cell pin. If the goal is to apply constraints that will migrate to top level ports it is required that IO Buffers manually be instanced.
CRITICAL WARNING: [Netlist 29-160] Cannot set property 'drive', because the property does not exist for objects of type 'pin'. [c:/selected_topics_hdmi/pyzq/hw/hw_proj/hw_proj.gen/sources_1/bd/video_out_pynq_z2/ip/video_out_pynq_z2_processing_system7_0_0/video_out_pynq_z2_processing_system7_0_0.xdc:148]
Resolution: Modify the set_property command to apply the property on the correct object type. Since the property is being applied as a scoped constraint, ensure the proper connectivity of the object port objects can be translated into pin objects. This could be due to the insertion of IO Buffers between the top level terminal and cell pin. If the goal is to apply constraints that will migrate to top level ports it is required that IO Buffers manually be instanced.
INFO: [Common 17-14] Message 'Netlist 29-160' appears 100 times and further instances of the messages will be disabled. Use the Tcl command set_msg_config to change the current settings. [c:/selected_topics_hdmi/pyzq/hw/hw_proj/hw_proj.gen/sources_1/bd/video_out_pynq_z2/ip/video_out_pynq_z2_processing_system7_0_0/video_out_pynq_z2_processing_system7_0_0.xdc:148]
Finished Parsing XDC File [c:/selected_topics_hdmi/pyzq/hw/hw_proj/hw_proj.gen/sources_1/bd/video_out_pynq_z2/ip/video_out_pynq_z2_processing_system7_0_0/video_out_pynq_z2_processing_system7_0_0.xdc] for cell 'video_out_pynq_z2_i/processing_system7_0/inst'
Parsing XDC File [c:/selected_topics_hdmi/pyzq/hw/hw_proj/hw_proj.gen/sources_1/bd/video_out_pynq_z2/ip/video_out_pynq_z2_rgb2dvi_0_0/src/rgb2dvi.xdc] for cell 'video_out_pynq_z2_i/rgb2dvi_0/U0'
Finished Parsing XDC File [c:/selected_topics_hdmi/pyzq/hw/hw_proj/hw_proj.gen/sources_1/bd/video_out_pynq_z2/ip/video_out_pynq_z2_rgb2dvi_0_0/src/rgb2dvi.xdc] for cell 'video_out_pynq_z2_i/rgb2dvi_0/U0'
Parsing XDC File [c:/selected_topics_hdmi/pyzq/hw/hw_proj/hw_proj.gen/sources_1/bd/video_out_pynq_z2/ip/video_out_pynq_z2_rst_ps7_0_100M_0/video_out_pynq_z2_rst_ps7_0_100M_0_board.xdc] for cell 'video_out_pynq_z2_i/rst_ps7_0_100M/U0'
Finished Parsing XDC File [c:/selected_topics_hdmi/pyzq/hw/hw_proj/hw_proj.gen/sources_1/bd/video_out_pynq_z2/ip/video_out_pynq_z2_rst_ps7_0_100M_0/video_out_pynq_z2_rst_ps7_0_100M_0_board.xdc] for cell 'video_out_pynq_z2_i/rst_ps7_0_100M/U0'
Parsing XDC File [c:/selected_topics_hdmi/pyzq/hw/hw_proj/hw_proj.gen/sources_1/bd/video_out_pynq_z2/ip/video_out_pynq_z2_rst_ps7_0_100M_0/video_out_pynq_z2_rst_ps7_0_100M_0.xdc] for cell 'video_out_pynq_z2_i/rst_ps7_0_100M/U0'
Finished Parsing XDC File [c:/selected_topics_hdmi/pyzq/hw/hw_proj/hw_proj.gen/sources_1/bd/video_out_pynq_z2/ip/video_out_pynq_z2_rst_ps7_0_100M_0/video_out_pynq_z2_rst_ps7_0_100M_0.xdc] for cell 'video_out_pynq_z2_i/rst_ps7_0_100M/U0'
Parsing XDC File [c:/selected_topics_hdmi/pyzq/hw/hw_proj/hw_proj.gen/sources_1/bd/video_out_pynq_z2/ip/video_out_pynq_z2_smartconnect_0_0/bd_0/ip/ip_1/bd_98e7_psr_aclk_0_board.xdc] for cell 'video_out_pynq_z2_i/smartconnect_0/inst/clk_map/psr_aclk/U0'
Finished Parsing XDC File [c:/selected_topics_hdmi/pyzq/hw/hw_proj/hw_proj.gen/sources_1/bd/video_out_pynq_z2/ip/video_out_pynq_z2_smartconnect_0_0/bd_0/ip/ip_1/bd_98e7_psr_aclk_0_board.xdc] for cell 'video_out_pynq_z2_i/smartconnect_0/inst/clk_map/psr_aclk/U0'
Parsing XDC File [c:/selected_topics_hdmi/pyzq/hw/hw_proj/hw_proj.gen/sources_1/bd/video_out_pynq_z2/ip/video_out_pynq_z2_smartconnect_0_0/bd_0/ip/ip_1/bd_98e7_psr_aclk_0.xdc] for cell 'video_out_pynq_z2_i/smartconnect_0/inst/clk_map/psr_aclk/U0'
Finished Parsing XDC File [c:/selected_topics_hdmi/pyzq/hw/hw_proj/hw_proj.gen/sources_1/bd/video_out_pynq_z2/ip/video_out_pynq_z2_smartconnect_0_0/bd_0/ip/ip_1/bd_98e7_psr_aclk_0.xdc] for cell 'video_out_pynq_z2_i/smartconnect_0/inst/clk_map/psr_aclk/U0'
Parsing XDC File [c:/selected_topics_hdmi/pyzq/hw/hw_proj/hw_proj.gen/sources_1/bd/video_out_pynq_z2/ip/video_out_pynq_z2_smartconnect_0_0/bd_0/ip/ip_12/bd_98e7_arni_0_clocks.xdc] for cell 'video_out_pynq_z2_i/smartconnect_0/inst/switchboards/i_nodes/i_ar_node/inst'
WARNING: [Vivado_Tcl 4-921] Waiver ID 'CDC-1' -to list should not be empty. [c:/selected_topics_hdmi/pyzq/hw/hw_proj/hw_proj.gen/sources_1/bd/video_out_pynq_z2/ip/video_out_pynq_z2_smartconnect_0_0/bd_0/ip/ip_12/bd_98e7_arni_0_clocks.xdc:49]
WARNING: [Vivado_Tcl 4-921] Waiver ID 'CDC-1' -to list should not be empty. [c:/selected_topics_hdmi/pyzq/hw/hw_proj/hw_proj.gen/sources_1/bd/video_out_pynq_z2/ip/video_out_pynq_z2_smartconnect_0_0/bd_0/ip/ip_12/bd_98e7_arni_0_clocks.xdc:52]
WARNING: [Vivado_Tcl 4-921] Waiver ID 'CDC-1' -to list should not be empty. [c:/selected_topics_hdmi/pyzq/hw/hw_proj/hw_proj.gen/sources_1/bd/video_out_pynq_z2/ip/video_out_pynq_z2_smartconnect_0_0/bd_0/ip/ip_12/bd_98e7_arni_0_clocks.xdc:55]
WARNING: [Vivado_Tcl 4-921] Waiver ID 'CDC-1' -to list should not be empty. [c:/selected_topics_hdmi/pyzq/hw/hw_proj/hw_proj.gen/sources_1/bd/video_out_pynq_z2/ip/video_out_pynq_z2_smartconnect_0_0/bd_0/ip/ip_12/bd_98e7_arni_0_clocks.xdc:59]
WARNING: [Vivado_Tcl 4-921] Waiver ID 'CDC-1' -to list should not be empty. [c:/selected_topics_hdmi/pyzq/hw/hw_proj/hw_proj.gen/sources_1/bd/video_out_pynq_z2/ip/video_out_pynq_z2_smartconnect_0_0/bd_0/ip/ip_12/bd_98e7_arni_0_clocks.xdc:66]
WARNING: [Vivado_Tcl 4-921] Waiver ID 'CDC-1' -to list should not be empty. [c:/selected_topics_hdmi/pyzq/hw/hw_proj/hw_proj.gen/sources_1/bd/video_out_pynq_z2/ip/video_out_pynq_z2_smartconnect_0_0/bd_0/ip/ip_12/bd_98e7_arni_0_clocks.xdc:70]
WARNING: [Vivado_Tcl 4-921] Waiver ID 'CDC-1' -to list should not be empty. [c:/selected_topics_hdmi/pyzq/hw/hw_proj/hw_proj.gen/sources_1/bd/video_out_pynq_z2/ip/video_out_pynq_z2_smartconnect_0_0/bd_0/ip/ip_12/bd_98e7_arni_0_clocks.xdc:82]
WARNING: [Vivado_Tcl 4-921] Waiver ID 'CDC-4' -to list should not be empty. [c:/selected_topics_hdmi/pyzq/hw/hw_proj/hw_proj.gen/sources_1/bd/video_out_pynq_z2/ip/video_out_pynq_z2_smartconnect_0_0/bd_0/ip/ip_12/bd_98e7_arni_0_clocks.xdc:85]
WARNING: [Vivado_Tcl 4-921] Waiver ID 'CDC-4' -to list should not be empty. [c:/selected_topics_hdmi/pyzq/hw/hw_proj/hw_proj.gen/sources_1/bd/video_out_pynq_z2/ip/video_out_pynq_z2_smartconnect_0_0/bd_0/ip/ip_12/bd_98e7_arni_0_clocks.xdc:88]
WARNING: [Vivado_Tcl 4-921] Waiver ID 'CDC-2' -to list should not be empty. [c:/selected_topics_hdmi/pyzq/hw/hw_proj/hw_proj.gen/sources_1/bd/video_out_pynq_z2/ip/video_out_pynq_z2_smartconnect_0_0/bd_0/ip/ip_12/bd_98e7_arni_0_clocks.xdc:91]
WARNING: [Vivado_Tcl 4-921] Waiver ID 'CDC-2' -to list should not be empty. [c:/selected_topics_hdmi/pyzq/hw/hw_proj/hw_proj.gen/sources_1/bd/video_out_pynq_z2/ip/video_out_pynq_z2_smartconnect_0_0/bd_0/ip/ip_12/bd_98e7_arni_0_clocks.xdc:94]
WARNING: [Vivado_Tcl 4-921] Waiver ID 'CDC-2' -to list should not be empty. [c:/selected_topics_hdmi/pyzq/hw/hw_proj/hw_proj.gen/sources_1/bd/video_out_pynq_z2/ip/video_out_pynq_z2_smartconnect_0_0/bd_0/ip/ip_12/bd_98e7_arni_0_clocks.xdc:97]
WARNING: [Vivado_Tcl 4-921] Waiver ID 'CDC-2' -to list should not be empty. [c:/selected_topics_hdmi/pyzq/hw/hw_proj/hw_proj.gen/sources_1/bd/video_out_pynq_z2/ip/video_out_pynq_z2_smartconnect_0_0/bd_0/ip/ip_12/bd_98e7_arni_0_clocks.xdc:100]
WARNING: [Vivado_Tcl 4-921] Waiver ID 'CDC-1' -to list should not be empty. [c:/selected_topics_hdmi/pyzq/hw/hw_proj/hw_proj.gen/sources_1/bd/video_out_pynq_z2/ip/video_out_pynq_z2_smartconnect_0_0/bd_0/ip/ip_12/bd_98e7_arni_0_clocks.xdc:104]
WARNING: [Vivado_Tcl 4-921] Waiver ID 'CDC-10' -to list should not be empty. [c:/selected_topics_hdmi/pyzq/hw/hw_proj/hw_proj.gen/sources_1/bd/video_out_pynq_z2/ip/video_out_pynq_z2_smartconnect_0_0/bd_0/ip/ip_12/bd_98e7_arni_0_clocks.xdc:107]
WARNING: [Vivado_Tcl 4-921] Waiver ID 'CDC-10' -to list should not be empty. [c:/selected_topics_hdmi/pyzq/hw/hw_proj/hw_proj.gen/sources_1/bd/video_out_pynq_z2/ip/video_out_pynq_z2_smartconnect_0_0/bd_0/ip/ip_12/bd_98e7_arni_0_clocks.xdc:110]
WARNING: [Vivado_Tcl 4-921] Waiver ID 'CDC-1' -to list should not be empty. [c:/selected_topics_hdmi/pyzq/hw/hw_proj/hw_proj.gen/sources_1/bd/video_out_pynq_z2/ip/video_out_pynq_z2_smartconnect_0_0/bd_0/ip/ip_12/bd_98e7_arni_0_clocks.xdc:113]
WARNING: [Vivado_Tcl 4-921] Waiver ID 'CDC-1' -to list should not be empty. [c:/selected_topics_hdmi/pyzq/hw/hw_proj/hw_proj.gen/sources_1/bd/video_out_pynq_z2/ip/video_out_pynq_z2_smartconnect_0_0/bd_0/ip/ip_12/bd_98e7_arni_0_clocks.xdc:116]
WARNING: [Vivado_Tcl 4-921] Waiver ID 'CDC-13' -to list should not be empty. [c:/selected_topics_hdmi/pyzq/hw/hw_proj/hw_proj.gen/sources_1/bd/video_out_pynq_z2/ip/video_out_pynq_z2_smartconnect_0_0/bd_0/ip/ip_12/bd_98e7_arni_0_clocks.xdc:122]
WARNING: [Vivado_Tcl 4-921] Waiver ID 'CDC-1' -to list should not be empty. [c:/selected_topics_hdmi/pyzq/hw/hw_proj/hw_proj.gen/sources_1/bd/video_out_pynq_z2/ip/video_out_pynq_z2_smartconnect_0_0/bd_0/ip/ip_12/bd_98e7_arni_0_clocks.xdc:125]
WARNING: [Vivado_Tcl 4-921] Waiver ID 'CDC-1' -to list should not be empty. [c:/selected_topics_hdmi/pyzq/hw/hw_proj/hw_proj.gen/sources_1/bd/video_out_pynq_z2/ip/video_out_pynq_z2_smartconnect_0_0/bd_0/ip/ip_12/bd_98e7_arni_0_clocks.xdc:128]
WARNING: [Vivado_Tcl 4-921] Waiver ID 'CDC-13' -to list should not be empty. [c:/selected_topics_hdmi/pyzq/hw/hw_proj/hw_proj.gen/sources_1/bd/video_out_pynq_z2/ip/video_out_pynq_z2_smartconnect_0_0/bd_0/ip/ip_12/bd_98e7_arni_0_clocks.xdc:131]
WARNING: [Vivado_Tcl 4-921] Waiver ID 'CDC-1' -to list should not be empty. [c:/selected_topics_hdmi/pyzq/hw/hw_proj/hw_proj.gen/sources_1/bd/video_out_pynq_z2/ip/video_out_pynq_z2_smartconnect_0_0/bd_0/ip/ip_12/bd_98e7_arni_0_clocks.xdc:134]
WARNING: [Vivado_Tcl 4-921] Waiver ID 'CDC-10' -to list should not be empty. [c:/selected_topics_hdmi/pyzq/hw/hw_proj/hw_proj.gen/sources_1/bd/video_out_pynq_z2/ip/video_out_pynq_z2_smartconnect_0_0/bd_0/ip/ip_12/bd_98e7_arni_0_clocks.xdc:137]
WARNING: [Vivado_Tcl 4-921] Waiver ID 'CDC-1' -to list should not be empty. [c:/selected_topics_hdmi/pyzq/hw/hw_proj/hw_proj.gen/sources_1/bd/video_out_pynq_z2/ip/video_out_pynq_z2_smartconnect_0_0/bd_0/ip/ip_12/bd_98e7_arni_0_clocks.xdc:140]
WARNING: [Vivado_Tcl 4-921] Waiver ID 'CDC-1' -to list should not be empty. [c:/selected_topics_hdmi/pyzq/hw/hw_proj/hw_proj.gen/sources_1/bd/video_out_pynq_z2/ip/video_out_pynq_z2_smartconnect_0_0/bd_0/ip/ip_12/bd_98e7_arni_0_clocks.xdc:143]
WARNING: [Vivado_Tcl 4-921] Waiver ID 'CDC-1' -to list should not be empty. [c:/selected_topics_hdmi/pyzq/hw/hw_proj/hw_proj.gen/sources_1/bd/video_out_pynq_z2/ip/video_out_pynq_z2_smartconnect_0_0/bd_0/ip/ip_12/bd_98e7_arni_0_clocks.xdc:146]
WARNING: [Vivado_Tcl 4-921] Waiver ID 'CDC-2' -to list should not be empty. [c:/selected_topics_hdmi/pyzq/hw/hw_proj/hw_proj.gen/sources_1/bd/video_out_pynq_z2/ip/video_out_pynq_z2_smartconnect_0_0/bd_0/ip/ip_12/bd_98e7_arni_0_clocks.xdc:149]
WARNING: [Vivado_Tcl 4-921] Waiver ID 'CDC-1' -to list should not be empty. [c:/selected_topics_hdmi/pyzq/hw/hw_proj/hw_proj.gen/sources_1/bd/video_out_pynq_z2/ip/video_out_pynq_z2_smartconnect_0_0/bd_0/ip/ip_12/bd_98e7_arni_0_clocks.xdc:152]
WARNING: [Vivado_Tcl 4-921] Waiver ID 'CDC-1' -to list should not be empty. [c:/selected_topics_hdmi/pyzq/hw/hw_proj/hw_proj.gen/sources_1/bd/video_out_pynq_z2/ip/video_out_pynq_z2_smartconnect_0_0/bd_0/ip/ip_12/bd_98e7_arni_0_clocks.xdc:155]
WARNING: [Vivado_Tcl 4-921] Waiver ID 'CDC-1' -to list should not be empty. [c:/selected_topics_hdmi/pyzq/hw/hw_proj/hw_proj.gen/sources_1/bd/video_out_pynq_z2/ip/video_out_pynq_z2_smartconnect_0_0/bd_0/ip/ip_12/bd_98e7_arni_0_clocks.xdc:158]
WARNING: [Vivado_Tcl 4-921] Waiver ID 'CDC-10' -to list should not be empty. [c:/selected_topics_hdmi/pyzq/hw/hw_proj/hw_proj.gen/sources_1/bd/video_out_pynq_z2/ip/video_out_pynq_z2_smartconnect_0_0/bd_0/ip/ip_12/bd_98e7_arni_0_clocks.xdc:161]
WARNING: [Vivado_Tcl 4-921] Waiver ID 'CDC-4' -to list should not be empty. [c:/selected_topics_hdmi/pyzq/hw/hw_proj/hw_proj.gen/sources_1/bd/video_out_pynq_z2/ip/video_out_pynq_z2_smartconnect_0_0/bd_0/ip/ip_12/bd_98e7_arni_0_clocks.xdc:164]
WARNING: [Vivado_Tcl 4-921] Waiver ID 'CDC-4' -to list should not be empty. [c:/selected_topics_hdmi/pyzq/hw/hw_proj/hw_proj.gen/sources_1/bd/video_out_pynq_z2/ip/video_out_pynq_z2_smartconnect_0_0/bd_0/ip/ip_12/bd_98e7_arni_0_clocks.xdc:167]
WARNING: [Vivado_Tcl 4-921] Waiver ID 'CDC-4' -to list should not be empty. [c:/selected_topics_hdmi/pyzq/hw/hw_proj/hw_proj.gen/sources_1/bd/video_out_pynq_z2/ip/video_out_pynq_z2_smartconnect_0_0/bd_0/ip/ip_12/bd_98e7_arni_0_clocks.xdc:171]
WARNING: [Vivado_Tcl 4-921] Waiver ID 'CDC-4' -to list should not be empty. [c:/selected_topics_hdmi/pyzq/hw/hw_proj/hw_proj.gen/sources_1/bd/video_out_pynq_z2/ip/video_out_pynq_z2_smartconnect_0_0/bd_0/ip/ip_12/bd_98e7_arni_0_clocks.xdc:174]
WARNING: [Vivado_Tcl 4-921] Waiver ID 'CDC-1' -to list should not be empty. [c:/selected_topics_hdmi/pyzq/hw/hw_proj/hw_proj.gen/sources_1/bd/video_out_pynq_z2/ip/video_out_pynq_z2_smartconnect_0_0/bd_0/ip/ip_12/bd_98e7_arni_0_clocks.xdc:178]
Finished Parsing XDC File [c:/selected_topics_hdmi/pyzq/hw/hw_proj/hw_proj.gen/sources_1/bd/video_out_pynq_z2/ip/video_out_pynq_z2_smartconnect_0_0/bd_0/ip/ip_12/bd_98e7_arni_0_clocks.xdc] for cell 'video_out_pynq_z2_i/smartconnect_0/inst/switchboards/i_nodes/i_ar_node/inst'
Parsing XDC File [c:/selected_topics_hdmi/pyzq/hw/hw_proj/hw_proj.gen/sources_1/bd/video_out_pynq_z2/ip/video_out_pynq_z2_smartconnect_0_0/bd_0/ip/ip_13/bd_98e7_rni_0_clocks.xdc] for cell 'video_out_pynq_z2_i/smartconnect_0/inst/switchboards/i_nodes/i_r_node/inst'
WARNING: [Vivado_Tcl 4-921] Waiver ID 'CDC-1' -to list should not be empty. [c:/selected_topics_hdmi/pyzq/hw/hw_proj/hw_proj.gen/sources_1/bd/video_out_pynq_z2/ip/video_out_pynq_z2_smartconnect_0_0/bd_0/ip/ip_13/bd_98e7_rni_0_clocks.xdc:49]
WARNING: [Vivado_Tcl 4-921] Waiver ID 'CDC-1' -to list should not be empty. [c:/selected_topics_hdmi/pyzq/hw/hw_proj/hw_proj.gen/sources_1/bd/video_out_pynq_z2/ip/video_out_pynq_z2_smartconnect_0_0/bd_0/ip/ip_13/bd_98e7_rni_0_clocks.xdc:52]
WARNING: [Vivado_Tcl 4-921] Waiver ID 'CDC-1' -to list should not be empty. [c:/selected_topics_hdmi/pyzq/hw/hw_proj/hw_proj.gen/sources_1/bd/video_out_pynq_z2/ip/video_out_pynq_z2_smartconnect_0_0/bd_0/ip/ip_13/bd_98e7_rni_0_clocks.xdc:55]
WARNING: [Vivado_Tcl 4-921] Waiver ID 'CDC-1' -to list should not be empty. [c:/selected_topics_hdmi/pyzq/hw/hw_proj/hw_proj.gen/sources_1/bd/video_out_pynq_z2/ip/video_out_pynq_z2_smartconnect_0_0/bd_0/ip/ip_13/bd_98e7_rni_0_clocks.xdc:59]
WARNING: [Vivado_Tcl 4-921] Waiver ID 'CDC-1' -to list should not be empty. [c:/selected_topics_hdmi/pyzq/hw/hw_proj/hw_proj.gen/sources_1/bd/video_out_pynq_z2/ip/video_out_pynq_z2_smartconnect_0_0/bd_0/ip/ip_13/bd_98e7_rni_0_clocks.xdc:66]
WARNING: [Vivado_Tcl 4-921] Waiver ID 'CDC-1' -to list should not be empty. [c:/selected_topics_hdmi/pyzq/hw/hw_proj/hw_proj.gen/sources_1/bd/video_out_pynq_z2/ip/video_out_pynq_z2_smartconnect_0_0/bd_0/ip/ip_13/bd_98e7_rni_0_clocks.xdc:70]
WARNING: [Vivado_Tcl 4-921] Waiver ID 'CDC-1' -to list should not be empty. [c:/selected_topics_hdmi/pyzq/hw/hw_proj/hw_proj.gen/sources_1/bd/video_out_pynq_z2/ip/video_out_pynq_z2_smartconnect_0_0/bd_0/ip/ip_13/bd_98e7_rni_0_clocks.xdc:82]
WARNING: [Vivado_Tcl 4-921] Waiver ID 'CDC-4' -to list should not be empty. [c:/selected_topics_hdmi/pyzq/hw/hw_proj/hw_proj.gen/sources_1/bd/video_out_pynq_z2/ip/video_out_pynq_z2_smartconnect_0_0/bd_0/ip/ip_13/bd_98e7_rni_0_clocks.xdc:85]
WARNING: [Vivado_Tcl 4-921] Waiver ID 'CDC-4' -to list should not be empty. [c:/selected_topics_hdmi/pyzq/hw/hw_proj/hw_proj.gen/sources_1/bd/video_out_pynq_z2/ip/video_out_pynq_z2_smartconnect_0_0/bd_0/ip/ip_13/bd_98e7_rni_0_clocks.xdc:88]
WARNING: [Vivado_Tcl 4-921] Waiver ID 'CDC-2' -to list should not be empty. [c:/selected_topics_hdmi/pyzq/hw/hw_proj/hw_proj.gen/sources_1/bd/video_out_pynq_z2/ip/video_out_pynq_z2_smartconnect_0_0/bd_0/ip/ip_13/bd_98e7_rni_0_clocks.xdc:91]
WARNING: [Vivado_Tcl 4-921] Waiver ID 'CDC-2' -to list should not be empty. [c:/selected_topics_hdmi/pyzq/hw/hw_proj/hw_proj.gen/sources_1/bd/video_out_pynq_z2/ip/video_out_pynq_z2_smartconnect_0_0/bd_0/ip/ip_13/bd_98e7_rni_0_clocks.xdc:94]
WARNING: [Vivado_Tcl 4-921] Waiver ID 'CDC-2' -to list should not be empty. [c:/selected_topics_hdmi/pyzq/hw/hw_proj/hw_proj.gen/sources_1/bd/video_out_pynq_z2/ip/video_out_pynq_z2_smartconnect_0_0/bd_0/ip/ip_13/bd_98e7_rni_0_clocks.xdc:97]
WARNING: [Vivado_Tcl 4-921] Waiver ID 'CDC-2' -to list should not be empty. [c:/selected_topics_hdmi/pyzq/hw/hw_proj/hw_proj.gen/sources_1/bd/video_out_pynq_z2/ip/video_out_pynq_z2_smartconnect_0_0/bd_0/ip/ip_13/bd_98e7_rni_0_clocks.xdc:100]
WARNING: [Vivado_Tcl 4-921] Waiver ID 'CDC-1' -to list should not be empty. [c:/selected_topics_hdmi/pyzq/hw/hw_proj/hw_proj.gen/sources_1/bd/video_out_pynq_z2/ip/video_out_pynq_z2_smartconnect_0_0/bd_0/ip/ip_13/bd_98e7_rni_0_clocks.xdc:104]
WARNING: [Vivado_Tcl 4-921] Waiver ID 'CDC-10' -to list should not be empty. [c:/selected_topics_hdmi/pyzq/hw/hw_proj/hw_proj.gen/sources_1/bd/video_out_pynq_z2/ip/video_out_pynq_z2_smartconnect_0_0/bd_0/ip/ip_13/bd_98e7_rni_0_clocks.xdc:107]
WARNING: [Vivado_Tcl 4-921] Waiver ID 'CDC-10' -to list should not be empty. [c:/selected_topics_hdmi/pyzq/hw/hw_proj/hw_proj.gen/sources_1/bd/video_out_pynq_z2/ip/video_out_pynq_z2_smartconnect_0_0/bd_0/ip/ip_13/bd_98e7_rni_0_clocks.xdc:110]
WARNING: [Vivado_Tcl 4-921] Waiver ID 'CDC-1' -to list should not be empty. [c:/selected_topics_hdmi/pyzq/hw/hw_proj/hw_proj.gen/sources_1/bd/video_out_pynq_z2/ip/video_out_pynq_z2_smartconnect_0_0/bd_0/ip/ip_13/bd_98e7_rni_0_clocks.xdc:113]
WARNING: [Vivado_Tcl 4-921] Waiver ID 'CDC-1' -to list should not be empty. [c:/selected_topics_hdmi/pyzq/hw/hw_proj/hw_proj.gen/sources_1/bd/video_out_pynq_z2/ip/video_out_pynq_z2_smartconnect_0_0/bd_0/ip/ip_13/bd_98e7_rni_0_clocks.xdc:116]
WARNING: [Vivado_Tcl 4-921] Waiver ID 'CDC-13' -to list should not be empty. [c:/selected_topics_hdmi/pyzq/hw/hw_proj/hw_proj.gen/sources_1/bd/video_out_pynq_z2/ip/video_out_pynq_z2_smartconnect_0_0/bd_0/ip/ip_13/bd_98e7_rni_0_clocks.xdc:122]
WARNING: [Vivado_Tcl 4-921] Waiver ID 'CDC-1' -to list should not be empty. [c:/selected_topics_hdmi/pyzq/hw/hw_proj/hw_proj.gen/sources_1/bd/video_out_pynq_z2/ip/video_out_pynq_z2_smartconnect_0_0/bd_0/ip/ip_13/bd_98e7_rni_0_clocks.xdc:125]
WARNING: [Vivado_Tcl 4-921] Waiver ID 'CDC-1' -to list should not be empty. [c:/selected_topics_hdmi/pyzq/hw/hw_proj/hw_proj.gen/sources_1/bd/video_out_pynq_z2/ip/video_out_pynq_z2_smartconnect_0_0/bd_0/ip/ip_13/bd_98e7_rni_0_clocks.xdc:128]
WARNING: [Vivado_Tcl 4-921] Waiver ID 'CDC-13' -to list should not be empty. [c:/selected_topics_hdmi/pyzq/hw/hw_proj/hw_proj.gen/sources_1/bd/video_out_pynq_z2/ip/video_out_pynq_z2_smartconnect_0_0/bd_0/ip/ip_13/bd_98e7_rni_0_clocks.xdc:131]
WARNING: [Vivado_Tcl 4-921] Waiver ID 'CDC-1' -to list should not be empty. [c:/selected_topics_hdmi/pyzq/hw/hw_proj/hw_proj.gen/sources_1/bd/video_out_pynq_z2/ip/video_out_pynq_z2_smartconnect_0_0/bd_0/ip/ip_13/bd_98e7_rni_0_clocks.xdc:134]
WARNING: [Vivado_Tcl 4-921] Waiver ID 'CDC-10' -to list should not be empty. [c:/selected_topics_hdmi/pyzq/hw/hw_proj/hw_proj.gen/sources_1/bd/video_out_pynq_z2/ip/video_out_pynq_z2_smartconnect_0_0/bd_0/ip/ip_13/bd_98e7_rni_0_clocks.xdc:137]
WARNING: [Vivado_Tcl 4-921] Waiver ID 'CDC-1' -to list should not be empty. [c:/selected_topics_hdmi/pyzq/hw/hw_proj/hw_proj.gen/sources_1/bd/video_out_pynq_z2/ip/video_out_pynq_z2_smartconnect_0_0/bd_0/ip/ip_13/bd_98e7_rni_0_clocks.xdc:140]
WARNING: [Vivado_Tcl 4-921] Waiver ID 'CDC-1' -to list should not be empty. [c:/selected_topics_hdmi/pyzq/hw/hw_proj/hw_proj.gen/sources_1/bd/video_out_pynq_z2/ip/video_out_pynq_z2_smartconnect_0_0/bd_0/ip/ip_13/bd_98e7_rni_0_clocks.xdc:143]
WARNING: [Vivado_Tcl 4-921] Waiver ID 'CDC-1' -to list should not be empty. [c:/selected_topics_hdmi/pyzq/hw/hw_proj/hw_proj.gen/sources_1/bd/video_out_pynq_z2/ip/video_out_pynq_z2_smartconnect_0_0/bd_0/ip/ip_13/bd_98e7_rni_0_clocks.xdc:146]
WARNING: [Vivado_Tcl 4-921] Waiver ID 'CDC-2' -to list should not be empty. [c:/selected_topics_hdmi/pyzq/hw/hw_proj/hw_proj.gen/sources_1/bd/video_out_pynq_z2/ip/video_out_pynq_z2_smartconnect_0_0/bd_0/ip/ip_13/bd_98e7_rni_0_clocks.xdc:149]
WARNING: [Vivado_Tcl 4-921] Waiver ID 'CDC-1' -to list should not be empty. [c:/selected_topics_hdmi/pyzq/hw/hw_proj/hw_proj.gen/sources_1/bd/video_out_pynq_z2/ip/video_out_pynq_z2_smartconnect_0_0/bd_0/ip/ip_13/bd_98e7_rni_0_clocks.xdc:152]
WARNING: [Vivado_Tcl 4-921] Waiver ID 'CDC-1' -to list should not be empty. [c:/selected_topics_hdmi/pyzq/hw/hw_proj/hw_proj.gen/sources_1/bd/video_out_pynq_z2/ip/video_out_pynq_z2_smartconnect_0_0/bd_0/ip/ip_13/bd_98e7_rni_0_clocks.xdc:155]
WARNING: [Vivado_Tcl 4-921] Waiver ID 'CDC-1' -to list should not be empty. [c:/selected_topics_hdmi/pyzq/hw/hw_proj/hw_proj.gen/sources_1/bd/video_out_pynq_z2/ip/video_out_pynq_z2_smartconnect_0_0/bd_0/ip/ip_13/bd_98e7_rni_0_clocks.xdc:158]
WARNING: [Vivado_Tcl 4-921] Waiver ID 'CDC-10' -to list should not be empty. [c:/selected_topics_hdmi/pyzq/hw/hw_proj/hw_proj.gen/sources_1/bd/video_out_pynq_z2/ip/video_out_pynq_z2_smartconnect_0_0/bd_0/ip/ip_13/bd_98e7_rni_0_clocks.xdc:161]
WARNING: [Vivado_Tcl 4-921] Waiver ID 'CDC-4' -to list should not be empty. [c:/selected_topics_hdmi/pyzq/hw/hw_proj/hw_proj.gen/sources_1/bd/video_out_pynq_z2/ip/video_out_pynq_z2_smartconnect_0_0/bd_0/ip/ip_13/bd_98e7_rni_0_clocks.xdc:164]
WARNING: [Vivado_Tcl 4-921] Waiver ID 'CDC-4' -to list should not be empty. [c:/selected_topics_hdmi/pyzq/hw/hw_proj/hw_proj.gen/sources_1/bd/video_out_pynq_z2/ip/video_out_pynq_z2_smartconnect_0_0/bd_0/ip/ip_13/bd_98e7_rni_0_clocks.xdc:167]
WARNING: [Vivado_Tcl 4-921] Waiver ID 'CDC-4' -to list should not be empty. [c:/selected_topics_hdmi/pyzq/hw/hw_proj/hw_proj.gen/sources_1/bd/video_out_pynq_z2/ip/video_out_pynq_z2_smartconnect_0_0/bd_0/ip/ip_13/bd_98e7_rni_0_clocks.xdc:171]
WARNING: [Vivado_Tcl 4-921] Waiver ID 'CDC-4' -to list should not be empty. [c:/selected_topics_hdmi/pyzq/hw/hw_proj/hw_proj.gen/sources_1/bd/video_out_pynq_z2/ip/video_out_pynq_z2_smartconnect_0_0/bd_0/ip/ip_13/bd_98e7_rni_0_clocks.xdc:174]
WARNING: [Vivado_Tcl 4-921] Waiver ID 'CDC-1' -to list should not be empty. [c:/selected_topics_hdmi/pyzq/hw/hw_proj/hw_proj.gen/sources_1/bd/video_out_pynq_z2/ip/video_out_pynq_z2_smartconnect_0_0/bd_0/ip/ip_13/bd_98e7_rni_0_clocks.xdc:178]
Finished Parsing XDC File [c:/selected_topics_hdmi/pyzq/hw/hw_proj/hw_proj.gen/sources_1/bd/video_out_pynq_z2/ip/video_out_pynq_z2_smartconnect_0_0/bd_0/ip/ip_13/bd_98e7_rni_0_clocks.xdc] for cell 'video_out_pynq_z2_i/smartconnect_0/inst/switchboards/i_nodes/i_r_node/inst'
Parsing XDC File [c:/selected_topics_hdmi/pyzq/hw/hw_proj/hw_proj.gen/sources_1/bd/video_out_pynq_z2/ip/video_out_pynq_z2_smartconnect_0_0/bd_0/ip/ip_14/bd_98e7_awni_0_clocks.xdc] for cell 'video_out_pynq_z2_i/smartconnect_0/inst/switchboards/i_nodes/i_aw_node/inst'
WARNING: [Vivado_Tcl 4-921] Waiver ID 'CDC-1' -to list should not be empty. [c:/selected_topics_hdmi/pyzq/hw/hw_proj/hw_proj.gen/sources_1/bd/video_out_pynq_z2/ip/video_out_pynq_z2_smartconnect_0_0/bd_0/ip/ip_14/bd_98e7_awni_0_clocks.xdc:49]
WARNING: [Vivado_Tcl 4-921] Waiver ID 'CDC-1' -to list should not be empty. [c:/selected_topics_hdmi/pyzq/hw/hw_proj/hw_proj.gen/sources_1/bd/video_out_pynq_z2/ip/video_out_pynq_z2_smartconnect_0_0/bd_0/ip/ip_14/bd_98e7_awni_0_clocks.xdc:52]
WARNING: [Vivado_Tcl 4-921] Waiver ID 'CDC-1' -to list should not be empty. [c:/selected_topics_hdmi/pyzq/hw/hw_proj/hw_proj.gen/sources_1/bd/video_out_pynq_z2/ip/video_out_pynq_z2_smartconnect_0_0/bd_0/ip/ip_14/bd_98e7_awni_0_clocks.xdc:55]
WARNING: [Vivado_Tcl 4-921] Waiver ID 'CDC-1' -to list should not be empty. [c:/selected_topics_hdmi/pyzq/hw/hw_proj/hw_proj.gen/sources_1/bd/video_out_pynq_z2/ip/video_out_pynq_z2_smartconnect_0_0/bd_0/ip/ip_14/bd_98e7_awni_0_clocks.xdc:59]
WARNING: [Vivado_Tcl 4-921] Waiver ID 'CDC-1' -to list should not be empty. [c:/selected_topics_hdmi/pyzq/hw/hw_proj/hw_proj.gen/sources_1/bd/video_out_pynq_z2/ip/video_out_pynq_z2_smartconnect_0_0/bd_0/ip/ip_14/bd_98e7_awni_0_clocks.xdc:66]
WARNING: [Vivado_Tcl 4-921] Waiver ID 'CDC-1' -to list should not be empty. [c:/selected_topics_hdmi/pyzq/hw/hw_proj/hw_proj.gen/sources_1/bd/video_out_pynq_z2/ip/video_out_pynq_z2_smartconnect_0_0/bd_0/ip/ip_14/bd_98e7_awni_0_clocks.xdc:70]
WARNING: [Vivado_Tcl 4-921] Waiver ID 'CDC-1' -to list should not be empty. [c:/selected_topics_hdmi/pyzq/hw/hw_proj/hw_proj.gen/sources_1/bd/video_out_pynq_z2/ip/video_out_pynq_z2_smartconnect_0_0/bd_0/ip/ip_14/bd_98e7_awni_0_clocks.xdc:82]
WARNING: [Vivado_Tcl 4-921] Waiver ID 'CDC-4' -to list should not be empty. [c:/selected_topics_hdmi/pyzq/hw/hw_proj/hw_proj.gen/sources_1/bd/video_out_pynq_z2/ip/video_out_pynq_z2_smartconnect_0_0/bd_0/ip/ip_14/bd_98e7_awni_0_clocks.xdc:85]
WARNING: [Vivado_Tcl 4-921] Waiver ID 'CDC-4' -to list should not be empty. [c:/selected_topics_hdmi/pyzq/hw/hw_proj/hw_proj.gen/sources_1/bd/video_out_pynq_z2/ip/video_out_pynq_z2_smartconnect_0_0/bd_0/ip/ip_14/bd_98e7_awni_0_clocks.xdc:88]
WARNING: [Vivado_Tcl 4-921] Waiver ID 'CDC-2' -to list should not be empty. [c:/selected_topics_hdmi/pyzq/hw/hw_proj/hw_proj.gen/sources_1/bd/video_out_pynq_z2/ip/video_out_pynq_z2_smartconnect_0_0/bd_0/ip/ip_14/bd_98e7_awni_0_clocks.xdc:91]
WARNING: [Vivado_Tcl 4-921] Waiver ID 'CDC-2' -to list should not be empty. [c:/selected_topics_hdmi/pyzq/hw/hw_proj/hw_proj.gen/sources_1/bd/video_out_pynq_z2/ip/video_out_pynq_z2_smartconnect_0_0/bd_0/ip/ip_14/bd_98e7_awni_0_clocks.xdc:94]
WARNING: [Vivado_Tcl 4-921] Waiver ID 'CDC-2' -to list should not be empty. [c:/selected_topics_hdmi/pyzq/hw/hw_proj/hw_proj.gen/sources_1/bd/video_out_pynq_z2/ip/video_out_pynq_z2_smartconnect_0_0/bd_0/ip/ip_14/bd_98e7_awni_0_clocks.xdc:97]
WARNING: [Vivado_Tcl 4-921] Waiver ID 'CDC-2' -to list should not be empty. [c:/selected_topics_hdmi/pyzq/hw/hw_proj/hw_proj.gen/sources_1/bd/video_out_pynq_z2/ip/video_out_pynq_z2_smartconnect_0_0/bd_0/ip/ip_14/bd_98e7_awni_0_clocks.xdc:100]
WARNING: [Vivado_Tcl 4-921] Waiver ID 'CDC-1' -to list should not be empty. [c:/selected_topics_hdmi/pyzq/hw/hw_proj/hw_proj.gen/sources_1/bd/video_out_pynq_z2/ip/video_out_pynq_z2_smartconnect_0_0/bd_0/ip/ip_14/bd_98e7_awni_0_clocks.xdc:104]
WARNING: [Vivado_Tcl 4-921] Waiver ID 'CDC-10' -to list should not be empty. [c:/selected_topics_hdmi/pyzq/hw/hw_proj/hw_proj.gen/sources_1/bd/video_out_pynq_z2/ip/video_out_pynq_z2_smartconnect_0_0/bd_0/ip/ip_14/bd_98e7_awni_0_clocks.xdc:107]
WARNING: [Vivado_Tcl 4-921] Waiver ID 'CDC-10' -to list should not be empty. [c:/selected_topics_hdmi/pyzq/hw/hw_proj/hw_proj.gen/sources_1/bd/video_out_pynq_z2/ip/video_out_pynq_z2_smartconnect_0_0/bd_0/ip/ip_14/bd_98e7_awni_0_clocks.xdc:110]
WARNING: [Vivado_Tcl 4-921] Waiver ID 'CDC-1' -to list should not be empty. [c:/selected_topics_hdmi/pyzq/hw/hw_proj/hw_proj.gen/sources_1/bd/video_out_pynq_z2/ip/video_out_pynq_z2_smartconnect_0_0/bd_0/ip/ip_14/bd_98e7_awni_0_clocks.xdc:113]
WARNING: [Vivado_Tcl 4-921] Waiver ID 'CDC-1' -to list should not be empty. [c:/selected_topics_hdmi/pyzq/hw/hw_proj/hw_proj.gen/sources_1/bd/video_out_pynq_z2/ip/video_out_pynq_z2_smartconnect_0_0/bd_0/ip/ip_14/bd_98e7_awni_0_clocks.xdc:116]
WARNING: [Vivado_Tcl 4-921] Waiver ID 'CDC-13' -to list should not be empty. [c:/selected_topics_hdmi/pyzq/hw/hw_proj/hw_proj.gen/sources_1/bd/video_out_pynq_z2/ip/video_out_pynq_z2_smartconnect_0_0/bd_0/ip/ip_14/bd_98e7_awni_0_clocks.xdc:122]
INFO: [Common 17-14] Message 'Vivado 12-180' appears 100 times and further instances of the messages will be disabled. Use the Tcl command set_msg_config to change the current settings. [c:/selected_topics_hdmi/pyzq/hw/hw_proj/hw_proj.gen/sources_1/bd/video_out_pynq_z2/ip/video_out_pynq_z2_smartconnect_0_0/bd_0/ip/ip_14/bd_98e7_awni_0_clocks.xdc:125]
WARNING: [Vivado_Tcl 4-921] Waiver ID 'CDC-1' -to list should not be empty. [c:/selected_topics_hdmi/pyzq/hw/hw_proj/hw_proj.gen/sources_1/bd/video_out_pynq_z2/ip/video_out_pynq_z2_smartconnect_0_0/bd_0/ip/ip_14/bd_98e7_awni_0_clocks.xdc:125]
WARNING: [Vivado_Tcl 4-921] Waiver ID 'CDC-1' -to list should not be empty. [c:/selected_topics_hdmi/pyzq/hw/hw_proj/hw_proj.gen/sources_1/bd/video_out_pynq_z2/ip/video_out_pynq_z2_smartconnect_0_0/bd_0/ip/ip_14/bd_98e7_awni_0_clocks.xdc:128]
WARNING: [Vivado_Tcl 4-921] Waiver ID 'CDC-13' -to list should not be empty. [c:/selected_topics_hdmi/pyzq/hw/hw_proj/hw_proj.gen/sources_1/bd/video_out_pynq_z2/ip/video_out_pynq_z2_smartconnect_0_0/bd_0/ip/ip_14/bd_98e7_awni_0_clocks.xdc:131]
WARNING: [Vivado_Tcl 4-921] Waiver ID 'CDC-1' -to list should not be empty. [c:/selected_topics_hdmi/pyzq/hw/hw_proj/hw_proj.gen/sources_1/bd/video_out_pynq_z2/ip/video_out_pynq_z2_smartconnect_0_0/bd_0/ip/ip_14/bd_98e7_awni_0_clocks.xdc:134]
WARNING: [Vivado_Tcl 4-921] Waiver ID 'CDC-10' -to list should not be empty. [c:/selected_topics_hdmi/pyzq/hw/hw_proj/hw_proj.gen/sources_1/bd/video_out_pynq_z2/ip/video_out_pynq_z2_smartconnect_0_0/bd_0/ip/ip_14/bd_98e7_awni_0_clocks.xdc:137]
WARNING: [Vivado_Tcl 4-921] Waiver ID 'CDC-1' -to list should not be empty. [c:/selected_topics_hdmi/pyzq/hw/hw_proj/hw_proj.gen/sources_1/bd/video_out_pynq_z2/ip/video_out_pynq_z2_smartconnect_0_0/bd_0/ip/ip_14/bd_98e7_awni_0_clocks.xdc:140]
WARNING: [Vivado_Tcl 4-921] Waiver ID 'CDC-1' -to list should not be empty. [c:/selected_topics_hdmi/pyzq/hw/hw_proj/hw_proj.gen/sources_1/bd/video_out_pynq_z2/ip/video_out_pynq_z2_smartconnect_0_0/bd_0/ip/ip_14/bd_98e7_awni_0_clocks.xdc:143]
INFO: [Common 17-14] Message 'Vivado_Tcl 4-921' appears 100 times and further instances of the messages will be disabled. Use the Tcl command set_msg_config to change the current settings. [c:/selected_topics_hdmi/pyzq/hw/hw_proj/hw_proj.gen/sources_1/bd/video_out_pynq_z2/ip/video_out_pynq_z2_smartconnect_0_0/bd_0/ip/ip_14/bd_98e7_awni_0_clocks.xdc:143]
Finished Parsing XDC File [c:/selected_topics_hdmi/pyzq/hw/hw_proj/hw_proj.gen/sources_1/bd/video_out_pynq_z2/ip/video_out_pynq_z2_smartconnect_0_0/bd_0/ip/ip_14/bd_98e7_awni_0_clocks.xdc] for cell 'video_out_pynq_z2_i/smartconnect_0/inst/switchboards/i_nodes/i_aw_node/inst'
Parsing XDC File [c:/selected_topics_hdmi/pyzq/hw/hw_proj/hw_proj.gen/sources_1/bd/video_out_pynq_z2/ip/video_out_pynq_z2_smartconnect_0_0/bd_0/ip/ip_15/bd_98e7_wni_0_clocks.xdc] for cell 'video_out_pynq_z2_i/smartconnect_0/inst/switchboards/i_nodes/i_w_node/inst'
Finished Parsing XDC File [c:/selected_topics_hdmi/pyzq/hw/hw_proj/hw_proj.gen/sources_1/bd/video_out_pynq_z2/ip/video_out_pynq_z2_smartconnect_0_0/bd_0/ip/ip_15/bd_98e7_wni_0_clocks.xdc] for cell 'video_out_pynq_z2_i/smartconnect_0/inst/switchboards/i_nodes/i_w_node/inst'
Parsing XDC File [c:/selected_topics_hdmi/pyzq/hw/hw_proj/hw_proj.gen/sources_1/bd/video_out_pynq_z2/ip/video_out_pynq_z2_smartconnect_0_0/bd_0/ip/ip_16/bd_98e7_bni_0_clocks.xdc] for cell 'video_out_pynq_z2_i/smartconnect_0/inst/switchboards/i_nodes/i_b_node/inst'
Finished Parsing XDC File [c:/selected_topics_hdmi/pyzq/hw/hw_proj/hw_proj.gen/sources_1/bd/video_out_pynq_z2/ip/video_out_pynq_z2_smartconnect_0_0/bd_0/ip/ip_16/bd_98e7_bni_0_clocks.xdc] for cell 'video_out_pynq_z2_i/smartconnect_0/inst/switchboards/i_nodes/i_b_node/inst'
Parsing XDC File [c:/selected_topics_hdmi/pyzq/hw/hw_proj/hw_proj.gen/sources_1/bd/video_out_pynq_z2/ip/video_out_pynq_z2_smartconnect_0_0/bd_0/ip/ip_21/bd_98e7_sarn_0_clocks.xdc] for cell 'video_out_pynq_z2_i/smartconnect_0/inst/s00_nodes/s00_ar_node/inst'
Finished Parsing XDC File [c:/selected_topics_hdmi/pyzq/hw/hw_proj/hw_proj.gen/sources_1/bd/video_out_pynq_z2/ip/video_out_pynq_z2_smartconnect_0_0/bd_0/ip/ip_21/bd_98e7_sarn_0_clocks.xdc] for cell 'video_out_pynq_z2_i/smartconnect_0/inst/s00_nodes/s00_ar_node/inst'
Parsing XDC File [c:/selected_topics_hdmi/pyzq/hw/hw_proj/hw_proj.gen/sources_1/bd/video_out_pynq_z2/ip/video_out_pynq_z2_smartconnect_0_0/bd_0/ip/ip_22/bd_98e7_srn_0_clocks.xdc] for cell 'video_out_pynq_z2_i/smartconnect_0/inst/s00_nodes/s00_r_node/inst'
Finished Parsing XDC File [c:/selected_topics_hdmi/pyzq/hw/hw_proj/hw_proj.gen/sources_1/bd/video_out_pynq_z2/ip/video_out_pynq_z2_smartconnect_0_0/bd_0/ip/ip_22/bd_98e7_srn_0_clocks.xdc] for cell 'video_out_pynq_z2_i/smartconnect_0/inst/s00_nodes/s00_r_node/inst'
Parsing XDC File [c:/selected_topics_hdmi/pyzq/hw/hw_proj/hw_proj.gen/sources_1/bd/video_out_pynq_z2/ip/video_out_pynq_z2_smartconnect_0_0/bd_0/ip/ip_23/bd_98e7_sawn_0_clocks.xdc] for cell 'video_out_pynq_z2_i/smartconnect_0/inst/s00_nodes/s00_aw_node/inst'
Finished Parsing XDC File [c:/selected_topics_hdmi/pyzq/hw/hw_proj/hw_proj.gen/sources_1/bd/video_out_pynq_z2/ip/video_out_pynq_z2_smartconnect_0_0/bd_0/ip/ip_23/bd_98e7_sawn_0_clocks.xdc] for cell 'video_out_pynq_z2_i/smartconnect_0/inst/s00_nodes/s00_aw_node/inst'
Parsing XDC File [c:/selected_topics_hdmi/pyzq/hw/hw_proj/hw_proj.gen/sources_1/bd/video_out_pynq_z2/ip/video_out_pynq_z2_smartconnect_0_0/bd_0/ip/ip_24/bd_98e7_swn_0_clocks.xdc] for cell 'video_out_pynq_z2_i/smartconnect_0/inst/s00_nodes/s00_w_node/inst'
Finished Parsing XDC File [c:/selected_topics_hdmi/pyzq/hw/hw_proj/hw_proj.gen/sources_1/bd/video_out_pynq_z2/ip/video_out_pynq_z2_smartconnect_0_0/bd_0/ip/ip_24/bd_98e7_swn_0_clocks.xdc] for cell 'video_out_pynq_z2_i/smartconnect_0/inst/s00_nodes/s00_w_node/inst'
Parsing XDC File [c:/selected_topics_hdmi/pyzq/hw/hw_proj/hw_proj.gen/sources_1/bd/video_out_pynq_z2/ip/video_out_pynq_z2_smartconnect_0_0/bd_0/ip/ip_25/bd_98e7_sbn_0_clocks.xdc] for cell 'video_out_pynq_z2_i/smartconnect_0/inst/s00_nodes/s00_b_node/inst'
Finished Parsing XDC File [c:/selected_topics_hdmi/pyzq/hw/hw_proj/hw_proj.gen/sources_1/bd/video_out_pynq_z2/ip/video_out_pynq_z2_smartconnect_0_0/bd_0/ip/ip_25/bd_98e7_sbn_0_clocks.xdc] for cell 'video_out_pynq_z2_i/smartconnect_0/inst/s00_nodes/s00_b_node/inst'
Parsing XDC File [c:/selected_topics_hdmi/pyzq/hw/hw_proj/hw_proj.gen/sources_1/bd/video_out_pynq_z2/ip/video_out_pynq_z2_smartconnect_0_0/bd_0/ip/ip_27/bd_98e7_m00arn_0_clocks.xdc] for cell 'video_out_pynq_z2_i/smartconnect_0/inst/m00_nodes/m00_ar_node/inst'
Finished Parsing XDC File [c:/selected_topics_hdmi/pyzq/hw/hw_proj/hw_proj.gen/sources_1/bd/video_out_pynq_z2/ip/video_out_pynq_z2_smartconnect_0_0/bd_0/ip/ip_27/bd_98e7_m00arn_0_clocks.xdc] for cell 'video_out_pynq_z2_i/smartconnect_0/inst/m00_nodes/m00_ar_node/inst'
Parsing XDC File [c:/selected_topics_hdmi/pyzq/hw/hw_proj/hw_proj.gen/sources_1/bd/video_out_pynq_z2/ip/video_out_pynq_z2_smartconnect_0_0/bd_0/ip/ip_28/bd_98e7_m00rn_0_clocks.xdc] for cell 'video_out_pynq_z2_i/smartconnect_0/inst/m00_nodes/m00_r_node/inst'
Finished Parsing XDC File [c:/selected_topics_hdmi/pyzq/hw/hw_proj/hw_proj.gen/sources_1/bd/video_out_pynq_z2/ip/video_out_pynq_z2_smartconnect_0_0/bd_0/ip/ip_28/bd_98e7_m00rn_0_clocks.xdc] for cell 'video_out_pynq_z2_i/smartconnect_0/inst/m00_nodes/m00_r_node/inst'
Parsing XDC File [c:/selected_topics_hdmi/pyzq/hw/hw_proj/hw_proj.gen/sources_1/bd/video_out_pynq_z2/ip/video_out_pynq_z2_smartconnect_0_0/bd_0/ip/ip_29/bd_98e7_m00awn_0_clocks.xdc] for cell 'video_out_pynq_z2_i/smartconnect_0/inst/m00_nodes/m00_aw_node/inst'
Finished Parsing XDC File [c:/selected_topics_hdmi/pyzq/hw/hw_proj/hw_proj.gen/sources_1/bd/video_out_pynq_z2/ip/video_out_pynq_z2_smartconnect_0_0/bd_0/ip/ip_29/bd_98e7_m00awn_0_clocks.xdc] for cell 'video_out_pynq_z2_i/smartconnect_0/inst/m00_nodes/m00_aw_node/inst'
Parsing XDC File [c:/selected_topics_hdmi/pyzq/hw/hw_proj/hw_proj.gen/sources_1/bd/video_out_pynq_z2/ip/video_out_pynq_z2_smartconnect_0_0/bd_0/ip/ip_30/bd_98e7_m00wn_0_clocks.xdc] for cell 'video_out_pynq_z2_i/smartconnect_0/inst/m00_nodes/m00_w_node/inst'
Finished Parsing XDC File [c:/selected_topics_hdmi/pyzq/hw/hw_proj/hw_proj.gen/sources_1/bd/video_out_pynq_z2/ip/video_out_pynq_z2_smartconnect_0_0/bd_0/ip/ip_30/bd_98e7_m00wn_0_clocks.xdc] for cell 'video_out_pynq_z2_i/smartconnect_0/inst/m00_nodes/m00_w_node/inst'
Parsing XDC File [c:/selected_topics_hdmi/pyzq/hw/hw_proj/hw_proj.gen/sources_1/bd/video_out_pynq_z2/ip/video_out_pynq_z2_smartconnect_0_0/bd_0/ip/ip_31/bd_98e7_m00bn_0_clocks.xdc] for cell 'video_out_pynq_z2_i/smartconnect_0/inst/m00_nodes/m00_b_node/inst'
Finished Parsing XDC File [c:/selected_topics_hdmi/pyzq/hw/hw_proj/hw_proj.gen/sources_1/bd/video_out_pynq_z2/ip/video_out_pynq_z2_smartconnect_0_0/bd_0/ip/ip_31/bd_98e7_m00bn_0_clocks.xdc] for cell 'video_out_pynq_z2_i/smartconnect_0/inst/m00_nodes/m00_b_node/inst'
Parsing XDC File [c:/selected_topics_hdmi/pyzq/hw/hw_proj/hw_proj.gen/sources_1/bd/video_out_pynq_z2/ip/video_out_pynq_z2_smartconnect_0_0/bd_0/ip/ip_34/bd_98e7_m01arn_0_clocks.xdc] for cell 'video_out_pynq_z2_i/smartconnect_0/inst/m01_nodes/m01_ar_node/inst'
Finished Parsing XDC File [c:/selected_topics_hdmi/pyzq/hw/hw_proj/hw_proj.gen/sources_1/bd/video_out_pynq_z2/ip/video_out_pynq_z2_smartconnect_0_0/bd_0/ip/ip_34/bd_98e7_m01arn_0_clocks.xdc] for cell 'video_out_pynq_z2_i/smartconnect_0/inst/m01_nodes/m01_ar_node/inst'
Parsing XDC File [c:/selected_topics_hdmi/pyzq/hw/hw_proj/hw_proj.gen/sources_1/bd/video_out_pynq_z2/ip/video_out_pynq_z2_smartconnect_0_0/bd_0/ip/ip_35/bd_98e7_m01rn_0_clocks.xdc] for cell 'video_out_pynq_z2_i/smartconnect_0/inst/m01_nodes/m01_r_node/inst'
Finished Parsing XDC File [c:/selected_topics_hdmi/pyzq/hw/hw_proj/hw_proj.gen/sources_1/bd/video_out_pynq_z2/ip/video_out_pynq_z2_smartconnect_0_0/bd_0/ip/ip_35/bd_98e7_m01rn_0_clocks.xdc] for cell 'video_out_pynq_z2_i/smartconnect_0/inst/m01_nodes/m01_r_node/inst'
Parsing XDC File [c:/selected_topics_hdmi/pyzq/hw/hw_proj/hw_proj.gen/sources_1/bd/video_out_pynq_z2/ip/video_out_pynq_z2_smartconnect_0_0/bd_0/ip/ip_36/bd_98e7_m01awn_0_clocks.xdc] for cell 'video_out_pynq_z2_i/smartconnect_0/inst/m01_nodes/m01_aw_node/inst'
Finished Parsing XDC File [c:/selected_topics_hdmi/pyzq/hw/hw_proj/hw_proj.gen/sources_1/bd/video_out_pynq_z2/ip/video_out_pynq_z2_smartconnect_0_0/bd_0/ip/ip_36/bd_98e7_m01awn_0_clocks.xdc] for cell 'video_out_pynq_z2_i/smartconnect_0/inst/m01_nodes/m01_aw_node/inst'
Parsing XDC File [c:/selected_topics_hdmi/pyzq/hw/hw_proj/hw_proj.gen/sources_1/bd/video_out_pynq_z2/ip/video_out_pynq_z2_smartconnect_0_0/bd_0/ip/ip_37/bd_98e7_m01wn_0_clocks.xdc] for cell 'video_out_pynq_z2_i/smartconnect_0/inst/m01_nodes/m01_w_node/inst'
Finished Parsing XDC File [c:/selected_topics_hdmi/pyzq/hw/hw_proj/hw_proj.gen/sources_1/bd/video_out_pynq_z2/ip/video_out_pynq_z2_smartconnect_0_0/bd_0/ip/ip_37/bd_98e7_m01wn_0_clocks.xdc] for cell 'video_out_pynq_z2_i/smartconnect_0/inst/m01_nodes/m01_w_node/inst'
Parsing XDC File [c:/selected_topics_hdmi/pyzq/hw/hw_proj/hw_proj.gen/sources_1/bd/video_out_pynq_z2/ip/video_out_pynq_z2_smartconnect_0_0/bd_0/ip/ip_38/bd_98e7_m01bn_0_clocks.xdc] for cell 'video_out_pynq_z2_i/smartconnect_0/inst/m01_nodes/m01_b_node/inst'
Finished Parsing XDC File [c:/selected_topics_hdmi/pyzq/hw/hw_proj/hw_proj.gen/sources_1/bd/video_out_pynq_z2/ip/video_out_pynq_z2_smartconnect_0_0/bd_0/ip/ip_38/bd_98e7_m01bn_0_clocks.xdc] for cell 'video_out_pynq_z2_i/smartconnect_0/inst/m01_nodes/m01_b_node/inst'
Parsing XDC File [c:/selected_topics_hdmi/pyzq/hw/hw_proj/hw_proj.gen/sources_1/bd/video_out_pynq_z2/ip/video_out_pynq_z2_smartconnect_0_0/bd_0/ip/ip_41/bd_98e7_m02arn_0_clocks.xdc] for cell 'video_out_pynq_z2_i/smartconnect_0/inst/m02_nodes/m02_ar_node/inst'
Finished Parsing XDC File [c:/selected_topics_hdmi/pyzq/hw/hw_proj/hw_proj.gen/sources_1/bd/video_out_pynq_z2/ip/video_out_pynq_z2_smartconnect_0_0/bd_0/ip/ip_41/bd_98e7_m02arn_0_clocks.xdc] for cell 'video_out_pynq_z2_i/smartconnect_0/inst/m02_nodes/m02_ar_node/inst'
Parsing XDC File [c:/selected_topics_hdmi/pyzq/hw/hw_proj/hw_proj.gen/sources_1/bd/video_out_pynq_z2/ip/video_out_pynq_z2_smartconnect_0_0/bd_0/ip/ip_42/bd_98e7_m02rn_0_clocks.xdc] for cell 'video_out_pynq_z2_i/smartconnect_0/inst/m02_nodes/m02_r_node/inst'
Finished Parsing XDC File [c:/selected_topics_hdmi/pyzq/hw/hw_proj/hw_proj.gen/sources_1/bd/video_out_pynq_z2/ip/video_out_pynq_z2_smartconnect_0_0/bd_0/ip/ip_42/bd_98e7_m02rn_0_clocks.xdc] for cell 'video_out_pynq_z2_i/smartconnect_0/inst/m02_nodes/m02_r_node/inst'
Parsing XDC File [c:/selected_topics_hdmi/pyzq/hw/hw_proj/hw_proj.gen/sources_1/bd/video_out_pynq_z2/ip/video_out_pynq_z2_smartconnect_0_0/bd_0/ip/ip_43/bd_98e7_m02awn_0_clocks.xdc] for cell 'video_out_pynq_z2_i/smartconnect_0/inst/m02_nodes/m02_aw_node/inst'
Finished Parsing XDC File [c:/selected_topics_hdmi/pyzq/hw/hw_proj/hw_proj.gen/sources_1/bd/video_out_pynq_z2/ip/video_out_pynq_z2_smartconnect_0_0/bd_0/ip/ip_43/bd_98e7_m02awn_0_clocks.xdc] for cell 'video_out_pynq_z2_i/smartconnect_0/inst/m02_nodes/m02_aw_node/inst'
Parsing XDC File [c:/selected_topics_hdmi/pyzq/hw/hw_proj/hw_proj.gen/sources_1/bd/video_out_pynq_z2/ip/video_out_pynq_z2_smartconnect_0_0/bd_0/ip/ip_44/bd_98e7_m02wn_0_clocks.xdc] for cell 'video_out_pynq_z2_i/smartconnect_0/inst/m02_nodes/m02_w_node/inst'
Finished Parsing XDC File [c:/selected_topics_hdmi/pyzq/hw/hw_proj/hw_proj.gen/sources_1/bd/video_out_pynq_z2/ip/video_out_pynq_z2_smartconnect_0_0/bd_0/ip/ip_44/bd_98e7_m02wn_0_clocks.xdc] for cell 'video_out_pynq_z2_i/smartconnect_0/inst/m02_nodes/m02_w_node/inst'
Parsing XDC File [c:/selected_topics_hdmi/pyzq/hw/hw_proj/hw_proj.gen/sources_1/bd/video_out_pynq_z2/ip/video_out_pynq_z2_smartconnect_0_0/bd_0/ip/ip_45/bd_98e7_m02bn_0_clocks.xdc] for cell 'video_out_pynq_z2_i/smartconnect_0/inst/m02_nodes/m02_b_node/inst'
Finished Parsing XDC File [c:/selected_topics_hdmi/pyzq/hw/hw_proj/hw_proj.gen/sources_1/bd/video_out_pynq_z2/ip/video_out_pynq_z2_smartconnect_0_0/bd_0/ip/ip_45/bd_98e7_m02bn_0_clocks.xdc] for cell 'video_out_pynq_z2_i/smartconnect_0/inst/m02_nodes/m02_b_node/inst'
Parsing XDC File [c:/selected_topics_hdmi/pyzq/hw/hw_proj/hw_proj.gen/sources_1/bd/video_out_pynq_z2/ip/video_out_pynq_z2_smartconnect_0_0/bd_0/ip/ip_48/bd_98e7_m03arn_0_clocks.xdc] for cell 'video_out_pynq_z2_i/smartconnect_0/inst/m03_nodes/m03_ar_node/inst'
Finished Parsing XDC File [c:/selected_topics_hdmi/pyzq/hw/hw_proj/hw_proj.gen/sources_1/bd/video_out_pynq_z2/ip/video_out_pynq_z2_smartconnect_0_0/bd_0/ip/ip_48/bd_98e7_m03arn_0_clocks.xdc] for cell 'video_out_pynq_z2_i/smartconnect_0/inst/m03_nodes/m03_ar_node/inst'
Parsing XDC File [c:/selected_topics_hdmi/pyzq/hw/hw_proj/hw_proj.gen/sources_1/bd/video_out_pynq_z2/ip/video_out_pynq_z2_smartconnect_0_0/bd_0/ip/ip_49/bd_98e7_m03rn_0_clocks.xdc] for cell 'video_out_pynq_z2_i/smartconnect_0/inst/m03_nodes/m03_r_node/inst'
Finished Parsing XDC File [c:/selected_topics_hdmi/pyzq/hw/hw_proj/hw_proj.gen/sources_1/bd/video_out_pynq_z2/ip/video_out_pynq_z2_smartconnect_0_0/bd_0/ip/ip_49/bd_98e7_m03rn_0_clocks.xdc] for cell 'video_out_pynq_z2_i/smartconnect_0/inst/m03_nodes/m03_r_node/inst'
Parsing XDC File [c:/selected_topics_hdmi/pyzq/hw/hw_proj/hw_proj.gen/sources_1/bd/video_out_pynq_z2/ip/video_out_pynq_z2_smartconnect_0_0/bd_0/ip/ip_50/bd_98e7_m03awn_0_clocks.xdc] for cell 'video_out_pynq_z2_i/smartconnect_0/inst/m03_nodes/m03_aw_node/inst'
Finished Parsing XDC File [c:/selected_topics_hdmi/pyzq/hw/hw_proj/hw_proj.gen/sources_1/bd/video_out_pynq_z2/ip/video_out_pynq_z2_smartconnect_0_0/bd_0/ip/ip_50/bd_98e7_m03awn_0_clocks.xdc] for cell 'video_out_pynq_z2_i/smartconnect_0/inst/m03_nodes/m03_aw_node/inst'
Parsing XDC File [c:/selected_topics_hdmi/pyzq/hw/hw_proj/hw_proj.gen/sources_1/bd/video_out_pynq_z2/ip/video_out_pynq_z2_smartconnect_0_0/bd_0/ip/ip_51/bd_98e7_m03wn_0_clocks.xdc] for cell 'video_out_pynq_z2_i/smartconnect_0/inst/m03_nodes/m03_w_node/inst'
Finished Parsing XDC File [c:/selected_topics_hdmi/pyzq/hw/hw_proj/hw_proj.gen/sources_1/bd/video_out_pynq_z2/ip/video_out_pynq_z2_smartconnect_0_0/bd_0/ip/ip_51/bd_98e7_m03wn_0_clocks.xdc] for cell 'video_out_pynq_z2_i/smartconnect_0/inst/m03_nodes/m03_w_node/inst'
Parsing XDC File [c:/selected_topics_hdmi/pyzq/hw/hw_proj/hw_proj.gen/sources_1/bd/video_out_pynq_z2/ip/video_out_pynq_z2_smartconnect_0_0/bd_0/ip/ip_52/bd_98e7_m03bn_0_clocks.xdc] for cell 'video_out_pynq_z2_i/smartconnect_0/inst/m03_nodes/m03_b_node/inst'
Finished Parsing XDC File [c:/selected_topics_hdmi/pyzq/hw/hw_proj/hw_proj.gen/sources_1/bd/video_out_pynq_z2/ip/video_out_pynq_z2_smartconnect_0_0/bd_0/ip/ip_52/bd_98e7_m03bn_0_clocks.xdc] for cell 'video_out_pynq_z2_i/smartconnect_0/inst/m03_nodes/m03_b_node/inst'
Parsing XDC File [c:/selected_topics_hdmi/pyzq/hw/hw_proj/hw_proj.gen/sources_1/bd/video_out_pynq_z2/ip/video_out_pynq_z2_smartconnect_0_0/bd_0/ip/ip_55/bd_98e7_m04arn_0_clocks.xdc] for cell 'video_out_pynq_z2_i/smartconnect_0/inst/m04_nodes/m04_ar_node/inst'
Finished Parsing XDC File [c:/selected_topics_hdmi/pyzq/hw/hw_proj/hw_proj.gen/sources_1/bd/video_out_pynq_z2/ip/video_out_pynq_z2_smartconnect_0_0/bd_0/ip/ip_55/bd_98e7_m04arn_0_clocks.xdc] for cell 'video_out_pynq_z2_i/smartconnect_0/inst/m04_nodes/m04_ar_node/inst'
Parsing XDC File [c:/selected_topics_hdmi/pyzq/hw/hw_proj/hw_proj.gen/sources_1/bd/video_out_pynq_z2/ip/video_out_pynq_z2_smartconnect_0_0/bd_0/ip/ip_56/bd_98e7_m04rn_0_clocks.xdc] for cell 'video_out_pynq_z2_i/smartconnect_0/inst/m04_nodes/m04_r_node/inst'
Finished Parsing XDC File [c:/selected_topics_hdmi/pyzq/hw/hw_proj/hw_proj.gen/sources_1/bd/video_out_pynq_z2/ip/video_out_pynq_z2_smartconnect_0_0/bd_0/ip/ip_56/bd_98e7_m04rn_0_clocks.xdc] for cell 'video_out_pynq_z2_i/smartconnect_0/inst/m04_nodes/m04_r_node/inst'
Parsing XDC File [c:/selected_topics_hdmi/pyzq/hw/hw_proj/hw_proj.gen/sources_1/bd/video_out_pynq_z2/ip/video_out_pynq_z2_smartconnect_0_0/bd_0/ip/ip_57/bd_98e7_m04awn_0_clocks.xdc] for cell 'video_out_pynq_z2_i/smartconnect_0/inst/m04_nodes/m04_aw_node/inst'
Finished Parsing XDC File [c:/selected_topics_hdmi/pyzq/hw/hw_proj/hw_proj.gen/sources_1/bd/video_out_pynq_z2/ip/video_out_pynq_z2_smartconnect_0_0/bd_0/ip/ip_57/bd_98e7_m04awn_0_clocks.xdc] for cell 'video_out_pynq_z2_i/smartconnect_0/inst/m04_nodes/m04_aw_node/inst'
Parsing XDC File [c:/selected_topics_hdmi/pyzq/hw/hw_proj/hw_proj.gen/sources_1/bd/video_out_pynq_z2/ip/video_out_pynq_z2_smartconnect_0_0/bd_0/ip/ip_58/bd_98e7_m04wn_0_clocks.xdc] for cell 'video_out_pynq_z2_i/smartconnect_0/inst/m04_nodes/m04_w_node/inst'
Finished Parsing XDC File [c:/selected_topics_hdmi/pyzq/hw/hw_proj/hw_proj.gen/sources_1/bd/video_out_pynq_z2/ip/video_out_pynq_z2_smartconnect_0_0/bd_0/ip/ip_58/bd_98e7_m04wn_0_clocks.xdc] for cell 'video_out_pynq_z2_i/smartconnect_0/inst/m04_nodes/m04_w_node/inst'
Parsing XDC File [c:/selected_topics_hdmi/pyzq/hw/hw_proj/hw_proj.gen/sources_1/bd/video_out_pynq_z2/ip/video_out_pynq_z2_smartconnect_0_0/bd_0/ip/ip_59/bd_98e7_m04bn_0_clocks.xdc] for cell 'video_out_pynq_z2_i/smartconnect_0/inst/m04_nodes/m04_b_node/inst'
Finished Parsing XDC File [c:/selected_topics_hdmi/pyzq/hw/hw_proj/hw_proj.gen/sources_1/bd/video_out_pynq_z2/ip/video_out_pynq_z2_smartconnect_0_0/bd_0/ip/ip_59/bd_98e7_m04bn_0_clocks.xdc] for cell 'video_out_pynq_z2_i/smartconnect_0/inst/m04_nodes/m04_b_node/inst'
Parsing XDC File [c:/selected_topics_hdmi/pyzq/hw/hw_proj/hw_proj.gen/sources_1/bd/video_out_pynq_z2/ip/video_out_pynq_z2_smartconnect_0_0/smartconnect.xdc] for cell 'video_out_pynq_z2_i/smartconnect_0/inst'
WARNING: [Vivado_Tcl 4-919] Waiver ID 'CDC-1' -from list should not be empty. [c:/selected_topics_hdmi/pyzq/hw/hw_proj/hw_proj.gen/sources_1/bd/video_out_pynq_z2/ip/video_out_pynq_z2_smartconnect_0_0/smartconnect.xdc:10]
Finished Parsing XDC File [c:/selected_topics_hdmi/pyzq/hw/hw_proj/hw_proj.gen/sources_1/bd/video_out_pynq_z2/ip/video_out_pynq_z2_smartconnect_0_0/smartconnect.xdc] for cell 'video_out_pynq_z2_i/smartconnect_0/inst'
CRITICAL WARNING: [Designutils 20-1280] Could not find module 'ila_refclk'. The XDC file c:/selected_topics_hdmi/pyzq/hw/hw_proj/hw_proj.gen/sources_1/bd/video_out_pynq_z2/ip/video_out_pynq_z2_dvi2rgb_0_0/src/ila_refclk/ila_v6_2/constraints/ila.xdc will not be read for any cell of this module.
CRITICAL WARNING: [Designutils 20-1280] Could not find module 'ila_pixclk'. The XDC file c:/selected_topics_hdmi/pyzq/hw/hw_proj/hw_proj.gen/sources_1/bd/video_out_pynq_z2/ip/video_out_pynq_z2_dvi2rgb_0_0/src/ila_pixclk/ila_v6_2/constraints/ila.xdc will not be read for any cell of this module.
Parsing XDC File [c:/selected_topics_hdmi/pyzq/hw/hw_proj/hw_proj.gen/sources_1/bd/video_out_pynq_z2/ip/video_out_pynq_z2_dvi2rgb_0_0/src/dvi2rgb.xdc] for cell 'video_out_pynq_z2_i/dvi2rgb_0/U0'
Finished Parsing XDC File [c:/selected_topics_hdmi/pyzq/hw/hw_proj/hw_proj.gen/sources_1/bd/video_out_pynq_z2/ip/video_out_pynq_z2_dvi2rgb_0_0/src/dvi2rgb.xdc] for cell 'video_out_pynq_z2_i/dvi2rgb_0/U0'
Parsing XDC File [c:/selected_topics_hdmi/pyzq/hw/hw_proj/hw_proj.gen/sources_1/bd/video_out_pynq_z2/ip/video_out_pynq_z2_axi_gpio_1_0/video_out_pynq_z2_axi_gpio_1_0_board.xdc] for cell 'video_out_pynq_z2_i/axi_gpio_1/U0'
Finished Parsing XDC File [c:/selected_topics_hdmi/pyzq/hw/hw_proj/hw_proj.gen/sources_1/bd/video_out_pynq_z2/ip/video_out_pynq_z2_axi_gpio_1_0/video_out_pynq_z2_axi_gpio_1_0_board.xdc] for cell 'video_out_pynq_z2_i/axi_gpio_1/U0'
Parsing XDC File [c:/selected_topics_hdmi/pyzq/hw/hw_proj/hw_proj.gen/sources_1/bd/video_out_pynq_z2/ip/video_out_pynq_z2_axi_gpio_1_0/video_out_pynq_z2_axi_gpio_1_0.xdc] for cell 'video_out_pynq_z2_i/axi_gpio_1/U0'
Finished Parsing XDC File [c:/selected_topics_hdmi/pyzq/hw/hw_proj/hw_proj.gen/sources_1/bd/video_out_pynq_z2/ip/video_out_pynq_z2_axi_gpio_1_0/video_out_pynq_z2_axi_gpio_1_0.xdc] for cell 'video_out_pynq_z2_i/axi_gpio_1/U0'
Parsing XDC File [c:/selected_topics_hdmi/pyzq/hw/hw_proj/hw_proj.gen/sources_1/bd/video_out_pynq_z2/ip/video_out_pynq_z2_axi_gpio_2_0/video_out_pynq_z2_axi_gpio_2_0_board.xdc] for cell 'video_out_pynq_z2_i/axi_gpio_2/U0'
Finished Parsing XDC File [c:/selected_topics_hdmi/pyzq/hw/hw_proj/hw_proj.gen/sources_1/bd/video_out_pynq_z2/ip/video_out_pynq_z2_axi_gpio_2_0/video_out_pynq_z2_axi_gpio_2_0_board.xdc] for cell 'video_out_pynq_z2_i/axi_gpio_2/U0'
Parsing XDC File [c:/selected_topics_hdmi/pyzq/hw/hw_proj/hw_proj.gen/sources_1/bd/video_out_pynq_z2/ip/video_out_pynq_z2_axi_gpio_2_0/video_out_pynq_z2_axi_gpio_2_0.xdc] for cell 'video_out_pynq_z2_i/axi_gpio_2/U0'
Finished Parsing XDC File [c:/selected_topics_hdmi/pyzq/hw/hw_proj/hw_proj.gen/sources_1/bd/video_out_pynq_z2/ip/video_out_pynq_z2_axi_gpio_2_0/video_out_pynq_z2_axi_gpio_2_0.xdc] for cell 'video_out_pynq_z2_i/axi_gpio_2/U0'
Parsing XDC File [C:/selected_topics_hdmi/pyzq/hw/hw_proj/hw_proj.srcs/constrs_1/imports/constr/hw_constr.xdc]
Finished Parsing XDC File [C:/selected_topics_hdmi/pyzq/hw/hw_proj/hw_proj.srcs/constrs_1/imports/constr/hw_constr.xdc]
Parsing XDC File [c:/selected_topics_hdmi/pyzq/hw/hw_proj/hw_proj.gen/sources_1/bd/video_out_pynq_z2/ip/video_out_pynq_z2_rgb2dvi_0_0/src/rgb2dvi_clocks.xdc] for cell 'video_out_pynq_z2_i/rgb2dvi_0/U0'
Finished Parsing XDC File [c:/selected_topics_hdmi/pyzq/hw/hw_proj/hw_proj.gen/sources_1/bd/video_out_pynq_z2/ip/video_out_pynq_z2_rgb2dvi_0_0/src/rgb2dvi_clocks.xdc] for cell 'video_out_pynq_z2_i/rgb2dvi_0/U0'
Parsing XDC File [c:/selected_topics_hdmi/pyzq/hw/hw_proj/hw_proj.gen/sources_1/bd/video_out_pynq_z2/ip/video_out_pynq_z2_v_axi4s_vid_out_0_0/video_out_pynq_z2_v_axi4s_vid_out_0_0_clocks.xdc] for cell 'video_out_pynq_z2_i/v_axi4s_vid_out_0/inst'
Finished Parsing XDC File [c:/selected_topics_hdmi/pyzq/hw/hw_proj/hw_proj.gen/sources_1/bd/video_out_pynq_z2/ip/video_out_pynq_z2_v_axi4s_vid_out_0_0/video_out_pynq_z2_v_axi4s_vid_out_0_0_clocks.xdc] for cell 'video_out_pynq_z2_i/v_axi4s_vid_out_0/inst'
Parsing XDC File [c:/selected_topics_hdmi/pyzq/hw/hw_proj/hw_proj.gen/sources_1/bd/video_out_pynq_z2/ip/video_out_pynq_z2_v_tc_0_0/video_out_pynq_z2_v_tc_0_0_clocks.xdc] for cell 'video_out_pynq_z2_i/v_tc_0/U0'
Finished Parsing XDC File [c:/selected_topics_hdmi/pyzq/hw/hw_proj/hw_proj.gen/sources_1/bd/video_out_pynq_z2/ip/video_out_pynq_z2_v_tc_0_0/video_out_pynq_z2_v_tc_0_0_clocks.xdc] for cell 'video_out_pynq_z2_i/v_tc_0/U0'
Parsing XDC File [c:/selected_topics_hdmi/pyzq/hw/hw_proj/hw_proj.gen/sources_1/bd/video_out_pynq_z2/ip/video_out_pynq_z2_dvi2rgb_0_0/src/ila_timing_workaround.xdc] for cell 'video_out_pynq_z2_i/dvi2rgb_0/U0'
Finished Parsing XDC File [c:/selected_topics_hdmi/pyzq/hw/hw_proj/hw_proj.gen/sources_1/bd/video_out_pynq_z2/ip/video_out_pynq_z2_dvi2rgb_0_0/src/ila_timing_workaround.xdc] for cell 'video_out_pynq_z2_i/dvi2rgb_0/U0'
Parsing XDC File [c:/selected_topics_hdmi/pyzq/hw/hw_proj/hw_proj.gen/sources_1/bd/video_out_pynq_z2/ip/video_out_pynq_z2_v_vid_in_axi4s_0_0/video_out_pynq_z2_v_vid_in_axi4s_0_0_clocks.xdc] for cell 'video_out_pynq_z2_i/v_vid_in_axi4s_0/inst'
Finished Parsing XDC File [c:/selected_topics_hdmi/pyzq/hw/hw_proj/hw_proj.gen/sources_1/bd/video_out_pynq_z2/ip/video_out_pynq_z2_v_vid_in_axi4s_0_0/video_out_pynq_z2_v_vid_in_axi4s_0_0_clocks.xdc] for cell 'video_out_pynq_z2_i/v_vid_in_axi4s_0/inst'
Parsing XDC File [c:/selected_topics_hdmi/pyzq/hw/hw_proj/hw_proj.gen/sources_1/bd/video_out_pynq_z2/ip/video_out_pynq_z2_axis_register_slice_0_0/video_out_pynq_z2_axis_register_slice_0_0_clocks.xdc] for cell 'video_out_pynq_z2_i/axis_register_slice_0/inst'
Finished Parsing XDC File [c:/selected_topics_hdmi/pyzq/hw/hw_proj/hw_proj.gen/sources_1/bd/video_out_pynq_z2/ip/video_out_pynq_z2_axis_register_slice_0_0/video_out_pynq_z2_axis_register_slice_0_0_clocks.xdc] for cell 'video_out_pynq_z2_i/axis_register_slice_0/inst'
INFO: [Project 1-1714] 99 XPM XDC files have been applied to the design.
INFO: [Opt 31-138] Pushed 0 inverter(s) to 0 load pin(s).
INFO: [Project 1-1687] 1528 scoped IP constraints or related sub-commands were skipped due to synthesis logic optimizations usually triggered by constant connectivity or unconnected output pins. To review the skipped constraints and messages, run the command 'set_param netlist.IPMsgFiltering false' before opening the design.
Netlist sorting complete. Time (s): cpu = 00:00:00 ; elapsed = 00:00:00.007 . Memory (MB): peak = 1820.910 ; gain = 0.000
INFO: [Project 1-111] Unisim Transformation Summary:
  A total of 233 instances were transformed.
  IOBUF => IOBUF (IBUF, OBUFT): 2 instances
  RAM256X1S => RAM256X1S (MUXF7(x2), MUXF8, RAMS64E(x4)): 225 instances
  RAM32M => RAM32M (RAMD32(x6), RAMS32(x2)): 6 instances

The system cannot find the path specified.
36 Infos, 103 Warnings, 102 Critical Warnings and 0 Errors encountered.
link_design completed successfully
link_design: Time (s): cpu = 00:00:19 ; elapsed = 00:00:22 . Memory (MB): peak = 1820.910 ; gain = 1251.000
Command: opt_design
Attempting to get a license for feature 'Implementation' and/or device 'xc7z020'
INFO: [Common 17-349] Got license for feature 'Implementation' and/or device 'xc7z020'
Running DRC as a precondition to command opt_design

Starting DRC Task
INFO: [DRC 23-27] Running DRC with 2 threads
INFO: [Project 1-461] DRC finished with 0 Errors
INFO: [Project 1-462] Please refer to the DRC report (report_drc) for more information.

Time (s): cpu = 00:00:02 ; elapsed = 00:00:01 . Memory (MB): peak = 1820.910 ; gain = 0.000

Starting Cache Timing Information Task
INFO: [Timing 38-35] Done setting XDC timing constraints.
Ending Cache Timing Information Task | Checksum: 27be66fd3

Time (s): cpu = 00:00:01 ; elapsed = 00:00:00.846 . Memory (MB): peak = 1820.910 ; gain = 0.000

Starting Logic Optimization Task

Phase 1 Initialization

Phase 1.1 Core Generation And Design Setup
Phase 1.1 Core Generation And Design Setup | Checksum: 27be66fd3

Time (s): cpu = 00:00:00 ; elapsed = 00:00:00.004 . Memory (MB): peak = 2189.285 ; gain = 0.000

Phase 1.2 Setup Constraints And Sort Netlist
Phase 1.2 Setup Constraints And Sort Netlist | Checksum: 27be66fd3

Time (s): cpu = 00:00:00 ; elapsed = 00:00:00.012 . Memory (MB): peak = 2189.285 ; gain = 0.000
Phase 1 Initialization | Checksum: 27be66fd3

Time (s): cpu = 00:00:00 ; elapsed = 00:00:00.014 . Memory (MB): peak = 2189.285 ; gain = 0.000

Phase 2 Timer Update And Timing Data Collection

Phase 2.1 Timer Update
Phase 2.1 Timer Update | Checksum: 27be66fd3

Time (s): cpu = 00:00:01 ; elapsed = 00:00:00.275 . Memory (MB): peak = 2189.285 ; gain = 0.000

Phase 2.2 Timing Data Collection
Phase 2.2 Timing Data Collection | Checksum: 27be66fd3

Time (s): cpu = 00:00:01 ; elapsed = 00:00:00.309 . Memory (MB): peak = 2189.285 ; gain = 0.000
Phase 2 Timer Update And Timing Data Collection | Checksum: 27be66fd3

Time (s): cpu = 00:00:01 ; elapsed = 00:00:00.311 . Memory (MB): peak = 2189.285 ; gain = 0.000

Phase 3 Retarget
INFO: [Opt 31-1566] Pulled 10 inverters resulting in an inversion of 69 pins
INFO: [Opt 31-138] Pushed 8 inverter(s) to 57 load pin(s).
INFO: [Opt 31-49] Retargeted 0 cell(s).
Phase 3 Retarget | Checksum: 21c743278

Time (s): cpu = 00:00:01 ; elapsed = 00:00:00.535 . Memory (MB): peak = 2189.285 ; gain = 0.000
Retarget | Checksum: 21c743278
INFO: [Opt 31-389] Phase Retarget created 241 cells and removed 288 cells
INFO: [Opt 31-1021] In phase Retarget, 334 netlist objects are constrained preventing optimization. Please run opt_design with -debug_log to get more detail. 

Phase 4 Constant propagation
INFO: [Opt 31-138] Pushed 1 inverter(s) to 2 load pin(s).
Phase 4 Constant propagation | Checksum: 2e6d0b3b0

Time (s): cpu = 00:00:01 ; elapsed = 00:00:00.646 . Memory (MB): peak = 2189.285 ; gain = 0.000
Constant propagation | Checksum: 2e6d0b3b0
INFO: [Opt 31-389] Phase Constant propagation created 10 cells and removed 412 cells
INFO: [Opt 31-1021] In phase Constant propagation, 533 netlist objects are constrained preventing optimization. Please run opt_design with -debug_log to get more detail. 

Phase 5 Sweep
Phase 5 Sweep | Checksum: 1f8f961d0

Time (s): cpu = 00:00:02 ; elapsed = 00:00:01 . Memory (MB): peak = 2189.285 ; gain = 0.000
Sweep | Checksum: 1f8f961d0
INFO: [Opt 31-389] Phase Sweep created 1 cells and removed 1752 cells
INFO: [Opt 31-1021] In phase Sweep, 183 netlist objects are constrained preventing optimization. Please run opt_design with -debug_log to get more detail. 

Phase 6 BUFG optimization
INFO: [Opt 31-194] Inserted BUFG video_out_pynq_z2_i/rgb2dvi_0/U0/ClockGenInternal.ClockGenX/PixelClk_BUFG_inst to drive 8 load(s) on clock net video_out_pynq_z2_i/rgb2dvi_0/U0/ClockGenInternal.ClockGenX/PixelClk_BUFG
INFO: [Opt 31-194] Inserted BUFG video_out_pynq_z2_i/rgb2dvi_0/U0/ClockGenInternal.ClockGenX/SerialClk_BUFG_inst to drive 8 load(s) on clock net video_out_pynq_z2_i/rgb2dvi_0/U0/ClockGenInternal.ClockGenX/SerialClk_BUFG
INFO: [Opt 31-193] Inserted 2 BUFG(s) on clock nets
Phase 6 BUFG optimization | Checksum: 2e19d00f4

Time (s): cpu = 00:00:02 ; elapsed = 00:00:02 . Memory (MB): peak = 2189.285 ; gain = 0.000
BUFG optimization | Checksum: 2e19d00f4
INFO: [Opt 31-662] Phase BUFG optimization created 2 cells of which 2 are BUFGs and removed 0 cells.

Phase 7 Shift Register Optimization
INFO: [Opt 31-1064] SRL Remap converted 0 SRLs to 0 registers and converted 0 registers of register chains to 0 SRLs
Phase 7 Shift Register Optimization | Checksum: 2e19d00f4

Time (s): cpu = 00:00:02 ; elapsed = 00:00:02 . Memory (MB): peak = 2189.285 ; gain = 0.000
Shift Register Optimization | Checksum: 2e19d00f4
INFO: [Opt 31-389] Phase Shift Register Optimization created 0 cells and removed 0 cells

Phase 8 Post Processing Netlist
Phase 8 Post Processing Netlist | Checksum: 273c8eca4

Time (s): cpu = 00:00:02 ; elapsed = 00:00:02 . Memory (MB): peak = 2189.285 ; gain = 0.000
Post Processing Netlist | Checksum: 273c8eca4
INFO: [Opt 31-389] Phase Post Processing Netlist created 0 cells and removed 0 cells
INFO: [Opt 31-1021] In phase Post Processing Netlist, 170 netlist objects are constrained preventing optimization. Please run opt_design with -debug_log to get more detail. 

Phase 9 Finalization

Phase 9.1 Finalizing Design Cores and Updating Shapes
Phase 9.1 Finalizing Design Cores and Updating Shapes | Checksum: 24cdc2884

Time (s): cpu = 00:00:02 ; elapsed = 00:00:02 . Memory (MB): peak = 2189.285 ; gain = 0.000

Phase 9.2 Verifying Netlist Connectivity

Starting Connectivity Check Task

Time (s): cpu = 00:00:00 ; elapsed = 00:00:00.024 . Memory (MB): peak = 2189.285 ; gain = 0.000
Phase 9.2 Verifying Netlist Connectivity | Checksum: 24cdc2884

Time (s): cpu = 00:00:02 ; elapsed = 00:00:02 . Memory (MB): peak = 2189.285 ; gain = 0.000
Phase 9 Finalization | Checksum: 24cdc2884

Time (s): cpu = 00:00:02 ; elapsed = 00:00:02 . Memory (MB): peak = 2189.285 ; gain = 0.000
Opt_design Change Summary
=========================


-------------------------------------------------------------------------------------------------------------------------
|  Phase                        |  #Cells created  |  #Cells Removed  |  #Constrained objects preventing optimizations  |
-------------------------------------------------------------------------------------------------------------------------
|  Retarget                     |             241  |             288  |                                            334  |
|  Constant propagation         |              10  |             412  |                                            533  |
|  Sweep                        |               1  |            1752  |                                            183  |
|  BUFG optimization            |               2  |               0  |                                              0  |
|  Shift Register Optimization  |               0  |               0  |                                              0  |
|  Post Processing Netlist      |               0  |               0  |                                            170  |
-------------------------------------------------------------------------------------------------------------------------


Ending Logic Optimization Task | Checksum: 24cdc2884

Time (s): cpu = 00:00:03 ; elapsed = 00:00:02 . Memory (MB): peak = 2189.285 ; gain = 0.000
INFO: [Constraints 18-11670] Building netlist checker database with flags, 0x8
Done building netlist checker database: Time (s): cpu = 00:00:00 ; elapsed = 00:00:00.006 . Memory (MB): peak = 2189.285 ; gain = 0.000

Starting Power Optimization Task
INFO: [Pwropt 34-132] Skipping clock gating for clocks with a period < 2.00 ns.
INFO: [Pwropt 34-9] Applying IDT optimizations ...
INFO: [Pwropt 34-10] Applying ODC optimizations ...
INFO: [Timing 38-35] Done setting XDC timing constraints.
Running Vector-less Activity Propagation...

Finished Running Vector-less Activity Propagation


Starting PowerOpt Patch Enables Task
INFO: [Pwropt 34-162] WRITE_MODE attribute of 0 BRAM(s) out of a total of 9 has been updated to save power. Run report_power_opt to get a complete listing of the BRAMs updated.
INFO: [Pwropt 34-201] Structural ODC has moved 0 WE to EN ports
Number of BRAM Ports augmented: 8 newly gated: 0 Total Ports: 18
Ending PowerOpt Patch Enables Task | Checksum: 1be884769

Time (s): cpu = 00:00:00 ; elapsed = 00:00:00.085 . Memory (MB): peak = 2423.898 ; gain = 0.000
Ending Power Optimization Task | Checksum: 1be884769

Time (s): cpu = 00:00:05 ; elapsed = 00:00:03 . Memory (MB): peak = 2423.898 ; gain = 234.613

Starting Final Cleanup Task
Ending Final Cleanup Task | Checksum: 1be884769

Time (s): cpu = 00:00:00 ; elapsed = 00:00:00.005 . Memory (MB): peak = 2423.898 ; gain = 0.000

Starting Netlist Obfuscation Task
Netlist sorting complete. Time (s): cpu = 00:00:00 ; elapsed = 00:00:00.019 . Memory (MB): peak = 2423.898 ; gain = 0.000
Ending Netlist Obfuscation Task | Checksum: 147e7dcaf

Time (s): cpu = 00:00:00 ; elapsed = 00:00:00.025 . Memory (MB): peak = 2423.898 ; gain = 0.000
INFO: [Common 17-83] Releasing license: Implementation
67 Infos, 103 Warnings, 102 Critical Warnings and 0 Errors encountered.
opt_design completed successfully
opt_design: Time (s): cpu = 00:00:14 ; elapsed = 00:00:11 . Memory (MB): peak = 2423.898 ; gain = 602.988
INFO: [runtcl-4] Executing : report_drc -file video_out_pynq_z2_wrapper_drc_opted.rpt -pb video_out_pynq_z2_wrapper_drc_opted.pb -rpx video_out_pynq_z2_wrapper_drc_opted.rpx
Command: report_drc -file video_out_pynq_z2_wrapper_drc_opted.rpt -pb video_out_pynq_z2_wrapper_drc_opted.pb -rpx video_out_pynq_z2_wrapper_drc_opted.rpx
INFO: [IP_Flow 19-1839] IP Catalog is up to date.
INFO: [DRC 23-27] Running DRC with 2 threads
INFO: [Vivado_Tcl 2-168] The results of DRC are in file C:/selected_topics_hdmi/pyzq/hw/hw_proj/hw_proj.runs/impl_1/video_out_pynq_z2_wrapper_drc_opted.rpt.
report_drc completed successfully
INFO: [Timing 38-35] Done setting XDC timing constraints.
INFO: [Timing 38-480] Writing timing data to binary archive.
Wrote PlaceDB: Time (s): cpu = 00:00:00 ; elapsed = 00:00:00.022 . Memory (MB): peak = 2423.898 ; gain = 0.000
Wrote PulsedLatchDB: Time (s): cpu = 00:00:00 ; elapsed = 00:00:00 . Memory (MB): peak = 2423.898 ; gain = 0.000
Writing XDEF routing.
Write ShapeDB Complete: Time (s): cpu = 00:00:00 ; elapsed = 00:00:00.029 . Memory (MB): peak = 2423.898 ; gain = 0.000
Writing XDEF routing logical nets.
Writing XDEF routing special nets.
Wrote RouteStorage: Time (s): cpu = 00:00:00 ; elapsed = 00:00:00.053 . Memory (MB): peak = 2423.898 ; gain = 0.000
Wrote Netlist Cache: Time (s): cpu = 00:00:00 ; elapsed = 00:00:00.001 . Memory (MB): peak = 2423.898 ; gain = 0.000
Wrote Device Cache: Time (s): cpu = 00:00:00 ; elapsed = 00:00:00.016 . Memory (MB): peak = 2423.898 ; gain = 0.000
Write Physdb Complete: Time (s): cpu = 00:00:00 ; elapsed = 00:00:00.107 . Memory (MB): peak = 2423.898 ; gain = 0.000
INFO: [Common 17-1381] The checkpoint 'C:/selected_topics_hdmi/pyzq/hw/hw_proj/hw_proj.runs/impl_1/video_out_pynq_z2_wrapper_opt.dcp' has been generated.
Command: place_design
Attempting to get a license for feature 'Implementation' and/or device 'xc7z020'
INFO: [Common 17-349] Got license for feature 'Implementation' and/or device 'xc7z020'
INFO: [Common 17-83] Releasing license: Implementation
INFO: [DRC 23-27] Running DRC with 2 threads
INFO: [Vivado_Tcl 4-198] DRC finished with 0 Errors
INFO: [Vivado_Tcl 4-199] Please refer to the DRC report (report_drc) for more information.
Running DRC as a precondition to command place_design
INFO: [DRC 23-27] Running DRC with 2 threads
INFO: [Vivado_Tcl 4-198] DRC finished with 0 Errors, 1 Warnings
INFO: [Vivado_Tcl 4-199] Please refer to the DRC report (report_drc) for more information.
INFO: [Place 30-611] Multithreading enabled for place_design using a maximum of 2 CPUs

Starting Placer Task

Phase 1 Placer Initialization

Phase 1.1 Placer Initialization Netlist Sorting
Netlist sorting complete. Time (s): cpu = 00:00:00 ; elapsed = 00:00:00.007 . Memory (MB): peak = 2423.898 ; gain = 0.000
Phase 1.1 Placer Initialization Netlist Sorting | Checksum: 1476a2287

Time (s): cpu = 00:00:00 ; elapsed = 00:00:00.014 . Memory (MB): peak = 2423.898 ; gain = 0.000
Netlist sorting complete. Time (s): cpu = 00:00:00 ; elapsed = 00:00:00.006 . Memory (MB): peak = 2423.898 ; gain = 0.000

Phase 1.2 IO Placement/ Clock Placement/ Build Placer Device
Phase 1.2 IO Placement/ Clock Placement/ Build Placer Device | Checksum: 115ea48ee

Time (s): cpu = 00:00:02 ; elapsed = 00:00:01 . Memory (MB): peak = 2423.898 ; gain = 0.000

Phase 1.3 Build Placer Netlist Model
Phase 1.3 Build Placer Netlist Model | Checksum: 1fe7bd6de

Time (s): cpu = 00:00:05 ; elapsed = 00:00:04 . Memory (MB): peak = 2423.898 ; gain = 0.000

Phase 1.4 Constrain Clocks/Macros
Phase 1.4 Constrain Clocks/Macros | Checksum: 1fe7bd6de

Time (s): cpu = 00:00:05 ; elapsed = 00:00:04 . Memory (MB): peak = 2423.898 ; gain = 0.000
Phase 1 Placer Initialization | Checksum: 1fe7bd6de

Time (s): cpu = 00:00:05 ; elapsed = 00:00:04 . Memory (MB): peak = 2423.898 ; gain = 0.000

Phase 2 Global Placement

Phase 2.1 Floorplanning
Phase 2.1 Floorplanning | Checksum: 15d46b388

Time (s): cpu = 00:00:06 ; elapsed = 00:00:05 . Memory (MB): peak = 2423.898 ; gain = 0.000

Phase 2.2 Update Timing before SLR Path Opt
Phase 2.2 Update Timing before SLR Path Opt | Checksum: 1c3c043bb

Time (s): cpu = 00:00:07 ; elapsed = 00:00:05 . Memory (MB): peak = 2423.898 ; gain = 0.000

Phase 2.3 Post-Processing in Floorplanning
Phase 2.3 Post-Processing in Floorplanning | Checksum: 1c3c043bb

Time (s): cpu = 00:00:07 ; elapsed = 00:00:05 . Memory (MB): peak = 2423.898 ; gain = 0.000

Phase 2.4 Global Placement Core

Phase 2.4.1 UpdateTiming Before Physical Synthesis
Phase 2.4.1 UpdateTiming Before Physical Synthesis | Checksum: 2a6ed18b6

Time (s): cpu = 00:00:17 ; elapsed = 00:00:11 . Memory (MB): peak = 2423.898 ; gain = 0.000

Phase 2.4.2 Physical Synthesis In Placer
INFO: [Physopt 32-1035] Found 0 LUTNM shape to break, 379 LUT instances to create LUTNM shape
INFO: [Physopt 32-1044] Break lutnm for timing: one critical 0, two critical 0, total 0, new lutff created 0
INFO: [Physopt 32-1138] End 1 Pass. Optimized 150 nets or LUTs. Breaked 0 LUT, combined 150 existing LUTs and moved 0 existing LUT
INFO: [Physopt 32-65] No nets found for high-fanout optimization.
INFO: [Physopt 32-232] Optimized 0 net. Created 0 new instance.
INFO: [Physopt 32-775] End 1 Pass. Optimized 0 net or cell. Created 0 new cell, deleted 0 existing cell and moved 0 existing cell
INFO: [Physopt 32-670] No setup violation found.  DSP Register Optimization was not performed.
INFO: [Physopt 32-670] No setup violation found.  Shift Register to Pipeline Optimization was not performed.
INFO: [Physopt 32-670] No setup violation found.  Shift Register Optimization was not performed.
INFO: [Physopt 32-670] No setup violation found.  BRAM Register Optimization was not performed.
INFO: [Physopt 32-670] No setup violation found.  URAM Register Optimization was not performed.
INFO: [Physopt 32-949] No candidate nets found for dynamic/static region interface net replication
INFO: [Physopt 32-775] End 1 Pass. Optimized 0 net or cell. Created 0 new cell, deleted 0 existing cell and moved 0 existing cell
Netlist sorting complete. Time (s): cpu = 00:00:00 ; elapsed = 00:00:00.007 . Memory (MB): peak = 2423.898 ; gain = 0.000

Summary of Physical Synthesis Optimizations
============================================


-----------------------------------------------------------------------------------------------------------------------------------------------------------
|  Optimization                                     |  Added Cells  |  Removed Cells  |  Optimized Cells/Nets  |  Dont Touch  |  Iterations  |  Elapsed   |
-----------------------------------------------------------------------------------------------------------------------------------------------------------
|  LUT Combining                                    |            0  |            150  |                   150  |           0  |           1  |  00:00:00  |
|  Retime                                           |            0  |              0  |                     0  |           0  |           1  |  00:00:00  |
|  Very High Fanout                                 |            0  |              0  |                     0  |           0  |           1  |  00:00:00  |
|  DSP Register                                     |            0  |              0  |                     0  |           0  |           0  |  00:00:00  |
|  Shift Register to Pipeline                       |            0  |              0  |                     0  |           0  |           0  |  00:00:00  |
|  Shift Register                                   |            0  |              0  |                     0  |           0  |           0  |  00:00:00  |
|  BRAM Register                                    |            0  |              0  |                     0  |           0  |           0  |  00:00:00  |
|  URAM Register                                    |            0  |              0  |                     0  |           0  |           0  |  00:00:00  |
|  Dynamic/Static Region Interface Net Replication  |            0  |              0  |                     0  |           0  |           1  |  00:00:00  |
|  Total                                            |            0  |            150  |                   150  |           0  |           4  |  00:00:00  |
-----------------------------------------------------------------------------------------------------------------------------------------------------------


Phase 2.4.2 Physical Synthesis In Placer | Checksum: 1a2a6553d

Time (s): cpu = 00:00:18 ; elapsed = 00:00:13 . Memory (MB): peak = 2423.898 ; gain = 0.000
Phase 2.4 Global Placement Core | Checksum: 12098e4cd

Time (s): cpu = 00:00:19 ; elapsed = 00:00:13 . Memory (MB): peak = 2423.898 ; gain = 0.000
Phase 2 Global Placement | Checksum: 12098e4cd

Time (s): cpu = 00:00:19 ; elapsed = 00:00:13 . Memory (MB): peak = 2423.898 ; gain = 0.000

Phase 3 Detail Placement

Phase 3.1 Commit Multi Column Macros
Phase 3.1 Commit Multi Column Macros | Checksum: 131b7246d

Time (s): cpu = 00:00:20 ; elapsed = 00:00:14 . Memory (MB): peak = 2423.898 ; gain = 0.000

Phase 3.2 Commit Most Macros & LUTRAMs
Phase 3.2 Commit Most Macros & LUTRAMs | Checksum: 1935a3dd0

Time (s): cpu = 00:00:22 ; elapsed = 00:00:15 . Memory (MB): peak = 2423.898 ; gain = 0.000

Phase 3.3 Area Swap Optimization
Phase 3.3 Area Swap Optimization | Checksum: 1b9299922

Time (s): cpu = 00:00:22 ; elapsed = 00:00:15 . Memory (MB): peak = 2423.898 ; gain = 0.000

Phase 3.4 Pipeline Register Optimization
Phase 3.4 Pipeline Register Optimization | Checksum: 1249111e4

Time (s): cpu = 00:00:22 ; elapsed = 00:00:15 . Memory (MB): peak = 2423.898 ; gain = 0.000

Phase 3.5 Small Shape Detail Placement
Phase 3.5 Small Shape Detail Placement | Checksum: 64b10741

Time (s): cpu = 00:00:26 ; elapsed = 00:00:19 . Memory (MB): peak = 2423.898 ; gain = 0.000

Phase 3.6 Re-assign LUT pins
Phase 3.6 Re-assign LUT pins | Checksum: 6f12ff7d

Time (s): cpu = 00:00:26 ; elapsed = 00:00:19 . Memory (MB): peak = 2423.898 ; gain = 0.000

Phase 3.7 Pipeline Register Optimization
Phase 3.7 Pipeline Register Optimization | Checksum: c566efac

Time (s): cpu = 00:00:26 ; elapsed = 00:00:19 . Memory (MB): peak = 2423.898 ; gain = 0.000
Phase 3 Detail Placement | Checksum: c566efac

Time (s): cpu = 00:00:26 ; elapsed = 00:00:19 . Memory (MB): peak = 2423.898 ; gain = 0.000

Phase 4 Post Placement Optimization and Clean-Up

Phase 4.1 Post Commit Optimization
INFO: [Timing 38-35] Done setting XDC timing constraints.

Phase 4.1.1 Post Placement Optimization
Post Placement Optimization Initialization | Checksum: 42b16099

Phase 4.1.1.1 BUFG Insertion

Starting Physical Synthesis Task

Phase 1 Physical Synthesis Initialization
INFO: [Physopt 32-721] Multithreading enabled for phys_opt_design using a maximum of 2 CPUs
INFO: [Physopt 32-619] Estimated Timing Summary | WNS=0.713 | TNS=0.000 |
Phase 1 Physical Synthesis Initialization | Checksum: 21e29657

Time (s): cpu = 00:00:01 ; elapsed = 00:00:00.890 . Memory (MB): peak = 2423.898 ; gain = 0.000
INFO: [Place 46-33] Processed net video_out_pynq_z2_i/clk_wiz_0/inst/AXI_LITE_IPIF_I/I_SLAVE_ATTACHMENT/rst_reg_0, BUFG insertion was skipped due to placement/routing conflicts.
INFO: [Place 46-56] BUFG insertion identified 1 candidate nets. Inserted BUFG: 0, Replicated BUFG Driver: 0, Skipped due to Placement/Routing Conflicts: 1, Skipped due to Timing Degradation: 0, Skipped due to netlist editing failed: 0.
Ending Physical Synthesis Task | Checksum: 21e29657

Time (s): cpu = 00:00:01 ; elapsed = 00:00:01 . Memory (MB): peak = 2423.898 ; gain = 0.000
Phase 4.1.1.1 BUFG Insertion | Checksum: 42b16099

Time (s): cpu = 00:00:32 ; elapsed = 00:00:24 . Memory (MB): peak = 2423.898 ; gain = 0.000

Phase 4.1.1.2 Post Placement Timing Optimization
INFO: [Place 30-746] Post Placement Timing Summary WNS=0.713. For the most accurate timing information please run report_timing.
Phase 4.1.1.2 Post Placement Timing Optimization | Checksum: 108c72205

Time (s): cpu = 00:00:33 ; elapsed = 00:00:24 . Memory (MB): peak = 2423.898 ; gain = 0.000

Time (s): cpu = 00:00:33 ; elapsed = 00:00:24 . Memory (MB): peak = 2423.898 ; gain = 0.000
Phase 4.1 Post Commit Optimization | Checksum: 108c72205

Time (s): cpu = 00:00:33 ; elapsed = 00:00:24 . Memory (MB): peak = 2423.898 ; gain = 0.000

Phase 4.2 Post Placement Cleanup
Phase 4.2 Post Placement Cleanup | Checksum: 108c72205

Time (s): cpu = 00:00:33 ; elapsed = 00:00:24 . Memory (MB): peak = 2423.898 ; gain = 0.000

Phase 4.3 Placer Reporting

Phase 4.3.1 Print Estimated Congestion
INFO: [Place 30-612] Post-Placement Estimated Congestion 
 ____________________________________________________
|           | Global Congestion | Short Congestion  |
| Direction | Region Size       | Region Size       |
|___________|___________________|___________________|
|      North|                1x1|                1x1|
|___________|___________________|___________________|
|      South|                1x1|                1x1|
|___________|___________________|___________________|
|       East|                1x1|                1x1|
|___________|___________________|___________________|
|       West|                1x1|                1x1|
|___________|___________________|___________________|

Phase 4.3.1 Print Estimated Congestion | Checksum: 108c72205

Time (s): cpu = 00:00:33 ; elapsed = 00:00:24 . Memory (MB): peak = 2423.898 ; gain = 0.000
Phase 4.3 Placer Reporting | Checksum: 108c72205

Time (s): cpu = 00:00:33 ; elapsed = 00:00:24 . Memory (MB): peak = 2423.898 ; gain = 0.000

Phase 4.4 Final Placement Cleanup
Netlist sorting complete. Time (s): cpu = 00:00:00 ; elapsed = 00:00:00.008 . Memory (MB): peak = 2423.898 ; gain = 0.000

Time (s): cpu = 00:00:33 ; elapsed = 00:00:24 . Memory (MB): peak = 2423.898 ; gain = 0.000
Phase 4 Post Placement Optimization and Clean-Up | Checksum: 19d43dd5f

Time (s): cpu = 00:00:33 ; elapsed = 00:00:24 . Memory (MB): peak = 2423.898 ; gain = 0.000
Ending Placer Task | Checksum: b5e19789

Time (s): cpu = 00:00:33 ; elapsed = 00:00:24 . Memory (MB): peak = 2423.898 ; gain = 0.000
103 Infos, 103 Warnings, 102 Critical Warnings and 0 Errors encountered.
place_design completed successfully
place_design: Time (s): cpu = 00:00:36 ; elapsed = 00:00:26 . Memory (MB): peak = 2423.898 ; gain = 0.000
INFO: [runtcl-4] Executing : report_io -file video_out_pynq_z2_wrapper_io_placed.rpt
report_io: Time (s): cpu = 00:00:00 ; elapsed = 00:00:00.066 . Memory (MB): peak = 2423.898 ; gain = 0.000
INFO: [runtcl-4] Executing : report_utilization -file video_out_pynq_z2_wrapper_utilization_placed.rpt -pb video_out_pynq_z2_wrapper_utilization_placed.pb
INFO: [runtcl-4] Executing : report_control_sets -verbose -file video_out_pynq_z2_wrapper_control_sets_placed.rpt
report_control_sets: Time (s): cpu = 00:00:00 ; elapsed = 00:00:00.066 . Memory (MB): peak = 2423.898 ; gain = 0.000
INFO: [Timing 38-480] Writing timing data to binary archive.
Write ShapeDB Complete: Time (s): cpu = 00:00:00 ; elapsed = 00:00:00.050 . Memory (MB): peak = 2423.898 ; gain = 0.000
Wrote PlaceDB: Time (s): cpu = 00:00:02 ; elapsed = 00:00:00.802 . Memory (MB): peak = 2423.898 ; gain = 0.000
Wrote PulsedLatchDB: Time (s): cpu = 00:00:00 ; elapsed = 00:00:00 . Memory (MB): peak = 2423.898 ; gain = 0.000
Writing XDEF routing.
Writing XDEF routing logical nets.
Writing XDEF routing special nets.
Wrote RouteStorage: Time (s): cpu = 00:00:01 ; elapsed = 00:00:00.044 . Memory (MB): peak = 2423.898 ; gain = 0.000
Wrote Netlist Cache: Time (s): cpu = 00:00:00 ; elapsed = 00:00:00.019 . Memory (MB): peak = 2423.898 ; gain = 0.000
Wrote Device Cache: Time (s): cpu = 00:00:00 ; elapsed = 00:00:00.012 . Memory (MB): peak = 2423.898 ; gain = 0.000
Write Physdb Complete: Time (s): cpu = 00:00:03 ; elapsed = 00:00:00.895 . Memory (MB): peak = 2423.898 ; gain = 0.000
INFO: [Common 17-1381] The checkpoint 'C:/selected_topics_hdmi/pyzq/hw/hw_proj/hw_proj.runs/impl_1/video_out_pynq_z2_wrapper_placed.dcp' has been generated.
Command: phys_opt_design
Attempting to get a license for feature 'Implementation' and/or device 'xc7z020'
INFO: [Common 17-349] Got license for feature 'Implementation' and/or device 'xc7z020'

Starting Initial Update Timing Task

Time (s): cpu = 00:00:03 ; elapsed = 00:00:02 . Memory (MB): peak = 2423.898 ; gain = 0.000
INFO: [Vivado_Tcl 4-383] Design worst setup slack (WNS) is greater than or equal to 0.000 ns. Skipping all physical synthesis optimizations.
INFO: [Vivado_Tcl 4-232] No setup violation found. The netlist was not modified.
INFO: [Common 17-83] Releasing license: Implementation
112 Infos, 103 Warnings, 102 Critical Warnings and 0 Errors encountered.
phys_opt_design completed successfully
INFO: [Timing 38-480] Writing timing data to binary archive.
Write ShapeDB Complete: Time (s): cpu = 00:00:01 ; elapsed = 00:00:00.040 . Memory (MB): peak = 2423.898 ; gain = 0.000
Wrote PlaceDB: Time (s): cpu = 00:00:03 ; elapsed = 00:00:00.865 . Memory (MB): peak = 2423.898 ; gain = 0.000
Wrote PulsedLatchDB: Time (s): cpu = 00:00:00 ; elapsed = 00:00:00 . Memory (MB): peak = 2423.898 ; gain = 0.000
Writing XDEF routing.
Writing XDEF routing logical nets.
Writing XDEF routing special nets.
Wrote RouteStorage: Time (s): cpu = 00:00:01 ; elapsed = 00:00:00.056 . Memory (MB): peak = 2423.898 ; gain = 0.000
Wrote Netlist Cache: Time (s): cpu = 00:00:00 ; elapsed = 00:00:00.018 . Memory (MB): peak = 2423.898 ; gain = 0.000
Wrote Device Cache: Time (s): cpu = 00:00:00 ; elapsed = 00:00:00.016 . Memory (MB): peak = 2423.898 ; gain = 0.000
Write Physdb Complete: Time (s): cpu = 00:00:04 ; elapsed = 00:00:00.979 . Memory (MB): peak = 2423.898 ; gain = 0.000
INFO: [Common 17-1381] The checkpoint 'C:/selected_topics_hdmi/pyzq/hw/hw_proj/hw_proj.runs/impl_1/video_out_pynq_z2_wrapper_physopt.dcp' has been generated.
Command: route_design
Attempting to get a license for feature 'Implementation' and/or device 'xc7z020'
INFO: [Common 17-349] Got license for feature 'Implementation' and/or device 'xc7z020'
Running DRC as a precondition to command route_design
INFO: [DRC 23-27] Running DRC with 2 threads
INFO: [Vivado_Tcl 4-198] DRC finished with 0 Errors
INFO: [Vivado_Tcl 4-199] Please refer to the DRC report (report_drc) for more information.


Starting Routing Task
INFO: [Route 35-254] Multithreading enabled for route_design using a maximum of 8 CPUs

Phase 1 Build RT Design
Checksum: PlaceDB: 1e0e4be0 ConstDB: 0 ShapeSum: 97d34ba9 RouteDB: 0
Post Restoration Checksum: NetGraph: f643bbd2 | NumContArr: 569f6355 | Constraints: c2a8fa9d | Timing: c2a8fa9d
Phase 1 Build RT Design | Checksum: 2d2351461

Time (s): cpu = 00:00:26 ; elapsed = 00:00:21 . Memory (MB): peak = 2521.828 ; gain = 97.930

Phase 2 Router Initialization

Phase 2.1 Fix Topology Constraints
Phase 2.1 Fix Topology Constraints | Checksum: 2d2351461

Time (s): cpu = 00:00:26 ; elapsed = 00:00:21 . Memory (MB): peak = 2521.828 ; gain = 97.930

Phase 2.2 Pre Route Cleanup
Phase 2.2 Pre Route Cleanup | Checksum: 2d2351461

Time (s): cpu = 00:00:26 ; elapsed = 00:00:21 . Memory (MB): peak = 2521.828 ; gain = 97.930
 Number of Nodes with overlaps = 0

Phase 2.3 Update Timing
Phase 2.3 Update Timing | Checksum: 3175502a9

Time (s): cpu = 00:00:33 ; elapsed = 00:00:25 . Memory (MB): peak = 2540.289 ; gain = 116.391
INFO: [Route 35-416] Intermediate Timing Summary | WNS=0.667  | TNS=0.000  | WHS=-2.347 | THS=-180.251|


Phase 2.4 Update Timing for Bus Skew

Phase 2.4.1 Update Timing
Phase 2.4.1 Update Timing | Checksum: 3512de54b

Time (s): cpu = 00:00:38 ; elapsed = 00:00:28 . Memory (MB): peak = 2540.289 ; gain = 116.391
INFO: [Route 35-416] Intermediate Timing Summary | WNS=0.667  | TNS=0.000  | WHS=N/A    | THS=N/A    |

Phase 2.4 Update Timing for Bus Skew | Checksum: 338447886

Time (s): cpu = 00:00:38 ; elapsed = 00:00:28 . Memory (MB): peak = 2542.352 ; gain = 118.453

Router Utilization Summary
  Global Vertical Routing Utilization    = 5.17759e-05 %
  Global Horizontal Routing Utilization  = 0.000422583 %
  Routable Net Status*
  *Does not include unroutable nets such as driverless and loadless.
  Run report_route_status for detailed report.
  Number of Failed Nets               = 9800
    (Failed Nets is the sum of unrouted and partially routed nets)
  Number of Unrouted Nets             = 9800
  Number of Partially Routed Nets     = 0
  Number of Node Overlaps             = 0

Phase 2 Router Initialization | Checksum: 32ef5d013

Time (s): cpu = 00:00:38 ; elapsed = 00:00:28 . Memory (MB): peak = 2583.266 ; gain = 159.367

Phase 3 Initial Routing

Phase 3.1 Global Routing
Phase 3.1 Global Routing | Checksum: 32ef5d013

Time (s): cpu = 00:00:38 ; elapsed = 00:00:28 . Memory (MB): peak = 2583.266 ; gain = 159.367

Phase 3.2 Initial Net Routing
Phase 3.2 Initial Net Routing | Checksum: 203903609

Time (s): cpu = 00:00:41 ; elapsed = 00:00:29 . Memory (MB): peak = 2583.266 ; gain = 159.367
Phase 3 Initial Routing | Checksum: 203903609

Time (s): cpu = 00:00:41 ; elapsed = 00:00:29 . Memory (MB): peak = 2583.266 ; gain = 159.367

Phase 4 Rip-up And Reroute

Phase 4.1 Global Iteration 0
 Number of Nodes with overlaps = 790
 Number of Nodes with overlaps = 100
 Number of Nodes with overlaps = 54
 Number of Nodes with overlaps = 27
 Number of Nodes with overlaps = 17
 Number of Nodes with overlaps = 9
 Number of Nodes with overlaps = 6
 Number of Nodes with overlaps = 4
 Number of Nodes with overlaps = 0
INFO: [Route 35-416] Intermediate Timing Summary | WNS=0.734  | TNS=0.000  | WHS=N/A    | THS=N/A    |

Phase 4.1 Global Iteration 0 | Checksum: 217bf1905

Time (s): cpu = 00:00:51 ; elapsed = 00:00:36 . Memory (MB): peak = 2583.266 ; gain = 159.367

Phase 4.2 Global Iteration 1
 Number of Nodes with overlaps = 1
 Number of Nodes with overlaps = 6
 Number of Nodes with overlaps = 5
 Number of Nodes with overlaps = 1
 Number of Nodes with overlaps = 2
 Number of Nodes with overlaps = 0
INFO: [Route 35-416] Intermediate Timing Summary | WNS=0.594  | TNS=0.000  | WHS=N/A    | THS=N/A    |

Phase 4.2 Global Iteration 1 | Checksum: 255031e4a

Time (s): cpu = 00:00:53 ; elapsed = 00:00:38 . Memory (MB): peak = 2583.266 ; gain = 159.367
Phase 4 Rip-up And Reroute | Checksum: 255031e4a

Time (s): cpu = 00:00:53 ; elapsed = 00:00:38 . Memory (MB): peak = 2583.266 ; gain = 159.367

Phase 5 Delay and Skew Optimization

Phase 5.1 Delay CleanUp
Phase 5.1 Delay CleanUp | Checksum: 255031e4a

Time (s): cpu = 00:00:53 ; elapsed = 00:00:38 . Memory (MB): peak = 2583.266 ; gain = 159.367

Phase 5.2 Clock Skew Optimization
Phase 5.2 Clock Skew Optimization | Checksum: 255031e4a

Time (s): cpu = 00:00:53 ; elapsed = 00:00:38 . Memory (MB): peak = 2583.266 ; gain = 159.367
Phase 5 Delay and Skew Optimization | Checksum: 255031e4a

Time (s): cpu = 00:00:54 ; elapsed = 00:00:38 . Memory (MB): peak = 2583.266 ; gain = 159.367

Phase 6 Post Hold Fix

Phase 6.1 Hold Fix Iter

Phase 6.1.1 Update Timing
Phase 6.1.1 Update Timing | Checksum: 23c95f9f3

Time (s): cpu = 00:00:55 ; elapsed = 00:00:39 . Memory (MB): peak = 2583.266 ; gain = 159.367
INFO: [Route 35-416] Intermediate Timing Summary | WNS=0.709  | TNS=0.000  | WHS=0.035  | THS=0.000  |

Phase 6.1 Hold Fix Iter | Checksum: 2668a84c5

Time (s): cpu = 00:00:55 ; elapsed = 00:00:39 . Memory (MB): peak = 2583.266 ; gain = 159.367
Phase 6 Post Hold Fix | Checksum: 2668a84c5

Time (s): cpu = 00:00:55 ; elapsed = 00:00:39 . Memory (MB): peak = 2583.266 ; gain = 159.367

Phase 7 Route finalize

Router Utilization Summary
  Global Vertical Routing Utilization    = 2.10231 %
  Global Horizontal Routing Utilization  = 2.5715 %
  Routable Net Status*
  *Does not include unroutable nets such as driverless and loadless.
  Run report_route_status for detailed report.
  Number of Failed Nets               = 0
    (Failed Nets is the sum of unrouted and partially routed nets)
  Number of Unrouted Nets             = 0
  Number of Partially Routed Nets     = 0
  Number of Node Overlaps             = 0

Phase 7 Route finalize | Checksum: 2668a84c5

Time (s): cpu = 00:00:55 ; elapsed = 00:00:39 . Memory (MB): peak = 2583.266 ; gain = 159.367

Phase 8 Verifying routed nets

 Verification completed successfully
Phase 8 Verifying routed nets | Checksum: 2668a84c5

Time (s): cpu = 00:00:55 ; elapsed = 00:00:39 . Memory (MB): peak = 2583.266 ; gain = 159.367

Phase 9 Depositing Routes
Phase 9 Depositing Routes | Checksum: 1c26b5faf

Time (s): cpu = 00:00:56 ; elapsed = 00:00:39 . Memory (MB): peak = 2583.266 ; gain = 159.367

Phase 10 Post Router Timing
INFO: [Route 35-57] Estimated Timing Summary | WNS=0.709  | TNS=0.000  | WHS=0.035  | THS=0.000  |

INFO: [Route 35-327] The final timing numbers are based on the router estimated timing analysis. For a complete and accurate timing signoff, please run report_timing_summary.
Phase 10 Post Router Timing | Checksum: 1c26b5faf

Time (s): cpu = 00:00:58 ; elapsed = 00:00:40 . Memory (MB): peak = 2583.266 ; gain = 159.367
INFO: [Route 35-16] Router Completed Successfully

Phase 11 Post-Route Event Processing
Phase 11 Post-Route Event Processing | Checksum: 1d44d88d7

Time (s): cpu = 00:00:58 ; elapsed = 00:00:40 . Memory (MB): peak = 2583.266 ; gain = 159.367
Ending Routing Task | Checksum: 1d44d88d7

Time (s): cpu = 00:00:58 ; elapsed = 00:00:40 . Memory (MB): peak = 2583.266 ; gain = 159.367

Routing Is Done.
INFO: [Common 17-83] Releasing license: Implementation
128 Infos, 103 Warnings, 102 Critical Warnings and 0 Errors encountered.
route_design completed successfully
route_design: Time (s): cpu = 00:01:00 ; elapsed = 00:00:42 . Memory (MB): peak = 2583.266 ; gain = 159.367
INFO: [runtcl-4] Executing : report_drc -file video_out_pynq_z2_wrapper_drc_routed.rpt -pb video_out_pynq_z2_wrapper_drc_routed.pb -rpx video_out_pynq_z2_wrapper_drc_routed.rpx
Command: report_drc -file video_out_pynq_z2_wrapper_drc_routed.rpt -pb video_out_pynq_z2_wrapper_drc_routed.pb -rpx video_out_pynq_z2_wrapper_drc_routed.rpx
INFO: [IP_Flow 19-1839] IP Catalog is up to date.
INFO: [DRC 23-27] Running DRC with 2 threads
INFO: [Vivado_Tcl 2-168] The results of DRC are in file C:/selected_topics_hdmi/pyzq/hw/hw_proj/hw_proj.runs/impl_1/video_out_pynq_z2_wrapper_drc_routed.rpt.
report_drc completed successfully
INFO: [runtcl-4] Executing : report_methodology -file video_out_pynq_z2_wrapper_methodology_drc_routed.rpt -pb video_out_pynq_z2_wrapper_methodology_drc_routed.pb -rpx video_out_pynq_z2_wrapper_methodology_drc_routed.rpx
Command: report_methodology -file video_out_pynq_z2_wrapper_methodology_drc_routed.rpt -pb video_out_pynq_z2_wrapper_methodology_drc_routed.pb -rpx video_out_pynq_z2_wrapper_methodology_drc_routed.rpx
INFO: [Timing 38-35] Done setting XDC timing constraints.
INFO: [DRC 23-133] Running Methodology with 2 threads
INFO: [Vivado_Tcl 2-1520] The results of Report Methodology are in file C:/selected_topics_hdmi/pyzq/hw/hw_proj/hw_proj.runs/impl_1/video_out_pynq_z2_wrapper_methodology_drc_routed.rpt.
report_methodology completed successfully
report_methodology: Time (s): cpu = 00:00:10 ; elapsed = 00:00:06 . Memory (MB): peak = 2589.926 ; gain = 6.660
INFO: [runtcl-4] Executing : report_power -file video_out_pynq_z2_wrapper_power_routed.rpt -pb video_out_pynq_z2_wrapper_power_summary_routed.pb -rpx video_out_pynq_z2_wrapper_power_routed.rpx
Command: report_power -file video_out_pynq_z2_wrapper_power_routed.rpt -pb video_out_pynq_z2_wrapper_power_summary_routed.pb -rpx video_out_pynq_z2_wrapper_power_routed.rpx
INFO: [Timing 38-35] Done setting XDC timing constraints.
Running Vector-less Activity Propagation...

Finished Running Vector-less Activity Propagation
WARNING: [Power 33-332] Found switching activity that implies high-fanout reset nets being asserted for excessive periods of time which may result in inaccurate power analysis.
Resolution: To review and fix problems, please run Power Constraints Advisor in the GUI from Tools > Power Constraints Advisor or run report_power with the -advisory option to generate a text report.
138 Infos, 104 Warnings, 102 Critical Warnings and 0 Errors encountered.
report_power completed successfully
INFO: [runtcl-4] Executing : report_route_status -file video_out_pynq_z2_wrapper_route_status.rpt -pb video_out_pynq_z2_wrapper_route_status.pb
INFO: [runtcl-4] Executing : report_timing_summary -max_paths 10 -report_unconstrained -file video_out_pynq_z2_wrapper_timing_summary_routed.rpt -pb video_out_pynq_z2_wrapper_timing_summary_routed.pb -rpx video_out_pynq_z2_wrapper_timing_summary_routed.rpx -warn_on_violation 
INFO: [Timing 38-91] UpdateTimingParams: Speed grade: -1, Delay Type: min_max.
INFO: [Timing 38-191] Multithreading enabled for timing update using a maximum of 2 CPUs
WARNING: [Timing 38-436] There are set_bus_skew constraint(s) in this design. Please run report_bus_skew to ensure that bus skew requirements are met.
INFO: [runtcl-4] Executing : report_incremental_reuse -file video_out_pynq_z2_wrapper_incremental_reuse_routed.rpt
INFO: [Vivado_Tcl 4-1062] Incremental flow is disabled. No incremental reuse Info to report.
INFO: [runtcl-4] Executing : report_clock_utilization -file video_out_pynq_z2_wrapper_clock_utilization_routed.rpt
INFO: [runtcl-4] Executing : report_bus_skew -warn_on_violation -file video_out_pynq_z2_wrapper_bus_skew_routed.rpt -pb video_out_pynq_z2_wrapper_bus_skew_routed.pb -rpx video_out_pynq_z2_wrapper_bus_skew_routed.rpx
INFO: [Timing 38-91] UpdateTimingParams: Speed grade: -1, Delay Type: min_max.
INFO: [Timing 38-191] Multithreading enabled for timing update using a maximum of 2 CPUs
INFO: [Timing 38-480] Writing timing data to binary archive.
Write ShapeDB Complete: Time (s): cpu = 00:00:00 ; elapsed = 00:00:00.047 . Memory (MB): peak = 2632.547 ; gain = 12.934
Wrote PlaceDB: Time (s): cpu = 00:00:03 ; elapsed = 00:00:00.927 . Memory (MB): peak = 2641.148 ; gain = 17.570
Wrote PulsedLatchDB: Time (s): cpu = 00:00:00 ; elapsed = 00:00:00 . Memory (MB): peak = 2641.148 ; gain = 0.000
Writing XDEF routing.
Writing XDEF routing logical nets.
Writing XDEF routing special nets.
Wrote RouteStorage: Time (s): cpu = 00:00:00 ; elapsed = 00:00:00.172 . Memory (MB): peak = 2641.148 ; gain = 0.000
Wrote Netlist Cache: Time (s): cpu = 00:00:00 ; elapsed = 00:00:00.022 . Memory (MB): peak = 2641.148 ; gain = 0.000
Wrote Device Cache: Time (s): cpu = 00:00:00 ; elapsed = 00:00:00.011 . Memory (MB): peak = 2641.148 ; gain = 0.000
Write Physdb Complete: Time (s): cpu = 00:00:03 ; elapsed = 00:00:01 . Memory (MB): peak = 2641.148 ; gain = 21.535
INFO: [Common 17-1381] The checkpoint 'C:/selected_topics_hdmi/pyzq/hw/hw_proj/hw_proj.runs/impl_1/video_out_pynq_z2_wrapper_routed.dcp' has been generated.
INFO: [Common 17-206] Exiting Vivado at Fri May  8 21:37:01 2026...
[Fri May  8 21:37:04 2026] impl_1 finished
wait_on_runs: Time (s): cpu = 00:00:00 ; elapsed = 00:02:33 . Memory (MB): peak = 1327.801 ; gain = 0.000
# launch_runs impl_1 -to_step write_bitstream -jobs 8
[Fri May  8 21:37:04 2026] Launched impl_1...
Run output will be captured here: C:/selected_topics_hdmi/pyzq/hw/hw_proj/hw_proj.runs/impl_1/runme.log
# wait_on_run impl_1
[Fri May  8 21:37:04 2026] Waiting for impl_1 to finish...

*** Running vivado
    with args -log video_out_pynq_z2_wrapper.vdi -applog -m64 -product Vivado -messageDb vivado.pb -mode batch -source video_out_pynq_z2_wrapper.tcl -notrace


ECHO is off.
ECHO is off.

****** Vivado v2023.2 (64-bit)
  **** SW Build 4029153 on Fri Oct 13 20:14:34 MDT 2023
  **** IP Build 4028589 on Sat Oct 14 00:45:43 MDT 2023
  **** SharedData Build 4025554 on Tue Oct 10 17:18:54 MDT 2023
    ** Copyright 1986-2022 Xilinx, Inc. All Rights Reserved.
    ** Copyright 2022-2023 Advanced Micro Devices, Inc. All Rights Reserved.

source video_out_pynq_z2_wrapper.tcl -notrace
INFO: [IP_Flow 19-234] Refreshing IP repositories
INFO: [IP_Flow 19-1700] Loaded user IP repository 'c:/selected_topics_hdmi/pyzq/vivado-library'.
INFO: [IP_Flow 19-1700] Loaded user IP repository 'c:/selected_topics_hdmi/pyzq/hw/ip_repo'.
INFO: [IP_Flow 19-1700] Loaded user IP repository 'c:/selected_topics_hdmi/pyzq/hw/hls_gray_ip/hls_export/myip'.
INFO: [IP_Flow 19-2313] Loaded Vivado IP repository 'C:/Xilinx_vitis/Vivado/2023.2/data/ip'.
add_files: Time (s): cpu = 00:00:05 ; elapsed = 00:00:05 . Memory (MB): peak = 569.910 ; gain = 102.387
Command: link_design -top video_out_pynq_z2_wrapper -part xc7z020clg400-1
Design is defaulting to srcset: sources_1
Design is defaulting to constrset: constrs_1
INFO: [Device 21-403] Loading part xc7z020clg400-1
INFO: [Project 1-454] Reading design checkpoint 'c:/selected_topics_hdmi/pyzq/hw/hw_proj/hw_proj.gen/sources_1/bd/video_out_pynq_z2/ip/video_out_pynq_z2_axi_gpio_0_0/video_out_pynq_z2_axi_gpio_0_0.dcp' for cell 'video_out_pynq_z2_i/axi_gpio_0'
INFO: [Project 1-454] Reading design checkpoint 'c:/selected_topics_hdmi/pyzq/hw/hw_proj/hw_proj.gen/sources_1/bd/video_out_pynq_z2/ip/video_out_pynq_z2_axi_gpio_1_0/video_out_pynq_z2_axi_gpio_1_0.dcp' for cell 'video_out_pynq_z2_i/axi_gpio_1'
INFO: [Project 1-454] Reading design checkpoint 'c:/selected_topics_hdmi/pyzq/hw/hw_proj/hw_proj.gen/sources_1/bd/video_out_pynq_z2/ip/video_out_pynq_z2_axi_gpio_2_0/video_out_pynq_z2_axi_gpio_2_0.dcp' for cell 'video_out_pynq_z2_i/axi_gpio_2'
INFO: [Project 1-454] Reading design checkpoint 'c:/selected_topics_hdmi/pyzq/hw/hw_proj/hw_proj.gen/sources_1/bd/video_out_pynq_z2/ip/video_out_pynq_z2_axis_data_fifo_0_0/video_out_pynq_z2_axis_data_fifo_0_0.dcp' for cell 'video_out_pynq_z2_i/axis_data_fifo_0'
INFO: [Project 1-454] Reading design checkpoint 'c:/selected_topics_hdmi/pyzq/hw/hw_proj/hw_proj.gen/sources_1/bd/video_out_pynq_z2/ip/video_out_pynq_z2_axis_register_slice_0_0/video_out_pynq_z2_axis_register_slice_0_0.dcp' for cell 'video_out_pynq_z2_i/axis_register_slice_0'
INFO: [Project 1-454] Reading design checkpoint 'c:/selected_topics_hdmi/pyzq/hw/hw_proj/hw_proj.gen/sources_1/bd/video_out_pynq_z2/ip/video_out_pynq_z2_clk_wiz_0_0/video_out_pynq_z2_clk_wiz_0_0.dcp' for cell 'video_out_pynq_z2_i/clk_wiz_0'
INFO: [Project 1-454] Reading design checkpoint 'c:/selected_topics_hdmi/pyzq/hw/hw_proj/hw_proj.gen/sources_1/bd/video_out_pynq_z2/ip/video_out_pynq_z2_dvi2rgb_0_0/video_out_pynq_z2_dvi2rgb_0_0.dcp' for cell 'video_out_pynq_z2_i/dvi2rgb_0'
INFO: [Project 1-454] Reading design checkpoint 'c:/selected_topics_hdmi/pyzq/hw/hw_proj/hw_proj.gen/sources_1/bd/video_out_pynq_z2/ip/video_out_pynq_z2_proc_sys_vid_clk_0/video_out_pynq_z2_proc_sys_vid_clk_0.dcp' for cell 'video_out_pynq_z2_i/proc_sys_vid_clk'
INFO: [Project 1-454] Reading design checkpoint 'c:/selected_topics_hdmi/pyzq/hw/hw_proj/hw_proj.gen/sources_1/bd/video_out_pynq_z2/ip/video_out_pynq_z2_processing_system7_0_0/video_out_pynq_z2_processing_system7_0_0.dcp' for cell 'video_out_pynq_z2_i/processing_system7_0'
INFO: [Project 1-454] Reading design checkpoint 'c:/selected_topics_hdmi/pyzq/hw/hw_proj/hw_proj.gen/sources_1/bd/video_out_pynq_z2/ip/video_out_pynq_z2_rgb2dvi_0_0/video_out_pynq_z2_rgb2dvi_0_0.dcp' for cell 'video_out_pynq_z2_i/rgb2dvi_0'
INFO: [Project 1-454] Reading design checkpoint 'c:/selected_topics_hdmi/pyzq/hw/hw_proj/hw_proj.gen/sources_1/bd/video_out_pynq_z2/ip/video_out_pynq_z2_rst_ps7_0_100M_0/video_out_pynq_z2_rst_ps7_0_100M_0.dcp' for cell 'video_out_pynq_z2_i/rst_ps7_0_100M'
INFO: [Project 1-454] Reading design checkpoint 'c:/selected_topics_hdmi/pyzq/hw/hw_proj/hw_proj.gen/sources_1/bd/video_out_pynq_z2/ip/video_out_pynq_z2_smartconnect_0_0/video_out_pynq_z2_smartconnect_0_0.dcp' for cell 'video_out_pynq_z2_i/smartconnect_0'
INFO: [Project 1-454] Reading design checkpoint 'c:/selected_topics_hdmi/pyzq/hw/hw_proj/hw_proj.gen/sources_1/bd/video_out_pynq_z2/ip/video_out_pynq_z2_util_vector_logic_0_0/video_out_pynq_z2_util_vector_logic_0_0.dcp' for cell 'video_out_pynq_z2_i/util_vector_logic_0'
INFO: [Project 1-454] Reading design checkpoint 'c:/selected_topics_hdmi/pyzq/hw/hw_proj/hw_proj.gen/sources_1/bd/video_out_pynq_z2/ip/video_out_pynq_z2_v_axi4s_vid_out_0_0/video_out_pynq_z2_v_axi4s_vid_out_0_0.dcp' for cell 'video_out_pynq_z2_i/v_axi4s_vid_out_0'
INFO: [Project 1-454] Reading design checkpoint 'c:/selected_topics_hdmi/pyzq/hw/hw_proj/hw_proj.gen/sources_1/bd/video_out_pynq_z2/ip/video_out_pynq_z2_v_tc_0_0/video_out_pynq_z2_v_tc_0_0.dcp' for cell 'video_out_pynq_z2_i/v_tc_0'
INFO: [Project 1-454] Reading design checkpoint 'c:/selected_topics_hdmi/pyzq/hw/hw_proj/hw_proj.gen/sources_1/bd/video_out_pynq_z2/ip/video_out_pynq_z2_v_vid_in_axi4s_0_0/video_out_pynq_z2_v_vid_in_axi4s_0_0.dcp' for cell 'video_out_pynq_z2_i/v_vid_in_axi4s_0'
INFO: [Project 1-454] Reading design checkpoint 'c:/selected_topics_hdmi/pyzq/hw/hw_proj/hw_proj.gen/sources_1/bd/video_out_pynq_z2/ip/video_out_pynq_z2_video_gray_live_0_0/video_out_pynq_z2_video_gray_live_0_0.dcp' for cell 'video_out_pynq_z2_i/video_gray_live_0'
Netlist sorting complete. Time (s): cpu = 00:00:01 ; elapsed = 00:00:00.313 . Memory (MB): peak = 1068.910 ; gain = 0.000
INFO: [Netlist 29-17] Analyzing 803 Unisim elements for replacement
INFO: [Netlist 29-28] Unisim Transformation completed in 0 CPU seconds
INFO: [Project 1-479] Netlist was created with Vivado 2023.2
INFO: [Project 1-570] Preparing netlist for logic optimization
WARNING: [Opt 31-32] Removing redundant IBUF since it is not being driven by a top-level port. video_out_pynq_z2_i/clk_wiz_0/inst/CLK_CORE_DRP_I/clk_inst/clkin1_ibufg 
Resolution: The tool has removed redundant IBUF. To resolve this warning, check for redundant IBUF in the input design.
WARNING: [Constraints 18-550] Could not create 'IBUF_LOW_PWR' constraint because net 'video_out_pynq_z2_i/clk_wiz_0/clk_in1' is not directly connected to top level port. 'IBUF_LOW_PWR' is ignored for synthesis but preserved for implementation.
Parsing XDC File [c:/selected_topics_hdmi/pyzq/hw/hw_proj/hw_proj.gen/sources_1/bd/video_out_pynq_z2/ip/video_out_pynq_z2_axi_gpio_0_0/video_out_pynq_z2_axi_gpio_0_0_board.xdc] for cell 'video_out_pynq_z2_i/axi_gpio_0/U0'
Finished Parsing XDC File [c:/selected_topics_hdmi/pyzq/hw/hw_proj/hw_proj.gen/sources_1/bd/video_out_pynq_z2/ip/video_out_pynq_z2_axi_gpio_0_0/video_out_pynq_z2_axi_gpio_0_0_board.xdc] for cell 'video_out_pynq_z2_i/axi_gpio_0/U0'
Parsing XDC File [c:/selected_topics_hdmi/pyzq/hw/hw_proj/hw_proj.gen/sources_1/bd/video_out_pynq_z2/ip/video_out_pynq_z2_axi_gpio_0_0/video_out_pynq_z2_axi_gpio_0_0.xdc] for cell 'video_out_pynq_z2_i/axi_gpio_0/U0'
Finished Parsing XDC File [c:/selected_topics_hdmi/pyzq/hw/hw_proj/hw_proj.gen/sources_1/bd/video_out_pynq_z2/ip/video_out_pynq_z2_axi_gpio_0_0/video_out_pynq_z2_axi_gpio_0_0.xdc] for cell 'video_out_pynq_z2_i/axi_gpio_0/U0'
Parsing XDC File [c:/selected_topics_hdmi/pyzq/hw/hw_proj/hw_proj.gen/sources_1/bd/video_out_pynq_z2/ip/video_out_pynq_z2_clk_wiz_0_0/video_out_pynq_z2_clk_wiz_0_0_board.xdc] for cell 'video_out_pynq_z2_i/clk_wiz_0/inst'
Finished Parsing XDC File [c:/selected_topics_hdmi/pyzq/hw/hw_proj/hw_proj.gen/sources_1/bd/video_out_pynq_z2/ip/video_out_pynq_z2_clk_wiz_0_0/video_out_pynq_z2_clk_wiz_0_0_board.xdc] for cell 'video_out_pynq_z2_i/clk_wiz_0/inst'
Parsing XDC File [c:/selected_topics_hdmi/pyzq/hw/hw_proj/hw_proj.gen/sources_1/bd/video_out_pynq_z2/ip/video_out_pynq_z2_clk_wiz_0_0/video_out_pynq_z2_clk_wiz_0_0.xdc] for cell 'video_out_pynq_z2_i/clk_wiz_0/inst'
INFO: [Timing 38-35] Done setting XDC timing constraints. [c:/selected_topics_hdmi/pyzq/hw/hw_proj/hw_proj.gen/sources_1/bd/video_out_pynq_z2/ip/video_out_pynq_z2_clk_wiz_0_0/video_out_pynq_z2_clk_wiz_0_0.xdc:54]
INFO: [Timing 38-2] Deriving generated clocks [c:/selected_topics_hdmi/pyzq/hw/hw_proj/hw_proj.gen/sources_1/bd/video_out_pynq_z2/ip/video_out_pynq_z2_clk_wiz_0_0/video_out_pynq_z2_clk_wiz_0_0.xdc:54]
get_clocks: Time (s): cpu = 00:00:07 ; elapsed = 00:00:07 . Memory (MB): peak = 1820.910 ; gain = 581.746
Finished Parsing XDC File [c:/selected_topics_hdmi/pyzq/hw/hw_proj/hw_proj.gen/sources_1/bd/video_out_pynq_z2/ip/video_out_pynq_z2_clk_wiz_0_0/video_out_pynq_z2_clk_wiz_0_0.xdc] for cell 'video_out_pynq_z2_i/clk_wiz_0/inst'
Parsing XDC File [c:/selected_topics_hdmi/pyzq/hw/hw_proj/hw_proj.gen/sources_1/bd/video_out_pynq_z2/ip/video_out_pynq_z2_proc_sys_vid_clk_0/video_out_pynq_z2_proc_sys_vid_clk_0_board.xdc] for cell 'video_out_pynq_z2_i/proc_sys_vid_clk/U0'
Finished Parsing XDC File [c:/selected_topics_hdmi/pyzq/hw/hw_proj/hw_proj.gen/sources_1/bd/video_out_pynq_z2/ip/video_out_pynq_z2_proc_sys_vid_clk_0/video_out_pynq_z2_proc_sys_vid_clk_0_board.xdc] for cell 'video_out_pynq_z2_i/proc_sys_vid_clk/U0'
Parsing XDC File [c:/selected_topics_hdmi/pyzq/hw/hw_proj/hw_proj.gen/sources_1/bd/video_out_pynq_z2/ip/video_out_pynq_z2_proc_sys_vid_clk_0/video_out_pynq_z2_proc_sys_vid_clk_0.xdc] for cell 'video_out_pynq_z2_i/proc_sys_vid_clk/U0'
Finished Parsing XDC File [c:/selected_topics_hdmi/pyzq/hw/hw_proj/hw_proj.gen/sources_1/bd/video_out_pynq_z2/ip/video_out_pynq_z2_proc_sys_vid_clk_0/video_out_pynq_z2_proc_sys_vid_clk_0.xdc] for cell 'video_out_pynq_z2_i/proc_sys_vid_clk/U0'
Parsing XDC File [c:/selected_topics_hdmi/pyzq/hw/hw_proj/hw_proj.gen/sources_1/bd/video_out_pynq_z2/ip/video_out_pynq_z2_processing_system7_0_0/video_out_pynq_z2_processing_system7_0_0.xdc] for cell 'video_out_pynq_z2_i/processing_system7_0/inst'
CRITICAL WARNING: [Netlist 29-160] Cannot set property 'iostandard', because the property does not exist for objects of type 'pin'. [c:/selected_topics_hdmi/pyzq/hw/hw_proj/hw_proj.gen/sources_1/bd/video_out_pynq_z2/ip/video_out_pynq_z2_processing_system7_0_0/video_out_pynq_z2_processing_system7_0_0.xdc:33]
Resolution: Modify the set_property command to apply the property on the correct object type. Since the property is being applied as a scoped constraint, ensure the proper connectivity of the object port objects can be translated into pin objects. This could be due to the insertion of IO Buffers between the top level terminal and cell pin. If the goal is to apply constraints that will migrate to top level ports it is required that IO Buffers manually be instanced.
CRITICAL WARNING: [Netlist 29-160] Cannot set property 'PACKAGE_PIN', because the property does not exist for objects of type 'pin'. [c:/selected_topics_hdmi/pyzq/hw/hw_proj/hw_proj.gen/sources_1/bd/video_out_pynq_z2/ip/video_out_pynq_z2_processing_system7_0_0/video_out_pynq_z2_processing_system7_0_0.xdc:34]
Resolution: Modify the set_property command to apply the property on the correct object type. Since the property is being applied as a scoped constraint, ensure the proper connectivity of the object port objects can be translated into pin objects. This could be due to the insertion of IO Buffers between the top level terminal and cell pin. If the goal is to apply constraints that will migrate to top level ports it is required that IO Buffers manually be instanced.
CRITICAL WARNING: [Netlist 29-160] Cannot set property 'slew', because the property does not exist for objects of type 'pin'. [c:/selected_topics_hdmi/pyzq/hw/hw_proj/hw_proj.gen/sources_1/bd/video_out_pynq_z2/ip/video_out_pynq_z2_processing_system7_0_0/video_out_pynq_z2_processing_system7_0_0.xdc:35]
Resolution: Modify the set_property command to apply the property on the correct object type. Since the property is being applied as a scoped constraint, ensure the proper connectivity of the object port objects can be translated into pin objects. This could be due to the insertion of IO Buffers between the top level terminal and cell pin. If the goal is to apply constraints that will migrate to top level ports it is required that IO Buffers manually be instanced.
CRITICAL WARNING: [Netlist 29-160] Cannot set property 'drive', because the property does not exist for objects of type 'pin'. [c:/selected_topics_hdmi/pyzq/hw/hw_proj/hw_proj.gen/sources_1/bd/video_out_pynq_z2/ip/video_out_pynq_z2_processing_system7_0_0/video_out_pynq_z2_processing_system7_0_0.xdc:36]
Resolution: Modify the set_property command to apply the property on the correct object type. Since the property is being applied as a scoped constraint, ensure the proper connectivity of the object port objects can be translated into pin objects. This could be due to the insertion of IO Buffers between the top level terminal and cell pin. If the goal is to apply constraints that will migrate to top level ports it is required that IO Buffers manually be instanced.
CRITICAL WARNING: [Netlist 29-160] Cannot set property 'pullup', because the property does not exist for objects of type 'pin'. [c:/selected_topics_hdmi/pyzq/hw/hw_proj/hw_proj.gen/sources_1/bd/video_out_pynq_z2/ip/video_out_pynq_z2_processing_system7_0_0/video_out_pynq_z2_processing_system7_0_0.xdc:37]
Resolution: Modify the set_property command to apply the property on the correct object type. Since the property is being applied as a scoped constraint, ensure the proper connectivity of the object port objects can be translated into pin objects. This could be due to the insertion of IO Buffers between the top level terminal and cell pin. If the goal is to apply constraints that will migrate to top level ports it is required that IO Buffers manually be instanced.
CRITICAL WARNING: [Netlist 29-160] Cannot set property 'PIO_DIRECTION', because the property does not exist for objects of type 'pin'. [c:/selected_topics_hdmi/pyzq/hw/hw_proj/hw_proj.gen/sources_1/bd/video_out_pynq_z2/ip/video_out_pynq_z2_processing_system7_0_0/video_out_pynq_z2_processing_system7_0_0.xdc:38]
Resolution: Modify the set_property command to apply the property on the correct object type. Since the property is being applied as a scoped constraint, ensure the proper connectivity of the object port objects can be translated into pin objects. This could be due to the insertion of IO Buffers between the top level terminal and cell pin. If the goal is to apply constraints that will migrate to top level ports it is required that IO Buffers manually be instanced.
CRITICAL WARNING: [Netlist 29-160] Cannot set property 'iostandard', because the property does not exist for objects of type 'pin'. [c:/selected_topics_hdmi/pyzq/hw/hw_proj/hw_proj.gen/sources_1/bd/video_out_pynq_z2/ip/video_out_pynq_z2_processing_system7_0_0/video_out_pynq_z2_processing_system7_0_0.xdc:40]
Resolution: Modify the set_property command to apply the property on the correct object type. Since the property is being applied as a scoped constraint, ensure the proper connectivity of the object port objects can be translated into pin objects. This could be due to the insertion of IO Buffers between the top level terminal and cell pin. If the goal is to apply constraints that will migrate to top level ports it is required that IO Buffers manually be instanced.
CRITICAL WARNING: [Netlist 29-160] Cannot set property 'PACKAGE_PIN', because the property does not exist for objects of type 'pin'. [c:/selected_topics_hdmi/pyzq/hw/hw_proj/hw_proj.gen/sources_1/bd/video_out_pynq_z2/ip/video_out_pynq_z2_processing_system7_0_0/video_out_pynq_z2_processing_system7_0_0.xdc:41]
Resolution: Modify the set_property command to apply the property on the correct object type. Since the property is being applied as a scoped constraint, ensure the proper connectivity of the object port objects can be translated into pin objects. This could be due to the insertion of IO Buffers between the top level terminal and cell pin. If the goal is to apply constraints that will migrate to top level ports it is required that IO Buffers manually be instanced.
CRITICAL WARNING: [Netlist 29-160] Cannot set property 'slew', because the property does not exist for objects of type 'pin'. [c:/selected_topics_hdmi/pyzq/hw/hw_proj/hw_proj.gen/sources_1/bd/video_out_pynq_z2/ip/video_out_pynq_z2_processing_system7_0_0/video_out_pynq_z2_processing_system7_0_0.xdc:42]
Resolution: Modify the set_property command to apply the property on the correct object type. Since the property is being applied as a scoped constraint, ensure the proper connectivity of the object port objects can be translated into pin objects. This could be due to the insertion of IO Buffers between the top level terminal and cell pin. If the goal is to apply constraints that will migrate to top level ports it is required that IO Buffers manually be instanced.
CRITICAL WARNING: [Netlist 29-160] Cannot set property 'drive', because the property does not exist for objects of type 'pin'. [c:/selected_topics_hdmi/pyzq/hw/hw_proj/hw_proj.gen/sources_1/bd/video_out_pynq_z2/ip/video_out_pynq_z2_processing_system7_0_0/video_out_pynq_z2_processing_system7_0_0.xdc:43]
Resolution: Modify the set_property command to apply the property on the correct object type. Since the property is being applied as a scoped constraint, ensure the proper connectivity of the object port objects can be translated into pin objects. This could be due to the insertion of IO Buffers between the top level terminal and cell pin. If the goal is to apply constraints that will migrate to top level ports it is required that IO Buffers manually be instanced.
CRITICAL WARNING: [Netlist 29-160] Cannot set property 'pullup', because the property does not exist for objects of type 'pin'. [c:/selected_topics_hdmi/pyzq/hw/hw_proj/hw_proj.gen/sources_1/bd/video_out_pynq_z2/ip/video_out_pynq_z2_processing_system7_0_0/video_out_pynq_z2_processing_system7_0_0.xdc:44]
Resolution: Modify the set_property command to apply the property on the correct object type. Since the property is being applied as a scoped constraint, ensure the proper connectivity of the object port objects can be translated into pin objects. This could be due to the insertion of IO Buffers between the top level terminal and cell pin. If the goal is to apply constraints that will migrate to top level ports it is required that IO Buffers manually be instanced.
CRITICAL WARNING: [Netlist 29-160] Cannot set property 'PIO_DIRECTION', because the property does not exist for objects of type 'pin'. [c:/selected_topics_hdmi/pyzq/hw/hw_proj/hw_proj.gen/sources_1/bd/video_out_pynq_z2/ip/video_out_pynq_z2_processing_system7_0_0/video_out_pynq_z2_processing_system7_0_0.xdc:45]
Resolution: Modify the set_property command to apply the property on the correct object type. Since the property is being applied as a scoped constraint, ensure the proper connectivity of the object port objects can be translated into pin objects. This could be due to the insertion of IO Buffers between the top level terminal and cell pin. If the goal is to apply constraints that will migrate to top level ports it is required that IO Buffers manually be instanced.
CRITICAL WARNING: [Netlist 29-160] Cannot set property 'iostandard', because the property does not exist for objects of type 'pin'. [c:/selected_topics_hdmi/pyzq/hw/hw_proj/hw_proj.gen/sources_1/bd/video_out_pynq_z2/ip/video_out_pynq_z2_processing_system7_0_0/video_out_pynq_z2_processing_system7_0_0.xdc:47]
Resolution: Modify the set_property command to apply the property on the correct object type. Since the property is being applied as a scoped constraint, ensure the proper connectivity of the object port objects can be translated into pin objects. This could be due to the insertion of IO Buffers between the top level terminal and cell pin. If the goal is to apply constraints that will migrate to top level ports it is required that IO Buffers manually be instanced.
CRITICAL WARNING: [Netlist 29-160] Cannot set property 'PACKAGE_PIN', because the property does not exist for objects of type 'pin'. [c:/selected_topics_hdmi/pyzq/hw/hw_proj/hw_proj.gen/sources_1/bd/video_out_pynq_z2/ip/video_out_pynq_z2_processing_system7_0_0/video_out_pynq_z2_processing_system7_0_0.xdc:48]
Resolution: Modify the set_property command to apply the property on the correct object type. Since the property is being applied as a scoped constraint, ensure the proper connectivity of the object port objects can be translated into pin objects. This could be due to the insertion of IO Buffers between the top level terminal and cell pin. If the goal is to apply constraints that will migrate to top level ports it is required that IO Buffers manually be instanced.
CRITICAL WARNING: [Netlist 29-160] Cannot set property 'slew', because the property does not exist for objects of type 'pin'. [c:/selected_topics_hdmi/pyzq/hw/hw_proj/hw_proj.gen/sources_1/bd/video_out_pynq_z2/ip/video_out_pynq_z2_processing_system7_0_0/video_out_pynq_z2_processing_system7_0_0.xdc:49]
Resolution: Modify the set_property command to apply the property on the correct object type. Since the property is being applied as a scoped constraint, ensure the proper connectivity of the object port objects can be translated into pin objects. This could be due to the insertion of IO Buffers between the top level terminal and cell pin. If the goal is to apply constraints that will migrate to top level ports it is required that IO Buffers manually be instanced.
CRITICAL WARNING: [Netlist 29-160] Cannot set property 'drive', because the property does not exist for objects of type 'pin'. [c:/selected_topics_hdmi/pyzq/hw/hw_proj/hw_proj.gen/sources_1/bd/video_out_pynq_z2/ip/video_out_pynq_z2_processing_system7_0_0/video_out_pynq_z2_processing_system7_0_0.xdc:50]
Resolution: Modify the set_property command to apply the property on the correct object type. Since the property is being applied as a scoped constraint, ensure the proper connectivity of the object port objects can be translated into pin objects. This could be due to the insertion of IO Buffers between the top level terminal and cell pin. If the goal is to apply constraints that will migrate to top level ports it is required that IO Buffers manually be instanced.
CRITICAL WARNING: [Netlist 29-160] Cannot set property 'pullup', because the property does not exist for objects of type 'pin'. [c:/selected_topics_hdmi/pyzq/hw/hw_proj/hw_proj.gen/sources_1/bd/video_out_pynq_z2/ip/video_out_pynq_z2_processing_system7_0_0/video_out_pynq_z2_processing_system7_0_0.xdc:51]
Resolution: Modify the set_property command to apply the property on the correct object type. Since the property is being applied as a scoped constraint, ensure the proper connectivity of the object port objects can be translated into pin objects. This could be due to the insertion of IO Buffers between the top level terminal and cell pin. If the goal is to apply constraints that will migrate to top level ports it is required that IO Buffers manually be instanced.
CRITICAL WARNING: [Netlist 29-160] Cannot set property 'PIO_DIRECTION', because the property does not exist for objects of type 'pin'. [c:/selected_topics_hdmi/pyzq/hw/hw_proj/hw_proj.gen/sources_1/bd/video_out_pynq_z2/ip/video_out_pynq_z2_processing_system7_0_0/video_out_pynq_z2_processing_system7_0_0.xdc:52]
Resolution: Modify the set_property command to apply the property on the correct object type. Since the property is being applied as a scoped constraint, ensure the proper connectivity of the object port objects can be translated into pin objects. This could be due to the insertion of IO Buffers between the top level terminal and cell pin. If the goal is to apply constraints that will migrate to top level ports it is required that IO Buffers manually be instanced.
CRITICAL WARNING: [Netlist 29-160] Cannot set property 'iostandard', because the property does not exist for objects of type 'pin'. [c:/selected_topics_hdmi/pyzq/hw/hw_proj/hw_proj.gen/sources_1/bd/video_out_pynq_z2/ip/video_out_pynq_z2_processing_system7_0_0/video_out_pynq_z2_processing_system7_0_0.xdc:54]
Resolution: Modify the set_property command to apply the property on the correct object type. Since the property is being applied as a scoped constraint, ensure the proper connectivity of the object port objects can be translated into pin objects. This could be due to the insertion of IO Buffers between the top level terminal and cell pin. If the goal is to apply constraints that will migrate to top level ports it is required that IO Buffers manually be instanced.
CRITICAL WARNING: [Netlist 29-160] Cannot set property 'PACKAGE_PIN', because the property does not exist for objects of type 'pin'. [c:/selected_topics_hdmi/pyzq/hw/hw_proj/hw_proj.gen/sources_1/bd/video_out_pynq_z2/ip/video_out_pynq_z2_processing_system7_0_0/video_out_pynq_z2_processing_system7_0_0.xdc:55]
Resolution: Modify the set_property command to apply the property on the correct object type. Since the property is being applied as a scoped constraint, ensure the proper connectivity of the object port objects can be translated into pin objects. This could be due to the insertion of IO Buffers between the top level terminal and cell pin. If the goal is to apply constraints that will migrate to top level ports it is required that IO Buffers manually be instanced.
CRITICAL WARNING: [Netlist 29-160] Cannot set property 'slew', because the property does not exist for objects of type 'pin'. [c:/selected_topics_hdmi/pyzq/hw/hw_proj/hw_proj.gen/sources_1/bd/video_out_pynq_z2/ip/video_out_pynq_z2_processing_system7_0_0/video_out_pynq_z2_processing_system7_0_0.xdc:56]
Resolution: Modify the set_property command to apply the property on the correct object type. Since the property is being applied as a scoped constraint, ensure the proper connectivity of the object port objects can be translated into pin objects. This could be due to the insertion of IO Buffers between the top level terminal and cell pin. If the goal is to apply constraints that will migrate to top level ports it is required that IO Buffers manually be instanced.
CRITICAL WARNING: [Netlist 29-160] Cannot set property 'drive', because the property does not exist for objects of type 'pin'. [c:/selected_topics_hdmi/pyzq/hw/hw_proj/hw_proj.gen/sources_1/bd/video_out_pynq_z2/ip/video_out_pynq_z2_processing_system7_0_0/video_out_pynq_z2_processing_system7_0_0.xdc:57]
Resolution: Modify the set_property command to apply the property on the correct object type. Since the property is being applied as a scoped constraint, ensure the proper connectivity of the object port objects can be translated into pin objects. This could be due to the insertion of IO Buffers between the top level terminal and cell pin. If the goal is to apply constraints that will migrate to top level ports it is required that IO Buffers manually be instanced.
CRITICAL WARNING: [Netlist 29-160] Cannot set property 'pullup', because the property does not exist for objects of type 'pin'. [c:/selected_topics_hdmi/pyzq/hw/hw_proj/hw_proj.gen/sources_1/bd/video_out_pynq_z2/ip/video_out_pynq_z2_processing_system7_0_0/video_out_pynq_z2_processing_system7_0_0.xdc:58]
Resolution: Modify the set_property command to apply the property on the correct object type. Since the property is being applied as a scoped constraint, ensure the proper connectivity of the object port objects can be translated into pin objects. This could be due to the insertion of IO Buffers between the top level terminal and cell pin. If the goal is to apply constraints that will migrate to top level ports it is required that IO Buffers manually be instanced.
CRITICAL WARNING: [Netlist 29-160] Cannot set property 'PIO_DIRECTION', because the property does not exist for objects of type 'pin'. [c:/selected_topics_hdmi/pyzq/hw/hw_proj/hw_proj.gen/sources_1/bd/video_out_pynq_z2/ip/video_out_pynq_z2_processing_system7_0_0/video_out_pynq_z2_processing_system7_0_0.xdc:59]
Resolution: Modify the set_property command to apply the property on the correct object type. Since the property is being applied as a scoped constraint, ensure the proper connectivity of the object port objects can be translated into pin objects. This could be due to the insertion of IO Buffers between the top level terminal and cell pin. If the goal is to apply constraints that will migrate to top level ports it is required that IO Buffers manually be instanced.
CRITICAL WARNING: [Netlist 29-160] Cannot set property 'iostandard', because the property does not exist for objects of type 'pin'. [c:/selected_topics_hdmi/pyzq/hw/hw_proj/hw_proj.gen/sources_1/bd/video_out_pynq_z2/ip/video_out_pynq_z2_processing_system7_0_0/video_out_pynq_z2_processing_system7_0_0.xdc:61]
Resolution: Modify the set_property command to apply the property on the correct object type. Since the property is being applied as a scoped constraint, ensure the proper connectivity of the object port objects can be translated into pin objects. This could be due to the insertion of IO Buffers between the top level terminal and cell pin. If the goal is to apply constraints that will migrate to top level ports it is required that IO Buffers manually be instanced.
CRITICAL WARNING: [Netlist 29-160] Cannot set property 'PACKAGE_PIN', because the property does not exist for objects of type 'pin'. [c:/selected_topics_hdmi/pyzq/hw/hw_proj/hw_proj.gen/sources_1/bd/video_out_pynq_z2/ip/video_out_pynq_z2_processing_system7_0_0/video_out_pynq_z2_processing_system7_0_0.xdc:62]
Resolution: Modify the set_property command to apply the property on the correct object type. Since the property is being applied as a scoped constraint, ensure the proper connectivity of the object port objects can be translated into pin objects. This could be due to the insertion of IO Buffers between the top level terminal and cell pin. If the goal is to apply constraints that will migrate to top level ports it is required that IO Buffers manually be instanced.
CRITICAL WARNING: [Netlist 29-160] Cannot set property 'slew', because the property does not exist for objects of type 'pin'. [c:/selected_topics_hdmi/pyzq/hw/hw_proj/hw_proj.gen/sources_1/bd/video_out_pynq_z2/ip/video_out_pynq_z2_processing_system7_0_0/video_out_pynq_z2_processing_system7_0_0.xdc:63]
Resolution: Modify the set_property command to apply the property on the correct object type. Since the property is being applied as a scoped constraint, ensure the proper connectivity of the object port objects can be translated into pin objects. This could be due to the insertion of IO Buffers between the top level terminal and cell pin. If the goal is to apply constraints that will migrate to top level ports it is required that IO Buffers manually be instanced.
CRITICAL WARNING: [Netlist 29-160] Cannot set property 'drive', because the property does not exist for objects of type 'pin'. [c:/selected_topics_hdmi/pyzq/hw/hw_proj/hw_proj.gen/sources_1/bd/video_out_pynq_z2/ip/video_out_pynq_z2_processing_system7_0_0/video_out_pynq_z2_processing_system7_0_0.xdc:64]
Resolution: Modify the set_property command to apply the property on the correct object type. Since the property is being applied as a scoped constraint, ensure the proper connectivity of the object port objects can be translated into pin objects. This could be due to the insertion of IO Buffers between the top level terminal and cell pin. If the goal is to apply constraints that will migrate to top level ports it is required that IO Buffers manually be instanced.
CRITICAL WARNING: [Netlist 29-160] Cannot set property 'pullup', because the property does not exist for objects of type 'pin'. [c:/selected_topics_hdmi/pyzq/hw/hw_proj/hw_proj.gen/sources_1/bd/video_out_pynq_z2/ip/video_out_pynq_z2_processing_system7_0_0/video_out_pynq_z2_processing_system7_0_0.xdc:65]
Resolution: Modify the set_property command to apply the property on the correct object type. Since the property is being applied as a scoped constraint, ensure the proper connectivity of the object port objects can be translated into pin objects. This could be due to the insertion of IO Buffers between the top level terminal and cell pin. If the goal is to apply constraints that will migrate to top level ports it is required that IO Buffers manually be instanced.
CRITICAL WARNING: [Netlist 29-160] Cannot set property 'PIO_DIRECTION', because the property does not exist for objects of type 'pin'. [c:/selected_topics_hdmi/pyzq/hw/hw_proj/hw_proj.gen/sources_1/bd/video_out_pynq_z2/ip/video_out_pynq_z2_processing_system7_0_0/video_out_pynq_z2_processing_system7_0_0.xdc:66]
Resolution: Modify the set_property command to apply the property on the correct object type. Since the property is being applied as a scoped constraint, ensure the proper connectivity of the object port objects can be translated into pin objects. This could be due to the insertion of IO Buffers between the top level terminal and cell pin. If the goal is to apply constraints that will migrate to top level ports it is required that IO Buffers manually be instanced.
CRITICAL WARNING: [Netlist 29-160] Cannot set property 'iostandard', because the property does not exist for objects of type 'pin'. [c:/selected_topics_hdmi/pyzq/hw/hw_proj/hw_proj.gen/sources_1/bd/video_out_pynq_z2/ip/video_out_pynq_z2_processing_system7_0_0/video_out_pynq_z2_processing_system7_0_0.xdc:68]
Resolution: Modify the set_property command to apply the property on the correct object type. Since the property is being applied as a scoped constraint, ensure the proper connectivity of the object port objects can be translated into pin objects. This could be due to the insertion of IO Buffers between the top level terminal and cell pin. If the goal is to apply constraints that will migrate to top level ports it is required that IO Buffers manually be instanced.
CRITICAL WARNING: [Netlist 29-160] Cannot set property 'PACKAGE_PIN', because the property does not exist for objects of type 'pin'. [c:/selected_topics_hdmi/pyzq/hw/hw_proj/hw_proj.gen/sources_1/bd/video_out_pynq_z2/ip/video_out_pynq_z2_processing_system7_0_0/video_out_pynq_z2_processing_system7_0_0.xdc:69]
Resolution: Modify the set_property command to apply the property on the correct object type. Since the property is being applied as a scoped constraint, ensure the proper connectivity of the object port objects can be translated into pin objects. This could be due to the insertion of IO Buffers between the top level terminal and cell pin. If the goal is to apply constraints that will migrate to top level ports it is required that IO Buffers manually be instanced.
CRITICAL WARNING: [Netlist 29-160] Cannot set property 'slew', because the property does not exist for objects of type 'pin'. [c:/selected_topics_hdmi/pyzq/hw/hw_proj/hw_proj.gen/sources_1/bd/video_out_pynq_z2/ip/video_out_pynq_z2_processing_system7_0_0/video_out_pynq_z2_processing_system7_0_0.xdc:70]
Resolution: Modify the set_property command to apply the property on the correct object type. Since the property is being applied as a scoped constraint, ensure the proper connectivity of the object port objects can be translated into pin objects. This could be due to the insertion of IO Buffers between the top level terminal and cell pin. If the goal is to apply constraints that will migrate to top level ports it is required that IO Buffers manually be instanced.
CRITICAL WARNING: [Netlist 29-160] Cannot set property 'drive', because the property does not exist for objects of type 'pin'. [c:/selected_topics_hdmi/pyzq/hw/hw_proj/hw_proj.gen/sources_1/bd/video_out_pynq_z2/ip/video_out_pynq_z2_processing_system7_0_0/video_out_pynq_z2_processing_system7_0_0.xdc:71]
Resolution: Modify the set_property command to apply the property on the correct object type. Since the property is being applied as a scoped constraint, ensure the proper connectivity of the object port objects can be translated into pin objects. This could be due to the insertion of IO Buffers between the top level terminal and cell pin. If the goal is to apply constraints that will migrate to top level ports it is required that IO Buffers manually be instanced.
CRITICAL WARNING: [Netlist 29-160] Cannot set property 'pullup', because the property does not exist for objects of type 'pin'. [c:/selected_topics_hdmi/pyzq/hw/hw_proj/hw_proj.gen/sources_1/bd/video_out_pynq_z2/ip/video_out_pynq_z2_processing_system7_0_0/video_out_pynq_z2_processing_system7_0_0.xdc:72]
Resolution: Modify the set_property command to apply the property on the correct object type. Since the property is being applied as a scoped constraint, ensure the proper connectivity of the object port objects can be translated into pin objects. This could be due to the insertion of IO Buffers between the top level terminal and cell pin. If the goal is to apply constraints that will migrate to top level ports it is required that IO Buffers manually be instanced.
CRITICAL WARNING: [Netlist 29-160] Cannot set property 'PIO_DIRECTION', because the property does not exist for objects of type 'pin'. [c:/selected_topics_hdmi/pyzq/hw/hw_proj/hw_proj.gen/sources_1/bd/video_out_pynq_z2/ip/video_out_pynq_z2_processing_system7_0_0/video_out_pynq_z2_processing_system7_0_0.xdc:73]
Resolution: Modify the set_property command to apply the property on the correct object type. Since the property is being applied as a scoped constraint, ensure the proper connectivity of the object port objects can be translated into pin objects. This could be due to the insertion of IO Buffers between the top level terminal and cell pin. If the goal is to apply constraints that will migrate to top level ports it is required that IO Buffers manually be instanced.
CRITICAL WARNING: [Netlist 29-160] Cannot set property 'iostandard', because the property does not exist for objects of type 'pin'. [c:/selected_topics_hdmi/pyzq/hw/hw_proj/hw_proj.gen/sources_1/bd/video_out_pynq_z2/ip/video_out_pynq_z2_processing_system7_0_0/video_out_pynq_z2_processing_system7_0_0.xdc:75]
Resolution: Modify the set_property command to apply the property on the correct object type. Since the property is being applied as a scoped constraint, ensure the proper connectivity of the object port objects can be translated into pin objects. This could be due to the insertion of IO Buffers between the top level terminal and cell pin. If the goal is to apply constraints that will migrate to top level ports it is required that IO Buffers manually be instanced.
CRITICAL WARNING: [Netlist 29-160] Cannot set property 'PACKAGE_PIN', because the property does not exist for objects of type 'pin'. [c:/selected_topics_hdmi/pyzq/hw/hw_proj/hw_proj.gen/sources_1/bd/video_out_pynq_z2/ip/video_out_pynq_z2_processing_system7_0_0/video_out_pynq_z2_processing_system7_0_0.xdc:76]
Resolution: Modify the set_property command to apply the property on the correct object type. Since the property is being applied as a scoped constraint, ensure the proper connectivity of the object port objects can be translated into pin objects. This could be due to the insertion of IO Buffers between the top level terminal and cell pin. If the goal is to apply constraints that will migrate to top level ports it is required that IO Buffers manually be instanced.
CRITICAL WARNING: [Netlist 29-160] Cannot set property 'slew', because the property does not exist for objects of type 'pin'. [c:/selected_topics_hdmi/pyzq/hw/hw_proj/hw_proj.gen/sources_1/bd/video_out_pynq_z2/ip/video_out_pynq_z2_processing_system7_0_0/video_out_pynq_z2_processing_system7_0_0.xdc:77]
Resolution: Modify the set_property command to apply the property on the correct object type. Since the property is being applied as a scoped constraint, ensure the proper connectivity of the object port objects can be translated into pin objects. This could be due to the insertion of IO Buffers between the top level terminal and cell pin. If the goal is to apply constraints that will migrate to top level ports it is required that IO Buffers manually be instanced.
CRITICAL WARNING: [Netlist 29-160] Cannot set property 'drive', because the property does not exist for objects of type 'pin'. [c:/selected_topics_hdmi/pyzq/hw/hw_proj/hw_proj.gen/sources_1/bd/video_out_pynq_z2/ip/video_out_pynq_z2_processing_system7_0_0/video_out_pynq_z2_processing_system7_0_0.xdc:78]
Resolution: Modify the set_property command to apply the property on the correct object type. Since the property is being applied as a scoped constraint, ensure the proper connectivity of the object port objects can be translated into pin objects. This could be due to the insertion of IO Buffers between the top level terminal and cell pin. If the goal is to apply constraints that will migrate to top level ports it is required that IO Buffers manually be instanced.
CRITICAL WARNING: [Netlist 29-160] Cannot set property 'pullup', because the property does not exist for objects of type 'pin'. [c:/selected_topics_hdmi/pyzq/hw/hw_proj/hw_proj.gen/sources_1/bd/video_out_pynq_z2/ip/video_out_pynq_z2_processing_system7_0_0/video_out_pynq_z2_processing_system7_0_0.xdc:79]
Resolution: Modify the set_property command to apply the property on the correct object type. Since the property is being applied as a scoped constraint, ensure the proper connectivity of the object port objects can be translated into pin objects. This could be due to the insertion of IO Buffers between the top level terminal and cell pin. If the goal is to apply constraints that will migrate to top level ports it is required that IO Buffers manually be instanced.
CRITICAL WARNING: [Netlist 29-160] Cannot set property 'PIO_DIRECTION', because the property does not exist for objects of type 'pin'. [c:/selected_topics_hdmi/pyzq/hw/hw_proj/hw_proj.gen/sources_1/bd/video_out_pynq_z2/ip/video_out_pynq_z2_processing_system7_0_0/video_out_pynq_z2_processing_system7_0_0.xdc:80]
Resolution: Modify the set_property command to apply the property on the correct object type. Since the property is being applied as a scoped constraint, ensure the proper connectivity of the object port objects can be translated into pin objects. This could be due to the insertion of IO Buffers between the top level terminal and cell pin. If the goal is to apply constraints that will migrate to top level ports it is required that IO Buffers manually be instanced.
CRITICAL WARNING: [Netlist 29-160] Cannot set property 'iostandard', because the property does not exist for objects of type 'pin'. [c:/selected_topics_hdmi/pyzq/hw/hw_proj/hw_proj.gen/sources_1/bd/video_out_pynq_z2/ip/video_out_pynq_z2_processing_system7_0_0/video_out_pynq_z2_processing_system7_0_0.xdc:82]
Resolution: Modify the set_property command to apply the property on the correct object type. Since the property is being applied as a scoped constraint, ensure the proper connectivity of the object port objects can be translated into pin objects. This could be due to the insertion of IO Buffers between the top level terminal and cell pin. If the goal is to apply constraints that will migrate to top level ports it is required that IO Buffers manually be instanced.
CRITICAL WARNING: [Netlist 29-160] Cannot set property 'PACKAGE_PIN', because the property does not exist for objects of type 'pin'. [c:/selected_topics_hdmi/pyzq/hw/hw_proj/hw_proj.gen/sources_1/bd/video_out_pynq_z2/ip/video_out_pynq_z2_processing_system7_0_0/video_out_pynq_z2_processing_system7_0_0.xdc:83]
Resolution: Modify the set_property command to apply the property on the correct object type. Since the property is being applied as a scoped constraint, ensure the proper connectivity of the object port objects can be translated into pin objects. This could be due to the insertion of IO Buffers between the top level terminal and cell pin. If the goal is to apply constraints that will migrate to top level ports it is required that IO Buffers manually be instanced.
CRITICAL WARNING: [Netlist 29-160] Cannot set property 'slew', because the property does not exist for objects of type 'pin'. [c:/selected_topics_hdmi/pyzq/hw/hw_proj/hw_proj.gen/sources_1/bd/video_out_pynq_z2/ip/video_out_pynq_z2_processing_system7_0_0/video_out_pynq_z2_processing_system7_0_0.xdc:84]
Resolution: Modify the set_property command to apply the property on the correct object type. Since the property is being applied as a scoped constraint, ensure the proper connectivity of the object port objects can be translated into pin objects. This could be due to the insertion of IO Buffers between the top level terminal and cell pin. If the goal is to apply constraints that will migrate to top level ports it is required that IO Buffers manually be instanced.
CRITICAL WARNING: [Netlist 29-160] Cannot set property 'drive', because the property does not exist for objects of type 'pin'. [c:/selected_topics_hdmi/pyzq/hw/hw_proj/hw_proj.gen/sources_1/bd/video_out_pynq_z2/ip/video_out_pynq_z2_processing_system7_0_0/video_out_pynq_z2_processing_system7_0_0.xdc:85]
Resolution: Modify the set_property command to apply the property on the correct object type. Since the property is being applied as a scoped constraint, ensure the proper connectivity of the object port objects can be translated into pin objects. This could be due to the insertion of IO Buffers between the top level terminal and cell pin. If the goal is to apply constraints that will migrate to top level ports it is required that IO Buffers manually be instanced.
CRITICAL WARNING: [Netlist 29-160] Cannot set property 'pullup', because the property does not exist for objects of type 'pin'. [c:/selected_topics_hdmi/pyzq/hw/hw_proj/hw_proj.gen/sources_1/bd/video_out_pynq_z2/ip/video_out_pynq_z2_processing_system7_0_0/video_out_pynq_z2_processing_system7_0_0.xdc:86]
Resolution: Modify the set_property command to apply the property on the correct object type. Since the property is being applied as a scoped constraint, ensure the proper connectivity of the object port objects can be translated into pin objects. This could be due to the insertion of IO Buffers between the top level terminal and cell pin. If the goal is to apply constraints that will migrate to top level ports it is required that IO Buffers manually be instanced.
CRITICAL WARNING: [Netlist 29-160] Cannot set property 'PIO_DIRECTION', because the property does not exist for objects of type 'pin'. [c:/selected_topics_hdmi/pyzq/hw/hw_proj/hw_proj.gen/sources_1/bd/video_out_pynq_z2/ip/video_out_pynq_z2_processing_system7_0_0/video_out_pynq_z2_processing_system7_0_0.xdc:87]
Resolution: Modify the set_property command to apply the property on the correct object type. Since the property is being applied as a scoped constraint, ensure the proper connectivity of the object port objects can be translated into pin objects. This could be due to the insertion of IO Buffers between the top level terminal and cell pin. If the goal is to apply constraints that will migrate to top level ports it is required that IO Buffers manually be instanced.
CRITICAL WARNING: [Netlist 29-160] Cannot set property 'iostandard', because the property does not exist for objects of type 'pin'. [c:/selected_topics_hdmi/pyzq/hw/hw_proj/hw_proj.gen/sources_1/bd/video_out_pynq_z2/ip/video_out_pynq_z2_processing_system7_0_0/video_out_pynq_z2_processing_system7_0_0.xdc:89]
Resolution: Modify the set_property command to apply the property on the correct object type. Since the property is being applied as a scoped constraint, ensure the proper connectivity of the object port objects can be translated into pin objects. This could be due to the insertion of IO Buffers between the top level terminal and cell pin. If the goal is to apply constraints that will migrate to top level ports it is required that IO Buffers manually be instanced.
CRITICAL WARNING: [Netlist 29-160] Cannot set property 'PACKAGE_PIN', because the property does not exist for objects of type 'pin'. [c:/selected_topics_hdmi/pyzq/hw/hw_proj/hw_proj.gen/sources_1/bd/video_out_pynq_z2/ip/video_out_pynq_z2_processing_system7_0_0/video_out_pynq_z2_processing_system7_0_0.xdc:90]
Resolution: Modify the set_property command to apply the property on the correct object type. Since the property is being applied as a scoped constraint, ensure the proper connectivity of the object port objects can be translated into pin objects. This could be due to the insertion of IO Buffers between the top level terminal and cell pin. If the goal is to apply constraints that will migrate to top level ports it is required that IO Buffers manually be instanced.
CRITICAL WARNING: [Netlist 29-160] Cannot set property 'slew', because the property does not exist for objects of type 'pin'. [c:/selected_topics_hdmi/pyzq/hw/hw_proj/hw_proj.gen/sources_1/bd/video_out_pynq_z2/ip/video_out_pynq_z2_processing_system7_0_0/video_out_pynq_z2_processing_system7_0_0.xdc:91]
Resolution: Modify the set_property command to apply the property on the correct object type. Since the property is being applied as a scoped constraint, ensure the proper connectivity of the object port objects can be translated into pin objects. This could be due to the insertion of IO Buffers between the top level terminal and cell pin. If the goal is to apply constraints that will migrate to top level ports it is required that IO Buffers manually be instanced.
CRITICAL WARNING: [Netlist 29-160] Cannot set property 'drive', because the property does not exist for objects of type 'pin'. [c:/selected_topics_hdmi/pyzq/hw/hw_proj/hw_proj.gen/sources_1/bd/video_out_pynq_z2/ip/video_out_pynq_z2_processing_system7_0_0/video_out_pynq_z2_processing_system7_0_0.xdc:92]
Resolution: Modify the set_property command to apply the property on the correct object type. Since the property is being applied as a scoped constraint, ensure the proper connectivity of the object port objects can be translated into pin objects. This could be due to the insertion of IO Buffers between the top level terminal and cell pin. If the goal is to apply constraints that will migrate to top level ports it is required that IO Buffers manually be instanced.
CRITICAL WARNING: [Netlist 29-160] Cannot set property 'pullup', because the property does not exist for objects of type 'pin'. [c:/selected_topics_hdmi/pyzq/hw/hw_proj/hw_proj.gen/sources_1/bd/video_out_pynq_z2/ip/video_out_pynq_z2_processing_system7_0_0/video_out_pynq_z2_processing_system7_0_0.xdc:93]
Resolution: Modify the set_property command to apply the property on the correct object type. Since the property is being applied as a scoped constraint, ensure the proper connectivity of the object port objects can be translated into pin objects. This could be due to the insertion of IO Buffers between the top level terminal and cell pin. If the goal is to apply constraints that will migrate to top level ports it is required that IO Buffers manually be instanced.
CRITICAL WARNING: [Netlist 29-160] Cannot set property 'PIO_DIRECTION', because the property does not exist for objects of type 'pin'. [c:/selected_topics_hdmi/pyzq/hw/hw_proj/hw_proj.gen/sources_1/bd/video_out_pynq_z2/ip/video_out_pynq_z2_processing_system7_0_0/video_out_pynq_z2_processing_system7_0_0.xdc:94]
Resolution: Modify the set_property command to apply the property on the correct object type. Since the property is being applied as a scoped constraint, ensure the proper connectivity of the object port objects can be translated into pin objects. This could be due to the insertion of IO Buffers between the top level terminal and cell pin. If the goal is to apply constraints that will migrate to top level ports it is required that IO Buffers manually be instanced.
CRITICAL WARNING: [Netlist 29-160] Cannot set property 'iostandard', because the property does not exist for objects of type 'pin'. [c:/selected_topics_hdmi/pyzq/hw/hw_proj/hw_proj.gen/sources_1/bd/video_out_pynq_z2/ip/video_out_pynq_z2_processing_system7_0_0/video_out_pynq_z2_processing_system7_0_0.xdc:96]
Resolution: Modify the set_property command to apply the property on the correct object type. Since the property is being applied as a scoped constraint, ensure the proper connectivity of the object port objects can be translated into pin objects. This could be due to the insertion of IO Buffers between the top level terminal and cell pin. If the goal is to apply constraints that will migrate to top level ports it is required that IO Buffers manually be instanced.
CRITICAL WARNING: [Netlist 29-160] Cannot set property 'PACKAGE_PIN', because the property does not exist for objects of type 'pin'. [c:/selected_topics_hdmi/pyzq/hw/hw_proj/hw_proj.gen/sources_1/bd/video_out_pynq_z2/ip/video_out_pynq_z2_processing_system7_0_0/video_out_pynq_z2_processing_system7_0_0.xdc:97]
Resolution: Modify the set_property command to apply the property on the correct object type. Since the property is being applied as a scoped constraint, ensure the proper connectivity of the object port objects can be translated into pin objects. This could be due to the insertion of IO Buffers between the top level terminal and cell pin. If the goal is to apply constraints that will migrate to top level ports it is required that IO Buffers manually be instanced.
CRITICAL WARNING: [Netlist 29-160] Cannot set property 'slew', because the property does not exist for objects of type 'pin'. [c:/selected_topics_hdmi/pyzq/hw/hw_proj/hw_proj.gen/sources_1/bd/video_out_pynq_z2/ip/video_out_pynq_z2_processing_system7_0_0/video_out_pynq_z2_processing_system7_0_0.xdc:98]
Resolution: Modify the set_property command to apply the property on the correct object type. Since the property is being applied as a scoped constraint, ensure the proper connectivity of the object port objects can be translated into pin objects. This could be due to the insertion of IO Buffers between the top level terminal and cell pin. If the goal is to apply constraints that will migrate to top level ports it is required that IO Buffers manually be instanced.
CRITICAL WARNING: [Netlist 29-160] Cannot set property 'drive', because the property does not exist for objects of type 'pin'. [c:/selected_topics_hdmi/pyzq/hw/hw_proj/hw_proj.gen/sources_1/bd/video_out_pynq_z2/ip/video_out_pynq_z2_processing_system7_0_0/video_out_pynq_z2_processing_system7_0_0.xdc:99]
Resolution: Modify the set_property command to apply the property on the correct object type. Since the property is being applied as a scoped constraint, ensure the proper connectivity of the object port objects can be translated into pin objects. This could be due to the insertion of IO Buffers between the top level terminal and cell pin. If the goal is to apply constraints that will migrate to top level ports it is required that IO Buffers manually be instanced.
CRITICAL WARNING: [Netlist 29-160] Cannot set property 'pullup', because the property does not exist for objects of type 'pin'. [c:/selected_topics_hdmi/pyzq/hw/hw_proj/hw_proj.gen/sources_1/bd/video_out_pynq_z2/ip/video_out_pynq_z2_processing_system7_0_0/video_out_pynq_z2_processing_system7_0_0.xdc:100]
Resolution: Modify the set_property command to apply the property on the correct object type. Since the property is being applied as a scoped constraint, ensure the proper connectivity of the object port objects can be translated into pin objects. This could be due to the insertion of IO Buffers between the top level terminal and cell pin. If the goal is to apply constraints that will migrate to top level ports it is required that IO Buffers manually be instanced.
CRITICAL WARNING: [Netlist 29-160] Cannot set property 'PIO_DIRECTION', because the property does not exist for objects of type 'pin'. [c:/selected_topics_hdmi/pyzq/hw/hw_proj/hw_proj.gen/sources_1/bd/video_out_pynq_z2/ip/video_out_pynq_z2_processing_system7_0_0/video_out_pynq_z2_processing_system7_0_0.xdc:101]
Resolution: Modify the set_property command to apply the property on the correct object type. Since the property is being applied as a scoped constraint, ensure the proper connectivity of the object port objects can be translated into pin objects. This could be due to the insertion of IO Buffers between the top level terminal and cell pin. If the goal is to apply constraints that will migrate to top level ports it is required that IO Buffers manually be instanced.
CRITICAL WARNING: [Netlist 29-160] Cannot set property 'iostandard', because the property does not exist for objects of type 'pin'. [c:/selected_topics_hdmi/pyzq/hw/hw_proj/hw_proj.gen/sources_1/bd/video_out_pynq_z2/ip/video_out_pynq_z2_processing_system7_0_0/video_out_pynq_z2_processing_system7_0_0.xdc:103]
Resolution: Modify the set_property command to apply the property on the correct object type. Since the property is being applied as a scoped constraint, ensure the proper connectivity of the object port objects can be translated into pin objects. This could be due to the insertion of IO Buffers between the top level terminal and cell pin. If the goal is to apply constraints that will migrate to top level ports it is required that IO Buffers manually be instanced.
CRITICAL WARNING: [Netlist 29-160] Cannot set property 'PACKAGE_PIN', because the property does not exist for objects of type 'pin'. [c:/selected_topics_hdmi/pyzq/hw/hw_proj/hw_proj.gen/sources_1/bd/video_out_pynq_z2/ip/video_out_pynq_z2_processing_system7_0_0/video_out_pynq_z2_processing_system7_0_0.xdc:104]
Resolution: Modify the set_property command to apply the property on the correct object type. Since the property is being applied as a scoped constraint, ensure the proper connectivity of the object port objects can be translated into pin objects. This could be due to the insertion of IO Buffers between the top level terminal and cell pin. If the goal is to apply constraints that will migrate to top level ports it is required that IO Buffers manually be instanced.
CRITICAL WARNING: [Netlist 29-160] Cannot set property 'slew', because the property does not exist for objects of type 'pin'. [c:/selected_topics_hdmi/pyzq/hw/hw_proj/hw_proj.gen/sources_1/bd/video_out_pynq_z2/ip/video_out_pynq_z2_processing_system7_0_0/video_out_pynq_z2_processing_system7_0_0.xdc:105]
Resolution: Modify the set_property command to apply the property on the correct object type. Since the property is being applied as a scoped constraint, ensure the proper connectivity of the object port objects can be translated into pin objects. This could be due to the insertion of IO Buffers between the top level terminal and cell pin. If the goal is to apply constraints that will migrate to top level ports it is required that IO Buffers manually be instanced.
CRITICAL WARNING: [Netlist 29-160] Cannot set property 'drive', because the property does not exist for objects of type 'pin'. [c:/selected_topics_hdmi/pyzq/hw/hw_proj/hw_proj.gen/sources_1/bd/video_out_pynq_z2/ip/video_out_pynq_z2_processing_system7_0_0/video_out_pynq_z2_processing_system7_0_0.xdc:106]
Resolution: Modify the set_property command to apply the property on the correct object type. Since the property is being applied as a scoped constraint, ensure the proper connectivity of the object port objects can be translated into pin objects. This could be due to the insertion of IO Buffers between the top level terminal and cell pin. If the goal is to apply constraints that will migrate to top level ports it is required that IO Buffers manually be instanced.
CRITICAL WARNING: [Netlist 29-160] Cannot set property 'pullup', because the property does not exist for objects of type 'pin'. [c:/selected_topics_hdmi/pyzq/hw/hw_proj/hw_proj.gen/sources_1/bd/video_out_pynq_z2/ip/video_out_pynq_z2_processing_system7_0_0/video_out_pynq_z2_processing_system7_0_0.xdc:107]
Resolution: Modify the set_property command to apply the property on the correct object type. Since the property is being applied as a scoped constraint, ensure the proper connectivity of the object port objects can be translated into pin objects. This could be due to the insertion of IO Buffers between the top level terminal and cell pin. If the goal is to apply constraints that will migrate to top level ports it is required that IO Buffers manually be instanced.
CRITICAL WARNING: [Netlist 29-160] Cannot set property 'PIO_DIRECTION', because the property does not exist for objects of type 'pin'. [c:/selected_topics_hdmi/pyzq/hw/hw_proj/hw_proj.gen/sources_1/bd/video_out_pynq_z2/ip/video_out_pynq_z2_processing_system7_0_0/video_out_pynq_z2_processing_system7_0_0.xdc:108]
Resolution: Modify the set_property command to apply the property on the correct object type. Since the property is being applied as a scoped constraint, ensure the proper connectivity of the object port objects can be translated into pin objects. This could be due to the insertion of IO Buffers between the top level terminal and cell pin. If the goal is to apply constraints that will migrate to top level ports it is required that IO Buffers manually be instanced.
CRITICAL WARNING: [Netlist 29-160] Cannot set property 'iostandard', because the property does not exist for objects of type 'pin'. [c:/selected_topics_hdmi/pyzq/hw/hw_proj/hw_proj.gen/sources_1/bd/video_out_pynq_z2/ip/video_out_pynq_z2_processing_system7_0_0/video_out_pynq_z2_processing_system7_0_0.xdc:110]
Resolution: Modify the set_property command to apply the property on the correct object type. Since the property is being applied as a scoped constraint, ensure the proper connectivity of the object port objects can be translated into pin objects. This could be due to the insertion of IO Buffers between the top level terminal and cell pin. If the goal is to apply constraints that will migrate to top level ports it is required that IO Buffers manually be instanced.
CRITICAL WARNING: [Netlist 29-160] Cannot set property 'PACKAGE_PIN', because the property does not exist for objects of type 'pin'. [c:/selected_topics_hdmi/pyzq/hw/hw_proj/hw_proj.gen/sources_1/bd/video_out_pynq_z2/ip/video_out_pynq_z2_processing_system7_0_0/video_out_pynq_z2_processing_system7_0_0.xdc:111]
Resolution: Modify the set_property command to apply the property on the correct object type. Since the property is being applied as a scoped constraint, ensure the proper connectivity of the object port objects can be translated into pin objects. This could be due to the insertion of IO Buffers between the top level terminal and cell pin. If the goal is to apply constraints that will migrate to top level ports it is required that IO Buffers manually be instanced.
CRITICAL WARNING: [Netlist 29-160] Cannot set property 'slew', because the property does not exist for objects of type 'pin'. [c:/selected_topics_hdmi/pyzq/hw/hw_proj/hw_proj.gen/sources_1/bd/video_out_pynq_z2/ip/video_out_pynq_z2_processing_system7_0_0/video_out_pynq_z2_processing_system7_0_0.xdc:112]
Resolution: Modify the set_property command to apply the property on the correct object type. Since the property is being applied as a scoped constraint, ensure the proper connectivity of the object port objects can be translated into pin objects. This could be due to the insertion of IO Buffers between the top level terminal and cell pin. If the goal is to apply constraints that will migrate to top level ports it is required that IO Buffers manually be instanced.
CRITICAL WARNING: [Netlist 29-160] Cannot set property 'drive', because the property does not exist for objects of type 'pin'. [c:/selected_topics_hdmi/pyzq/hw/hw_proj/hw_proj.gen/sources_1/bd/video_out_pynq_z2/ip/video_out_pynq_z2_processing_system7_0_0/video_out_pynq_z2_processing_system7_0_0.xdc:113]
Resolution: Modify the set_property command to apply the property on the correct object type. Since the property is being applied as a scoped constraint, ensure the proper connectivity of the object port objects can be translated into pin objects. This could be due to the insertion of IO Buffers between the top level terminal and cell pin. If the goal is to apply constraints that will migrate to top level ports it is required that IO Buffers manually be instanced.
CRITICAL WARNING: [Netlist 29-160] Cannot set property 'pullup', because the property does not exist for objects of type 'pin'. [c:/selected_topics_hdmi/pyzq/hw/hw_proj/hw_proj.gen/sources_1/bd/video_out_pynq_z2/ip/video_out_pynq_z2_processing_system7_0_0/video_out_pynq_z2_processing_system7_0_0.xdc:114]
Resolution: Modify the set_property command to apply the property on the correct object type. Since the property is being applied as a scoped constraint, ensure the proper connectivity of the object port objects can be translated into pin objects. This could be due to the insertion of IO Buffers between the top level terminal and cell pin. If the goal is to apply constraints that will migrate to top level ports it is required that IO Buffers manually be instanced.
CRITICAL WARNING: [Netlist 29-160] Cannot set property 'PIO_DIRECTION', because the property does not exist for objects of type 'pin'. [c:/selected_topics_hdmi/pyzq/hw/hw_proj/hw_proj.gen/sources_1/bd/video_out_pynq_z2/ip/video_out_pynq_z2_processing_system7_0_0/video_out_pynq_z2_processing_system7_0_0.xdc:115]
Resolution: Modify the set_property command to apply the property on the correct object type. Since the property is being applied as a scoped constraint, ensure the proper connectivity of the object port objects can be translated into pin objects. This could be due to the insertion of IO Buffers between the top level terminal and cell pin. If the goal is to apply constraints that will migrate to top level ports it is required that IO Buffers manually be instanced.
CRITICAL WARNING: [Netlist 29-160] Cannot set property 'iostandard', because the property does not exist for objects of type 'pin'. [c:/selected_topics_hdmi/pyzq/hw/hw_proj/hw_proj.gen/sources_1/bd/video_out_pynq_z2/ip/video_out_pynq_z2_processing_system7_0_0/video_out_pynq_z2_processing_system7_0_0.xdc:117]
Resolution: Modify the set_property command to apply the property on the correct object type. Since the property is being applied as a scoped constraint, ensure the proper connectivity of the object port objects can be translated into pin objects. This could be due to the insertion of IO Buffers between the top level terminal and cell pin. If the goal is to apply constraints that will migrate to top level ports it is required that IO Buffers manually be instanced.
CRITICAL WARNING: [Netlist 29-160] Cannot set property 'PACKAGE_PIN', because the property does not exist for objects of type 'pin'. [c:/selected_topics_hdmi/pyzq/hw/hw_proj/hw_proj.gen/sources_1/bd/video_out_pynq_z2/ip/video_out_pynq_z2_processing_system7_0_0/video_out_pynq_z2_processing_system7_0_0.xdc:118]
Resolution: Modify the set_property command to apply the property on the correct object type. Since the property is being applied as a scoped constraint, ensure the proper connectivity of the object port objects can be translated into pin objects. This could be due to the insertion of IO Buffers between the top level terminal and cell pin. If the goal is to apply constraints that will migrate to top level ports it is required that IO Buffers manually be instanced.
CRITICAL WARNING: [Netlist 29-160] Cannot set property 'slew', because the property does not exist for objects of type 'pin'. [c:/selected_topics_hdmi/pyzq/hw/hw_proj/hw_proj.gen/sources_1/bd/video_out_pynq_z2/ip/video_out_pynq_z2_processing_system7_0_0/video_out_pynq_z2_processing_system7_0_0.xdc:119]
Resolution: Modify the set_property command to apply the property on the correct object type. Since the property is being applied as a scoped constraint, ensure the proper connectivity of the object port objects can be translated into pin objects. This could be due to the insertion of IO Buffers between the top level terminal and cell pin. If the goal is to apply constraints that will migrate to top level ports it is required that IO Buffers manually be instanced.
CRITICAL WARNING: [Netlist 29-160] Cannot set property 'drive', because the property does not exist for objects of type 'pin'. [c:/selected_topics_hdmi/pyzq/hw/hw_proj/hw_proj.gen/sources_1/bd/video_out_pynq_z2/ip/video_out_pynq_z2_processing_system7_0_0/video_out_pynq_z2_processing_system7_0_0.xdc:120]
Resolution: Modify the set_property command to apply the property on the correct object type. Since the property is being applied as a scoped constraint, ensure the proper connectivity of the object port objects can be translated into pin objects. This could be due to the insertion of IO Buffers between the top level terminal and cell pin. If the goal is to apply constraints that will migrate to top level ports it is required that IO Buffers manually be instanced.
CRITICAL WARNING: [Netlist 29-160] Cannot set property 'pullup', because the property does not exist for objects of type 'pin'. [c:/selected_topics_hdmi/pyzq/hw/hw_proj/hw_proj.gen/sources_1/bd/video_out_pynq_z2/ip/video_out_pynq_z2_processing_system7_0_0/video_out_pynq_z2_processing_system7_0_0.xdc:121]
Resolution: Modify the set_property command to apply the property on the correct object type. Since the property is being applied as a scoped constraint, ensure the proper connectivity of the object port objects can be translated into pin objects. This could be due to the insertion of IO Buffers between the top level terminal and cell pin. If the goal is to apply constraints that will migrate to top level ports it is required that IO Buffers manually be instanced.
CRITICAL WARNING: [Netlist 29-160] Cannot set property 'PIO_DIRECTION', because the property does not exist for objects of type 'pin'. [c:/selected_topics_hdmi/pyzq/hw/hw_proj/hw_proj.gen/sources_1/bd/video_out_pynq_z2/ip/video_out_pynq_z2_processing_system7_0_0/video_out_pynq_z2_processing_system7_0_0.xdc:122]
Resolution: Modify the set_property command to apply the property on the correct object type. Since the property is being applied as a scoped constraint, ensure the proper connectivity of the object port objects can be translated into pin objects. This could be due to the insertion of IO Buffers between the top level terminal and cell pin. If the goal is to apply constraints that will migrate to top level ports it is required that IO Buffers manually be instanced.
CRITICAL WARNING: [Netlist 29-160] Cannot set property 'iostandard', because the property does not exist for objects of type 'pin'. [c:/selected_topics_hdmi/pyzq/hw/hw_proj/hw_proj.gen/sources_1/bd/video_out_pynq_z2/ip/video_out_pynq_z2_processing_system7_0_0/video_out_pynq_z2_processing_system7_0_0.xdc:124]
Resolution: Modify the set_property command to apply the property on the correct object type. Since the property is being applied as a scoped constraint, ensure the proper connectivity of the object port objects can be translated into pin objects. This could be due to the insertion of IO Buffers between the top level terminal and cell pin. If the goal is to apply constraints that will migrate to top level ports it is required that IO Buffers manually be instanced.
CRITICAL WARNING: [Netlist 29-160] Cannot set property 'PACKAGE_PIN', because the property does not exist for objects of type 'pin'. [c:/selected_topics_hdmi/pyzq/hw/hw_proj/hw_proj.gen/sources_1/bd/video_out_pynq_z2/ip/video_out_pynq_z2_processing_system7_0_0/video_out_pynq_z2_processing_system7_0_0.xdc:125]
Resolution: Modify the set_property command to apply the property on the correct object type. Since the property is being applied as a scoped constraint, ensure the proper connectivity of the object port objects can be translated into pin objects. This could be due to the insertion of IO Buffers between the top level terminal and cell pin. If the goal is to apply constraints that will migrate to top level ports it is required that IO Buffers manually be instanced.
CRITICAL WARNING: [Netlist 29-160] Cannot set property 'slew', because the property does not exist for objects of type 'pin'. [c:/selected_topics_hdmi/pyzq/hw/hw_proj/hw_proj.gen/sources_1/bd/video_out_pynq_z2/ip/video_out_pynq_z2_processing_system7_0_0/video_out_pynq_z2_processing_system7_0_0.xdc:126]
Resolution: Modify the set_property command to apply the property on the correct object type. Since the property is being applied as a scoped constraint, ensure the proper connectivity of the object port objects can be translated into pin objects. This could be due to the insertion of IO Buffers between the top level terminal and cell pin. If the goal is to apply constraints that will migrate to top level ports it is required that IO Buffers manually be instanced.
CRITICAL WARNING: [Netlist 29-160] Cannot set property 'drive', because the property does not exist for objects of type 'pin'. [c:/selected_topics_hdmi/pyzq/hw/hw_proj/hw_proj.gen/sources_1/bd/video_out_pynq_z2/ip/video_out_pynq_z2_processing_system7_0_0/video_out_pynq_z2_processing_system7_0_0.xdc:127]
Resolution: Modify the set_property command to apply the property on the correct object type. Since the property is being applied as a scoped constraint, ensure the proper connectivity of the object port objects can be translated into pin objects. This could be due to the insertion of IO Buffers between the top level terminal and cell pin. If the goal is to apply constraints that will migrate to top level ports it is required that IO Buffers manually be instanced.
CRITICAL WARNING: [Netlist 29-160] Cannot set property 'pullup', because the property does not exist for objects of type 'pin'. [c:/selected_topics_hdmi/pyzq/hw/hw_proj/hw_proj.gen/sources_1/bd/video_out_pynq_z2/ip/video_out_pynq_z2_processing_system7_0_0/video_out_pynq_z2_processing_system7_0_0.xdc:128]
Resolution: Modify the set_property command to apply the property on the correct object type. Since the property is being applied as a scoped constraint, ensure the proper connectivity of the object port objects can be translated into pin objects. This could be due to the insertion of IO Buffers between the top level terminal and cell pin. If the goal is to apply constraints that will migrate to top level ports it is required that IO Buffers manually be instanced.
CRITICAL WARNING: [Netlist 29-160] Cannot set property 'PIO_DIRECTION', because the property does not exist for objects of type 'pin'. [c:/selected_topics_hdmi/pyzq/hw/hw_proj/hw_proj.gen/sources_1/bd/video_out_pynq_z2/ip/video_out_pynq_z2_processing_system7_0_0/video_out_pynq_z2_processing_system7_0_0.xdc:129]
Resolution: Modify the set_property command to apply the property on the correct object type. Since the property is being applied as a scoped constraint, ensure the proper connectivity of the object port objects can be translated into pin objects. This could be due to the insertion of IO Buffers between the top level terminal and cell pin. If the goal is to apply constraints that will migrate to top level ports it is required that IO Buffers manually be instanced.
CRITICAL WARNING: [Netlist 29-160] Cannot set property 'iostandard', because the property does not exist for objects of type 'pin'. [c:/selected_topics_hdmi/pyzq/hw/hw_proj/hw_proj.gen/sources_1/bd/video_out_pynq_z2/ip/video_out_pynq_z2_processing_system7_0_0/video_out_pynq_z2_processing_system7_0_0.xdc:131]
Resolution: Modify the set_property command to apply the property on the correct object type. Since the property is being applied as a scoped constraint, ensure the proper connectivity of the object port objects can be translated into pin objects. This could be due to the insertion of IO Buffers between the top level terminal and cell pin. If the goal is to apply constraints that will migrate to top level ports it is required that IO Buffers manually be instanced.
CRITICAL WARNING: [Netlist 29-160] Cannot set property 'PACKAGE_PIN', because the property does not exist for objects of type 'pin'. [c:/selected_topics_hdmi/pyzq/hw/hw_proj/hw_proj.gen/sources_1/bd/video_out_pynq_z2/ip/video_out_pynq_z2_processing_system7_0_0/video_out_pynq_z2_processing_system7_0_0.xdc:132]
Resolution: Modify the set_property command to apply the property on the correct object type. Since the property is being applied as a scoped constraint, ensure the proper connectivity of the object port objects can be translated into pin objects. This could be due to the insertion of IO Buffers between the top level terminal and cell pin. If the goal is to apply constraints that will migrate to top level ports it is required that IO Buffers manually be instanced.
CRITICAL WARNING: [Netlist 29-160] Cannot set property 'slew', because the property does not exist for objects of type 'pin'. [c:/selected_topics_hdmi/pyzq/hw/hw_proj/hw_proj.gen/sources_1/bd/video_out_pynq_z2/ip/video_out_pynq_z2_processing_system7_0_0/video_out_pynq_z2_processing_system7_0_0.xdc:133]
Resolution: Modify the set_property command to apply the property on the correct object type. Since the property is being applied as a scoped constraint, ensure the proper connectivity of the object port objects can be translated into pin objects. This could be due to the insertion of IO Buffers between the top level terminal and cell pin. If the goal is to apply constraints that will migrate to top level ports it is required that IO Buffers manually be instanced.
CRITICAL WARNING: [Netlist 29-160] Cannot set property 'drive', because the property does not exist for objects of type 'pin'. [c:/selected_topics_hdmi/pyzq/hw/hw_proj/hw_proj.gen/sources_1/bd/video_out_pynq_z2/ip/video_out_pynq_z2_processing_system7_0_0/video_out_pynq_z2_processing_system7_0_0.xdc:134]
Resolution: Modify the set_property command to apply the property on the correct object type. Since the property is being applied as a scoped constraint, ensure the proper connectivity of the object port objects can be translated into pin objects. This could be due to the insertion of IO Buffers between the top level terminal and cell pin. If the goal is to apply constraints that will migrate to top level ports it is required that IO Buffers manually be instanced.
CRITICAL WARNING: [Netlist 29-160] Cannot set property 'pullup', because the property does not exist for objects of type 'pin'. [c:/selected_topics_hdmi/pyzq/hw/hw_proj/hw_proj.gen/sources_1/bd/video_out_pynq_z2/ip/video_out_pynq_z2_processing_system7_0_0/video_out_pynq_z2_processing_system7_0_0.xdc:135]
Resolution: Modify the set_property command to apply the property on the correct object type. Since the property is being applied as a scoped constraint, ensure the proper connectivity of the object port objects can be translated into pin objects. This could be due to the insertion of IO Buffers between the top level terminal and cell pin. If the goal is to apply constraints that will migrate to top level ports it is required that IO Buffers manually be instanced.
CRITICAL WARNING: [Netlist 29-160] Cannot set property 'PIO_DIRECTION', because the property does not exist for objects of type 'pin'. [c:/selected_topics_hdmi/pyzq/hw/hw_proj/hw_proj.gen/sources_1/bd/video_out_pynq_z2/ip/video_out_pynq_z2_processing_system7_0_0/video_out_pynq_z2_processing_system7_0_0.xdc:136]
Resolution: Modify the set_property command to apply the property on the correct object type. Since the property is being applied as a scoped constraint, ensure the proper connectivity of the object port objects can be translated into pin objects. This could be due to the insertion of IO Buffers between the top level terminal and cell pin. If the goal is to apply constraints that will migrate to top level ports it is required that IO Buffers manually be instanced.
CRITICAL WARNING: [Netlist 29-160] Cannot set property 'iostandard', because the property does not exist for objects of type 'pin'. [c:/selected_topics_hdmi/pyzq/hw/hw_proj/hw_proj.gen/sources_1/bd/video_out_pynq_z2/ip/video_out_pynq_z2_processing_system7_0_0/video_out_pynq_z2_processing_system7_0_0.xdc:138]
Resolution: Modify the set_property command to apply the property on the correct object type. Since the property is being applied as a scoped constraint, ensure the proper connectivity of the object port objects can be translated into pin objects. This could be due to the insertion of IO Buffers between the top level terminal and cell pin. If the goal is to apply constraints that will migrate to top level ports it is required that IO Buffers manually be instanced.
CRITICAL WARNING: [Netlist 29-160] Cannot set property 'PACKAGE_PIN', because the property does not exist for objects of type 'pin'. [c:/selected_topics_hdmi/pyzq/hw/hw_proj/hw_proj.gen/sources_1/bd/video_out_pynq_z2/ip/video_out_pynq_z2_processing_system7_0_0/video_out_pynq_z2_processing_system7_0_0.xdc:139]
Resolution: Modify the set_property command to apply the property on the correct object type. Since the property is being applied as a scoped constraint, ensure the proper connectivity of the object port objects can be translated into pin objects. This could be due to the insertion of IO Buffers between the top level terminal and cell pin. If the goal is to apply constraints that will migrate to top level ports it is required that IO Buffers manually be instanced.
CRITICAL WARNING: [Netlist 29-160] Cannot set property 'slew', because the property does not exist for objects of type 'pin'. [c:/selected_topics_hdmi/pyzq/hw/hw_proj/hw_proj.gen/sources_1/bd/video_out_pynq_z2/ip/video_out_pynq_z2_processing_system7_0_0/video_out_pynq_z2_processing_system7_0_0.xdc:140]
Resolution: Modify the set_property command to apply the property on the correct object type. Since the property is being applied as a scoped constraint, ensure the proper connectivity of the object port objects can be translated into pin objects. This could be due to the insertion of IO Buffers between the top level terminal and cell pin. If the goal is to apply constraints that will migrate to top level ports it is required that IO Buffers manually be instanced.
CRITICAL WARNING: [Netlist 29-160] Cannot set property 'drive', because the property does not exist for objects of type 'pin'. [c:/selected_topics_hdmi/pyzq/hw/hw_proj/hw_proj.gen/sources_1/bd/video_out_pynq_z2/ip/video_out_pynq_z2_processing_system7_0_0/video_out_pynq_z2_processing_system7_0_0.xdc:141]
Resolution: Modify the set_property command to apply the property on the correct object type. Since the property is being applied as a scoped constraint, ensure the proper connectivity of the object port objects can be translated into pin objects. This could be due to the insertion of IO Buffers between the top level terminal and cell pin. If the goal is to apply constraints that will migrate to top level ports it is required that IO Buffers manually be instanced.
CRITICAL WARNING: [Netlist 29-160] Cannot set property 'pullup', because the property does not exist for objects of type 'pin'. [c:/selected_topics_hdmi/pyzq/hw/hw_proj/hw_proj.gen/sources_1/bd/video_out_pynq_z2/ip/video_out_pynq_z2_processing_system7_0_0/video_out_pynq_z2_processing_system7_0_0.xdc:142]
Resolution: Modify the set_property command to apply the property on the correct object type. Since the property is being applied as a scoped constraint, ensure the proper connectivity of the object port objects can be translated into pin objects. This could be due to the insertion of IO Buffers between the top level terminal and cell pin. If the goal is to apply constraints that will migrate to top level ports it is required that IO Buffers manually be instanced.
CRITICAL WARNING: [Netlist 29-160] Cannot set property 'PIO_DIRECTION', because the property does not exist for objects of type 'pin'. [c:/selected_topics_hdmi/pyzq/hw/hw_proj/hw_proj.gen/sources_1/bd/video_out_pynq_z2/ip/video_out_pynq_z2_processing_system7_0_0/video_out_pynq_z2_processing_system7_0_0.xdc:143]
Resolution: Modify the set_property command to apply the property on the correct object type. Since the property is being applied as a scoped constraint, ensure the proper connectivity of the object port objects can be translated into pin objects. This could be due to the insertion of IO Buffers between the top level terminal and cell pin. If the goal is to apply constraints that will migrate to top level ports it is required that IO Buffers manually be instanced.
CRITICAL WARNING: [Netlist 29-160] Cannot set property 'iostandard', because the property does not exist for objects of type 'pin'. [c:/selected_topics_hdmi/pyzq/hw/hw_proj/hw_proj.gen/sources_1/bd/video_out_pynq_z2/ip/video_out_pynq_z2_processing_system7_0_0/video_out_pynq_z2_processing_system7_0_0.xdc:145]
Resolution: Modify the set_property command to apply the property on the correct object type. Since the property is being applied as a scoped constraint, ensure the proper connectivity of the object port objects can be translated into pin objects. This could be due to the insertion of IO Buffers between the top level terminal and cell pin. If the goal is to apply constraints that will migrate to top level ports it is required that IO Buffers manually be instanced.
CRITICAL WARNING: [Netlist 29-160] Cannot set property 'PACKAGE_PIN', because the property does not exist for objects of type 'pin'. [c:/selected_topics_hdmi/pyzq/hw/hw_proj/hw_proj.gen/sources_1/bd/video_out_pynq_z2/ip/video_out_pynq_z2_processing_system7_0_0/video_out_pynq_z2_processing_system7_0_0.xdc:146]
Resolution: Modify the set_property command to apply the property on the correct object type. Since the property is being applied as a scoped constraint, ensure the proper connectivity of the object port objects can be translated into pin objects. This could be due to the insertion of IO Buffers between the top level terminal and cell pin. If the goal is to apply constraints that will migrate to top level ports it is required that IO Buffers manually be instanced.
CRITICAL WARNING: [Netlist 29-160] Cannot set property 'slew', because the property does not exist for objects of type 'pin'. [c:/selected_topics_hdmi/pyzq/hw/hw_proj/hw_proj.gen/sources_1/bd/video_out_pynq_z2/ip/video_out_pynq_z2_processing_system7_0_0/video_out_pynq_z2_processing_system7_0_0.xdc:147]
Resolution: Modify the set_property command to apply the property on the correct object type. Since the property is being applied as a scoped constraint, ensure the proper connectivity of the object port objects can be translated into pin objects. This could be due to the insertion of IO Buffers between the top level terminal and cell pin. If the goal is to apply constraints that will migrate to top level ports it is required that IO Buffers manually be instanced.
CRITICAL WARNING: [Netlist 29-160] Cannot set property 'drive', because the property does not exist for objects of type 'pin'. [c:/selected_topics_hdmi/pyzq/hw/hw_proj/hw_proj.gen/sources_1/bd/video_out_pynq_z2/ip/video_out_pynq_z2_processing_system7_0_0/video_out_pynq_z2_processing_system7_0_0.xdc:148]
Resolution: Modify the set_property command to apply the property on the correct object type. Since the property is being applied as a scoped constraint, ensure the proper connectivity of the object port objects can be translated into pin objects. This could be due to the insertion of IO Buffers between the top level terminal and cell pin. If the goal is to apply constraints that will migrate to top level ports it is required that IO Buffers manually be instanced.
INFO: [Common 17-14] Message 'Netlist 29-160' appears 100 times and further instances of the messages will be disabled. Use the Tcl command set_msg_config to change the current settings. [c:/selected_topics_hdmi/pyzq/hw/hw_proj/hw_proj.gen/sources_1/bd/video_out_pynq_z2/ip/video_out_pynq_z2_processing_system7_0_0/video_out_pynq_z2_processing_system7_0_0.xdc:148]
Finished Parsing XDC File [c:/selected_topics_hdmi/pyzq/hw/hw_proj/hw_proj.gen/sources_1/bd/video_out_pynq_z2/ip/video_out_pynq_z2_processing_system7_0_0/video_out_pynq_z2_processing_system7_0_0.xdc] for cell 'video_out_pynq_z2_i/processing_system7_0/inst'
Parsing XDC File [c:/selected_topics_hdmi/pyzq/hw/hw_proj/hw_proj.gen/sources_1/bd/video_out_pynq_z2/ip/video_out_pynq_z2_rgb2dvi_0_0/src/rgb2dvi.xdc] for cell 'video_out_pynq_z2_i/rgb2dvi_0/U0'
Finished Parsing XDC File [c:/selected_topics_hdmi/pyzq/hw/hw_proj/hw_proj.gen/sources_1/bd/video_out_pynq_z2/ip/video_out_pynq_z2_rgb2dvi_0_0/src/rgb2dvi.xdc] for cell 'video_out_pynq_z2_i/rgb2dvi_0/U0'
Parsing XDC File [c:/selected_topics_hdmi/pyzq/hw/hw_proj/hw_proj.gen/sources_1/bd/video_out_pynq_z2/ip/video_out_pynq_z2_rst_ps7_0_100M_0/video_out_pynq_z2_rst_ps7_0_100M_0_board.xdc] for cell 'video_out_pynq_z2_i/rst_ps7_0_100M/U0'
Finished Parsing XDC File [c:/selected_topics_hdmi/pyzq/hw/hw_proj/hw_proj.gen/sources_1/bd/video_out_pynq_z2/ip/video_out_pynq_z2_rst_ps7_0_100M_0/video_out_pynq_z2_rst_ps7_0_100M_0_board.xdc] for cell 'video_out_pynq_z2_i/rst_ps7_0_100M/U0'
Parsing XDC File [c:/selected_topics_hdmi/pyzq/hw/hw_proj/hw_proj.gen/sources_1/bd/video_out_pynq_z2/ip/video_out_pynq_z2_rst_ps7_0_100M_0/video_out_pynq_z2_rst_ps7_0_100M_0.xdc] for cell 'video_out_pynq_z2_i/rst_ps7_0_100M/U0'
Finished Parsing XDC File [c:/selected_topics_hdmi/pyzq/hw/hw_proj/hw_proj.gen/sources_1/bd/video_out_pynq_z2/ip/video_out_pynq_z2_rst_ps7_0_100M_0/video_out_pynq_z2_rst_ps7_0_100M_0.xdc] for cell 'video_out_pynq_z2_i/rst_ps7_0_100M/U0'
Parsing XDC File [c:/selected_topics_hdmi/pyzq/hw/hw_proj/hw_proj.gen/sources_1/bd/video_out_pynq_z2/ip/video_out_pynq_z2_smartconnect_0_0/bd_0/ip/ip_1/bd_98e7_psr_aclk_0_board.xdc] for cell 'video_out_pynq_z2_i/smartconnect_0/inst/clk_map/psr_aclk/U0'
Finished Parsing XDC File [c:/selected_topics_hdmi/pyzq/hw/hw_proj/hw_proj.gen/sources_1/bd/video_out_pynq_z2/ip/video_out_pynq_z2_smartconnect_0_0/bd_0/ip/ip_1/bd_98e7_psr_aclk_0_board.xdc] for cell 'video_out_pynq_z2_i/smartconnect_0/inst/clk_map/psr_aclk/U0'
Parsing XDC File [c:/selected_topics_hdmi/pyzq/hw/hw_proj/hw_proj.gen/sources_1/bd/video_out_pynq_z2/ip/video_out_pynq_z2_smartconnect_0_0/bd_0/ip/ip_1/bd_98e7_psr_aclk_0.xdc] for cell 'video_out_pynq_z2_i/smartconnect_0/inst/clk_map/psr_aclk/U0'
Finished Parsing XDC File [c:/selected_topics_hdmi/pyzq/hw/hw_proj/hw_proj.gen/sources_1/bd/video_out_pynq_z2/ip/video_out_pynq_z2_smartconnect_0_0/bd_0/ip/ip_1/bd_98e7_psr_aclk_0.xdc] for cell 'video_out_pynq_z2_i/smartconnect_0/inst/clk_map/psr_aclk/U0'
Parsing XDC File [c:/selected_topics_hdmi/pyzq/hw/hw_proj/hw_proj.gen/sources_1/bd/video_out_pynq_z2/ip/video_out_pynq_z2_smartconnect_0_0/bd_0/ip/ip_12/bd_98e7_arni_0_clocks.xdc] for cell 'video_out_pynq_z2_i/smartconnect_0/inst/switchboards/i_nodes/i_ar_node/inst'
WARNING: [Vivado_Tcl 4-921] Waiver ID 'CDC-1' -to list should not be empty. [c:/selected_topics_hdmi/pyzq/hw/hw_proj/hw_proj.gen/sources_1/bd/video_out_pynq_z2/ip/video_out_pynq_z2_smartconnect_0_0/bd_0/ip/ip_12/bd_98e7_arni_0_clocks.xdc:49]
WARNING: [Vivado_Tcl 4-921] Waiver ID 'CDC-1' -to list should not be empty. [c:/selected_topics_hdmi/pyzq/hw/hw_proj/hw_proj.gen/sources_1/bd/video_out_pynq_z2/ip/video_out_pynq_z2_smartconnect_0_0/bd_0/ip/ip_12/bd_98e7_arni_0_clocks.xdc:52]
WARNING: [Vivado_Tcl 4-921] Waiver ID 'CDC-1' -to list should not be empty. [c:/selected_topics_hdmi/pyzq/hw/hw_proj/hw_proj.gen/sources_1/bd/video_out_pynq_z2/ip/video_out_pynq_z2_smartconnect_0_0/bd_0/ip/ip_12/bd_98e7_arni_0_clocks.xdc:55]
WARNING: [Vivado_Tcl 4-921] Waiver ID 'CDC-1' -to list should not be empty. [c:/selected_topics_hdmi/pyzq/hw/hw_proj/hw_proj.gen/sources_1/bd/video_out_pynq_z2/ip/video_out_pynq_z2_smartconnect_0_0/bd_0/ip/ip_12/bd_98e7_arni_0_clocks.xdc:59]
WARNING: [Vivado_Tcl 4-921] Waiver ID 'CDC-1' -to list should not be empty. [c:/selected_topics_hdmi/pyzq/hw/hw_proj/hw_proj.gen/sources_1/bd/video_out_pynq_z2/ip/video_out_pynq_z2_smartconnect_0_0/bd_0/ip/ip_12/bd_98e7_arni_0_clocks.xdc:66]
WARNING: [Vivado_Tcl 4-921] Waiver ID 'CDC-1' -to list should not be empty. [c:/selected_topics_hdmi/pyzq/hw/hw_proj/hw_proj.gen/sources_1/bd/video_out_pynq_z2/ip/video_out_pynq_z2_smartconnect_0_0/bd_0/ip/ip_12/bd_98e7_arni_0_clocks.xdc:70]
WARNING: [Vivado_Tcl 4-921] Waiver ID 'CDC-1' -to list should not be empty. [c:/selected_topics_hdmi/pyzq/hw/hw_proj/hw_proj.gen/sources_1/bd/video_out_pynq_z2/ip/video_out_pynq_z2_smartconnect_0_0/bd_0/ip/ip_12/bd_98e7_arni_0_clocks.xdc:82]
WARNING: [Vivado_Tcl 4-921] Waiver ID 'CDC-4' -to list should not be empty. [c:/selected_topics_hdmi/pyzq/hw/hw_proj/hw_proj.gen/sources_1/bd/video_out_pynq_z2/ip/video_out_pynq_z2_smartconnect_0_0/bd_0/ip/ip_12/bd_98e7_arni_0_clocks.xdc:85]
WARNING: [Vivado_Tcl 4-921] Waiver ID 'CDC-4' -to list should not be empty. [c:/selected_topics_hdmi/pyzq/hw/hw_proj/hw_proj.gen/sources_1/bd/video_out_pynq_z2/ip/video_out_pynq_z2_smartconnect_0_0/bd_0/ip/ip_12/bd_98e7_arni_0_clocks.xdc:88]
WARNING: [Vivado_Tcl 4-921] Waiver ID 'CDC-2' -to list should not be empty. [c:/selected_topics_hdmi/pyzq/hw/hw_proj/hw_proj.gen/sources_1/bd/video_out_pynq_z2/ip/video_out_pynq_z2_smartconnect_0_0/bd_0/ip/ip_12/bd_98e7_arni_0_clocks.xdc:91]
WARNING: [Vivado_Tcl 4-921] Waiver ID 'CDC-2' -to list should not be empty. [c:/selected_topics_hdmi/pyzq/hw/hw_proj/hw_proj.gen/sources_1/bd/video_out_pynq_z2/ip/video_out_pynq_z2_smartconnect_0_0/bd_0/ip/ip_12/bd_98e7_arni_0_clocks.xdc:94]
WARNING: [Vivado_Tcl 4-921] Waiver ID 'CDC-2' -to list should not be empty. [c:/selected_topics_hdmi/pyzq/hw/hw_proj/hw_proj.gen/sources_1/bd/video_out_pynq_z2/ip/video_out_pynq_z2_smartconnect_0_0/bd_0/ip/ip_12/bd_98e7_arni_0_clocks.xdc:97]
WARNING: [Vivado_Tcl 4-921] Waiver ID 'CDC-2' -to list should not be empty. [c:/selected_topics_hdmi/pyzq/hw/hw_proj/hw_proj.gen/sources_1/bd/video_out_pynq_z2/ip/video_out_pynq_z2_smartconnect_0_0/bd_0/ip/ip_12/bd_98e7_arni_0_clocks.xdc:100]
WARNING: [Vivado_Tcl 4-921] Waiver ID 'CDC-1' -to list should not be empty. [c:/selected_topics_hdmi/pyzq/hw/hw_proj/hw_proj.gen/sources_1/bd/video_out_pynq_z2/ip/video_out_pynq_z2_smartconnect_0_0/bd_0/ip/ip_12/bd_98e7_arni_0_clocks.xdc:104]
WARNING: [Vivado_Tcl 4-921] Waiver ID 'CDC-10' -to list should not be empty. [c:/selected_topics_hdmi/pyzq/hw/hw_proj/hw_proj.gen/sources_1/bd/video_out_pynq_z2/ip/video_out_pynq_z2_smartconnect_0_0/bd_0/ip/ip_12/bd_98e7_arni_0_clocks.xdc:107]
WARNING: [Vivado_Tcl 4-921] Waiver ID 'CDC-10' -to list should not be empty. [c:/selected_topics_hdmi/pyzq/hw/hw_proj/hw_proj.gen/sources_1/bd/video_out_pynq_z2/ip/video_out_pynq_z2_smartconnect_0_0/bd_0/ip/ip_12/bd_98e7_arni_0_clocks.xdc:110]
WARNING: [Vivado_Tcl 4-921] Waiver ID 'CDC-1' -to list should not be empty. [c:/selected_topics_hdmi/pyzq/hw/hw_proj/hw_proj.gen/sources_1/bd/video_out_pynq_z2/ip/video_out_pynq_z2_smartconnect_0_0/bd_0/ip/ip_12/bd_98e7_arni_0_clocks.xdc:113]
WARNING: [Vivado_Tcl 4-921] Waiver ID 'CDC-1' -to list should not be empty. [c:/selected_topics_hdmi/pyzq/hw/hw_proj/hw_proj.gen/sources_1/bd/video_out_pynq_z2/ip/video_out_pynq_z2_smartconnect_0_0/bd_0/ip/ip_12/bd_98e7_arni_0_clocks.xdc:116]
WARNING: [Vivado_Tcl 4-921] Waiver ID 'CDC-13' -to list should not be empty. [c:/selected_topics_hdmi/pyzq/hw/hw_proj/hw_proj.gen/sources_1/bd/video_out_pynq_z2/ip/video_out_pynq_z2_smartconnect_0_0/bd_0/ip/ip_12/bd_98e7_arni_0_clocks.xdc:122]
WARNING: [Vivado_Tcl 4-921] Waiver ID 'CDC-1' -to list should not be empty. [c:/selected_topics_hdmi/pyzq/hw/hw_proj/hw_proj.gen/sources_1/bd/video_out_pynq_z2/ip/video_out_pynq_z2_smartconnect_0_0/bd_0/ip/ip_12/bd_98e7_arni_0_clocks.xdc:125]
WARNING: [Vivado_Tcl 4-921] Waiver ID 'CDC-1' -to list should not be empty. [c:/selected_topics_hdmi/pyzq/hw/hw_proj/hw_proj.gen/sources_1/bd/video_out_pynq_z2/ip/video_out_pynq_z2_smartconnect_0_0/bd_0/ip/ip_12/bd_98e7_arni_0_clocks.xdc:128]
WARNING: [Vivado_Tcl 4-921] Waiver ID 'CDC-13' -to list should not be empty. [c:/selected_topics_hdmi/pyzq/hw/hw_proj/hw_proj.gen/sources_1/bd/video_out_pynq_z2/ip/video_out_pynq_z2_smartconnect_0_0/bd_0/ip/ip_12/bd_98e7_arni_0_clocks.xdc:131]
WARNING: [Vivado_Tcl 4-921] Waiver ID 'CDC-1' -to list should not be empty. [c:/selected_topics_hdmi/pyzq/hw/hw_proj/hw_proj.gen/sources_1/bd/video_out_pynq_z2/ip/video_out_pynq_z2_smartconnect_0_0/bd_0/ip/ip_12/bd_98e7_arni_0_clocks.xdc:134]
WARNING: [Vivado_Tcl 4-921] Waiver ID 'CDC-10' -to list should not be empty. [c:/selected_topics_hdmi/pyzq/hw/hw_proj/hw_proj.gen/sources_1/bd/video_out_pynq_z2/ip/video_out_pynq_z2_smartconnect_0_0/bd_0/ip/ip_12/bd_98e7_arni_0_clocks.xdc:137]
WARNING: [Vivado_Tcl 4-921] Waiver ID 'CDC-1' -to list should not be empty. [c:/selected_topics_hdmi/pyzq/hw/hw_proj/hw_proj.gen/sources_1/bd/video_out_pynq_z2/ip/video_out_pynq_z2_smartconnect_0_0/bd_0/ip/ip_12/bd_98e7_arni_0_clocks.xdc:140]
WARNING: [Vivado_Tcl 4-921] Waiver ID 'CDC-1' -to list should not be empty. [c:/selected_topics_hdmi/pyzq/hw/hw_proj/hw_proj.gen/sources_1/bd/video_out_pynq_z2/ip/video_out_pynq_z2_smartconnect_0_0/bd_0/ip/ip_12/bd_98e7_arni_0_clocks.xdc:143]
WARNING: [Vivado_Tcl 4-921] Waiver ID 'CDC-1' -to list should not be empty. [c:/selected_topics_hdmi/pyzq/hw/hw_proj/hw_proj.gen/sources_1/bd/video_out_pynq_z2/ip/video_out_pynq_z2_smartconnect_0_0/bd_0/ip/ip_12/bd_98e7_arni_0_clocks.xdc:146]
WARNING: [Vivado_Tcl 4-921] Waiver ID 'CDC-2' -to list should not be empty. [c:/selected_topics_hdmi/pyzq/hw/hw_proj/hw_proj.gen/sources_1/bd/video_out_pynq_z2/ip/video_out_pynq_z2_smartconnect_0_0/bd_0/ip/ip_12/bd_98e7_arni_0_clocks.xdc:149]
WARNING: [Vivado_Tcl 4-921] Waiver ID 'CDC-1' -to list should not be empty. [c:/selected_topics_hdmi/pyzq/hw/hw_proj/hw_proj.gen/sources_1/bd/video_out_pynq_z2/ip/video_out_pynq_z2_smartconnect_0_0/bd_0/ip/ip_12/bd_98e7_arni_0_clocks.xdc:152]
WARNING: [Vivado_Tcl 4-921] Waiver ID 'CDC-1' -to list should not be empty. [c:/selected_topics_hdmi/pyzq/hw/hw_proj/hw_proj.gen/sources_1/bd/video_out_pynq_z2/ip/video_out_pynq_z2_smartconnect_0_0/bd_0/ip/ip_12/bd_98e7_arni_0_clocks.xdc:155]
WARNING: [Vivado_Tcl 4-921] Waiver ID 'CDC-1' -to list should not be empty. [c:/selected_topics_hdmi/pyzq/hw/hw_proj/hw_proj.gen/sources_1/bd/video_out_pynq_z2/ip/video_out_pynq_z2_smartconnect_0_0/bd_0/ip/ip_12/bd_98e7_arni_0_clocks.xdc:158]
WARNING: [Vivado_Tcl 4-921] Waiver ID 'CDC-10' -to list should not be empty. [c:/selected_topics_hdmi/pyzq/hw/hw_proj/hw_proj.gen/sources_1/bd/video_out_pynq_z2/ip/video_out_pynq_z2_smartconnect_0_0/bd_0/ip/ip_12/bd_98e7_arni_0_clocks.xdc:161]
WARNING: [Vivado_Tcl 4-921] Waiver ID 'CDC-4' -to list should not be empty. [c:/selected_topics_hdmi/pyzq/hw/hw_proj/hw_proj.gen/sources_1/bd/video_out_pynq_z2/ip/video_out_pynq_z2_smartconnect_0_0/bd_0/ip/ip_12/bd_98e7_arni_0_clocks.xdc:164]
WARNING: [Vivado_Tcl 4-921] Waiver ID 'CDC-4' -to list should not be empty. [c:/selected_topics_hdmi/pyzq/hw/hw_proj/hw_proj.gen/sources_1/bd/video_out_pynq_z2/ip/video_out_pynq_z2_smartconnect_0_0/bd_0/ip/ip_12/bd_98e7_arni_0_clocks.xdc:167]
WARNING: [Vivado_Tcl 4-921] Waiver ID 'CDC-4' -to list should not be empty. [c:/selected_topics_hdmi/pyzq/hw/hw_proj/hw_proj.gen/sources_1/bd/video_out_pynq_z2/ip/video_out_pynq_z2_smartconnect_0_0/bd_0/ip/ip_12/bd_98e7_arni_0_clocks.xdc:171]
WARNING: [Vivado_Tcl 4-921] Waiver ID 'CDC-4' -to list should not be empty. [c:/selected_topics_hdmi/pyzq/hw/hw_proj/hw_proj.gen/sources_1/bd/video_out_pynq_z2/ip/video_out_pynq_z2_smartconnect_0_0/bd_0/ip/ip_12/bd_98e7_arni_0_clocks.xdc:174]
WARNING: [Vivado_Tcl 4-921] Waiver ID 'CDC-1' -to list should not be empty. [c:/selected_topics_hdmi/pyzq/hw/hw_proj/hw_proj.gen/sources_1/bd/video_out_pynq_z2/ip/video_out_pynq_z2_smartconnect_0_0/bd_0/ip/ip_12/bd_98e7_arni_0_clocks.xdc:178]
Finished Parsing XDC File [c:/selected_topics_hdmi/pyzq/hw/hw_proj/hw_proj.gen/sources_1/bd/video_out_pynq_z2/ip/video_out_pynq_z2_smartconnect_0_0/bd_0/ip/ip_12/bd_98e7_arni_0_clocks.xdc] for cell 'video_out_pynq_z2_i/smartconnect_0/inst/switchboards/i_nodes/i_ar_node/inst'
Parsing XDC File [c:/selected_topics_hdmi/pyzq/hw/hw_proj/hw_proj.gen/sources_1/bd/video_out_pynq_z2/ip/video_out_pynq_z2_smartconnect_0_0/bd_0/ip/ip_13/bd_98e7_rni_0_clocks.xdc] for cell 'video_out_pynq_z2_i/smartconnect_0/inst/switchboards/i_nodes/i_r_node/inst'
WARNING: [Vivado_Tcl 4-921] Waiver ID 'CDC-1' -to list should not be empty. [c:/selected_topics_hdmi/pyzq/hw/hw_proj/hw_proj.gen/sources_1/bd/video_out_pynq_z2/ip/video_out_pynq_z2_smartconnect_0_0/bd_0/ip/ip_13/bd_98e7_rni_0_clocks.xdc:49]
WARNING: [Vivado_Tcl 4-921] Waiver ID 'CDC-1' -to list should not be empty. [c:/selected_topics_hdmi/pyzq/hw/hw_proj/hw_proj.gen/sources_1/bd/video_out_pynq_z2/ip/video_out_pynq_z2_smartconnect_0_0/bd_0/ip/ip_13/bd_98e7_rni_0_clocks.xdc:52]
WARNING: [Vivado_Tcl 4-921] Waiver ID 'CDC-1' -to list should not be empty. [c:/selected_topics_hdmi/pyzq/hw/hw_proj/hw_proj.gen/sources_1/bd/video_out_pynq_z2/ip/video_out_pynq_z2_smartconnect_0_0/bd_0/ip/ip_13/bd_98e7_rni_0_clocks.xdc:55]
WARNING: [Vivado_Tcl 4-921] Waiver ID 'CDC-1' -to list should not be empty. [c:/selected_topics_hdmi/pyzq/hw/hw_proj/hw_proj.gen/sources_1/bd/video_out_pynq_z2/ip/video_out_pynq_z2_smartconnect_0_0/bd_0/ip/ip_13/bd_98e7_rni_0_clocks.xdc:59]
WARNING: [Vivado_Tcl 4-921] Waiver ID 'CDC-1' -to list should not be empty. [c:/selected_topics_hdmi/pyzq/hw/hw_proj/hw_proj.gen/sources_1/bd/video_out_pynq_z2/ip/video_out_pynq_z2_smartconnect_0_0/bd_0/ip/ip_13/bd_98e7_rni_0_clocks.xdc:66]
WARNING: [Vivado_Tcl 4-921] Waiver ID 'CDC-1' -to list should not be empty. [c:/selected_topics_hdmi/pyzq/hw/hw_proj/hw_proj.gen/sources_1/bd/video_out_pynq_z2/ip/video_out_pynq_z2_smartconnect_0_0/bd_0/ip/ip_13/bd_98e7_rni_0_clocks.xdc:70]
WARNING: [Vivado_Tcl 4-921] Waiver ID 'CDC-1' -to list should not be empty. [c:/selected_topics_hdmi/pyzq/hw/hw_proj/hw_proj.gen/sources_1/bd/video_out_pynq_z2/ip/video_out_pynq_z2_smartconnect_0_0/bd_0/ip/ip_13/bd_98e7_rni_0_clocks.xdc:82]
WARNING: [Vivado_Tcl 4-921] Waiver ID 'CDC-4' -to list should not be empty. [c:/selected_topics_hdmi/pyzq/hw/hw_proj/hw_proj.gen/sources_1/bd/video_out_pynq_z2/ip/video_out_pynq_z2_smartconnect_0_0/bd_0/ip/ip_13/bd_98e7_rni_0_clocks.xdc:85]
WARNING: [Vivado_Tcl 4-921] Waiver ID 'CDC-4' -to list should not be empty. [c:/selected_topics_hdmi/pyzq/hw/hw_proj/hw_proj.gen/sources_1/bd/video_out_pynq_z2/ip/video_out_pynq_z2_smartconnect_0_0/bd_0/ip/ip_13/bd_98e7_rni_0_clocks.xdc:88]
WARNING: [Vivado_Tcl 4-921] Waiver ID 'CDC-2' -to list should not be empty. [c:/selected_topics_hdmi/pyzq/hw/hw_proj/hw_proj.gen/sources_1/bd/video_out_pynq_z2/ip/video_out_pynq_z2_smartconnect_0_0/bd_0/ip/ip_13/bd_98e7_rni_0_clocks.xdc:91]
WARNING: [Vivado_Tcl 4-921] Waiver ID 'CDC-2' -to list should not be empty. [c:/selected_topics_hdmi/pyzq/hw/hw_proj/hw_proj.gen/sources_1/bd/video_out_pynq_z2/ip/video_out_pynq_z2_smartconnect_0_0/bd_0/ip/ip_13/bd_98e7_rni_0_clocks.xdc:94]
WARNING: [Vivado_Tcl 4-921] Waiver ID 'CDC-2' -to list should not be empty. [c:/selected_topics_hdmi/pyzq/hw/hw_proj/hw_proj.gen/sources_1/bd/video_out_pynq_z2/ip/video_out_pynq_z2_smartconnect_0_0/bd_0/ip/ip_13/bd_98e7_rni_0_clocks.xdc:97]
WARNING: [Vivado_Tcl 4-921] Waiver ID 'CDC-2' -to list should not be empty. [c:/selected_topics_hdmi/pyzq/hw/hw_proj/hw_proj.gen/sources_1/bd/video_out_pynq_z2/ip/video_out_pynq_z2_smartconnect_0_0/bd_0/ip/ip_13/bd_98e7_rni_0_clocks.xdc:100]
WARNING: [Vivado_Tcl 4-921] Waiver ID 'CDC-1' -to list should not be empty. [c:/selected_topics_hdmi/pyzq/hw/hw_proj/hw_proj.gen/sources_1/bd/video_out_pynq_z2/ip/video_out_pynq_z2_smartconnect_0_0/bd_0/ip/ip_13/bd_98e7_rni_0_clocks.xdc:104]
WARNING: [Vivado_Tcl 4-921] Waiver ID 'CDC-10' -to list should not be empty. [c:/selected_topics_hdmi/pyzq/hw/hw_proj/hw_proj.gen/sources_1/bd/video_out_pynq_z2/ip/video_out_pynq_z2_smartconnect_0_0/bd_0/ip/ip_13/bd_98e7_rni_0_clocks.xdc:107]
WARNING: [Vivado_Tcl 4-921] Waiver ID 'CDC-10' -to list should not be empty. [c:/selected_topics_hdmi/pyzq/hw/hw_proj/hw_proj.gen/sources_1/bd/video_out_pynq_z2/ip/video_out_pynq_z2_smartconnect_0_0/bd_0/ip/ip_13/bd_98e7_rni_0_clocks.xdc:110]
WARNING: [Vivado_Tcl 4-921] Waiver ID 'CDC-1' -to list should not be empty. [c:/selected_topics_hdmi/pyzq/hw/hw_proj/hw_proj.gen/sources_1/bd/video_out_pynq_z2/ip/video_out_pynq_z2_smartconnect_0_0/bd_0/ip/ip_13/bd_98e7_rni_0_clocks.xdc:113]
WARNING: [Vivado_Tcl 4-921] Waiver ID 'CDC-1' -to list should not be empty. [c:/selected_topics_hdmi/pyzq/hw/hw_proj/hw_proj.gen/sources_1/bd/video_out_pynq_z2/ip/video_out_pynq_z2_smartconnect_0_0/bd_0/ip/ip_13/bd_98e7_rni_0_clocks.xdc:116]
WARNING: [Vivado_Tcl 4-921] Waiver ID 'CDC-13' -to list should not be empty. [c:/selected_topics_hdmi/pyzq/hw/hw_proj/hw_proj.gen/sources_1/bd/video_out_pynq_z2/ip/video_out_pynq_z2_smartconnect_0_0/bd_0/ip/ip_13/bd_98e7_rni_0_clocks.xdc:122]
WARNING: [Vivado_Tcl 4-921] Waiver ID 'CDC-1' -to list should not be empty. [c:/selected_topics_hdmi/pyzq/hw/hw_proj/hw_proj.gen/sources_1/bd/video_out_pynq_z2/ip/video_out_pynq_z2_smartconnect_0_0/bd_0/ip/ip_13/bd_98e7_rni_0_clocks.xdc:125]
WARNING: [Vivado_Tcl 4-921] Waiver ID 'CDC-1' -to list should not be empty. [c:/selected_topics_hdmi/pyzq/hw/hw_proj/hw_proj.gen/sources_1/bd/video_out_pynq_z2/ip/video_out_pynq_z2_smartconnect_0_0/bd_0/ip/ip_13/bd_98e7_rni_0_clocks.xdc:128]
WARNING: [Vivado_Tcl 4-921] Waiver ID 'CDC-13' -to list should not be empty. [c:/selected_topics_hdmi/pyzq/hw/hw_proj/hw_proj.gen/sources_1/bd/video_out_pynq_z2/ip/video_out_pynq_z2_smartconnect_0_0/bd_0/ip/ip_13/bd_98e7_rni_0_clocks.xdc:131]
WARNING: [Vivado_Tcl 4-921] Waiver ID 'CDC-1' -to list should not be empty. [c:/selected_topics_hdmi/pyzq/hw/hw_proj/hw_proj.gen/sources_1/bd/video_out_pynq_z2/ip/video_out_pynq_z2_smartconnect_0_0/bd_0/ip/ip_13/bd_98e7_rni_0_clocks.xdc:134]
WARNING: [Vivado_Tcl 4-921] Waiver ID 'CDC-10' -to list should not be empty. [c:/selected_topics_hdmi/pyzq/hw/hw_proj/hw_proj.gen/sources_1/bd/video_out_pynq_z2/ip/video_out_pynq_z2_smartconnect_0_0/bd_0/ip/ip_13/bd_98e7_rni_0_clocks.xdc:137]
WARNING: [Vivado_Tcl 4-921] Waiver ID 'CDC-1' -to list should not be empty. [c:/selected_topics_hdmi/pyzq/hw/hw_proj/hw_proj.gen/sources_1/bd/video_out_pynq_z2/ip/video_out_pynq_z2_smartconnect_0_0/bd_0/ip/ip_13/bd_98e7_rni_0_clocks.xdc:140]
WARNING: [Vivado_Tcl 4-921] Waiver ID 'CDC-1' -to list should not be empty. [c:/selected_topics_hdmi/pyzq/hw/hw_proj/hw_proj.gen/sources_1/bd/video_out_pynq_z2/ip/video_out_pynq_z2_smartconnect_0_0/bd_0/ip/ip_13/bd_98e7_rni_0_clocks.xdc:143]
WARNING: [Vivado_Tcl 4-921] Waiver ID 'CDC-1' -to list should not be empty. [c:/selected_topics_hdmi/pyzq/hw/hw_proj/hw_proj.gen/sources_1/bd/video_out_pynq_z2/ip/video_out_pynq_z2_smartconnect_0_0/bd_0/ip/ip_13/bd_98e7_rni_0_clocks.xdc:146]
WARNING: [Vivado_Tcl 4-921] Waiver ID 'CDC-2' -to list should not be empty. [c:/selected_topics_hdmi/pyzq/hw/hw_proj/hw_proj.gen/sources_1/bd/video_out_pynq_z2/ip/video_out_pynq_z2_smartconnect_0_0/bd_0/ip/ip_13/bd_98e7_rni_0_clocks.xdc:149]
WARNING: [Vivado_Tcl 4-921] Waiver ID 'CDC-1' -to list should not be empty. [c:/selected_topics_hdmi/pyzq/hw/hw_proj/hw_proj.gen/sources_1/bd/video_out_pynq_z2/ip/video_out_pynq_z2_smartconnect_0_0/bd_0/ip/ip_13/bd_98e7_rni_0_clocks.xdc:152]
WARNING: [Vivado_Tcl 4-921] Waiver ID 'CDC-1' -to list should not be empty. [c:/selected_topics_hdmi/pyzq/hw/hw_proj/hw_proj.gen/sources_1/bd/video_out_pynq_z2/ip/video_out_pynq_z2_smartconnect_0_0/bd_0/ip/ip_13/bd_98e7_rni_0_clocks.xdc:155]
WARNING: [Vivado_Tcl 4-921] Waiver ID 'CDC-1' -to list should not be empty. [c:/selected_topics_hdmi/pyzq/hw/hw_proj/hw_proj.gen/sources_1/bd/video_out_pynq_z2/ip/video_out_pynq_z2_smartconnect_0_0/bd_0/ip/ip_13/bd_98e7_rni_0_clocks.xdc:158]
WARNING: [Vivado_Tcl 4-921] Waiver ID 'CDC-10' -to list should not be empty. [c:/selected_topics_hdmi/pyzq/hw/hw_proj/hw_proj.gen/sources_1/bd/video_out_pynq_z2/ip/video_out_pynq_z2_smartconnect_0_0/bd_0/ip/ip_13/bd_98e7_rni_0_clocks.xdc:161]
WARNING: [Vivado_Tcl 4-921] Waiver ID 'CDC-4' -to list should not be empty. [c:/selected_topics_hdmi/pyzq/hw/hw_proj/hw_proj.gen/sources_1/bd/video_out_pynq_z2/ip/video_out_pynq_z2_smartconnect_0_0/bd_0/ip/ip_13/bd_98e7_rni_0_clocks.xdc:164]
WARNING: [Vivado_Tcl 4-921] Waiver ID 'CDC-4' -to list should not be empty. [c:/selected_topics_hdmi/pyzq/hw/hw_proj/hw_proj.gen/sources_1/bd/video_out_pynq_z2/ip/video_out_pynq_z2_smartconnect_0_0/bd_0/ip/ip_13/bd_98e7_rni_0_clocks.xdc:167]
WARNING: [Vivado_Tcl 4-921] Waiver ID 'CDC-4' -to list should not be empty. [c:/selected_topics_hdmi/pyzq/hw/hw_proj/hw_proj.gen/sources_1/bd/video_out_pynq_z2/ip/video_out_pynq_z2_smartconnect_0_0/bd_0/ip/ip_13/bd_98e7_rni_0_clocks.xdc:171]
WARNING: [Vivado_Tcl 4-921] Waiver ID 'CDC-4' -to list should not be empty. [c:/selected_topics_hdmi/pyzq/hw/hw_proj/hw_proj.gen/sources_1/bd/video_out_pynq_z2/ip/video_out_pynq_z2_smartconnect_0_0/bd_0/ip/ip_13/bd_98e7_rni_0_clocks.xdc:174]
WARNING: [Vivado_Tcl 4-921] Waiver ID 'CDC-1' -to list should not be empty. [c:/selected_topics_hdmi/pyzq/hw/hw_proj/hw_proj.gen/sources_1/bd/video_out_pynq_z2/ip/video_out_pynq_z2_smartconnect_0_0/bd_0/ip/ip_13/bd_98e7_rni_0_clocks.xdc:178]
Finished Parsing XDC File [c:/selected_topics_hdmi/pyzq/hw/hw_proj/hw_proj.gen/sources_1/bd/video_out_pynq_z2/ip/video_out_pynq_z2_smartconnect_0_0/bd_0/ip/ip_13/bd_98e7_rni_0_clocks.xdc] for cell 'video_out_pynq_z2_i/smartconnect_0/inst/switchboards/i_nodes/i_r_node/inst'
Parsing XDC File [c:/selected_topics_hdmi/pyzq/hw/hw_proj/hw_proj.gen/sources_1/bd/video_out_pynq_z2/ip/video_out_pynq_z2_smartconnect_0_0/bd_0/ip/ip_14/bd_98e7_awni_0_clocks.xdc] for cell 'video_out_pynq_z2_i/smartconnect_0/inst/switchboards/i_nodes/i_aw_node/inst'
WARNING: [Vivado_Tcl 4-921] Waiver ID 'CDC-1' -to list should not be empty. [c:/selected_topics_hdmi/pyzq/hw/hw_proj/hw_proj.gen/sources_1/bd/video_out_pynq_z2/ip/video_out_pynq_z2_smartconnect_0_0/bd_0/ip/ip_14/bd_98e7_awni_0_clocks.xdc:49]
WARNING: [Vivado_Tcl 4-921] Waiver ID 'CDC-1' -to list should not be empty. [c:/selected_topics_hdmi/pyzq/hw/hw_proj/hw_proj.gen/sources_1/bd/video_out_pynq_z2/ip/video_out_pynq_z2_smartconnect_0_0/bd_0/ip/ip_14/bd_98e7_awni_0_clocks.xdc:52]
WARNING: [Vivado_Tcl 4-921] Waiver ID 'CDC-1' -to list should not be empty. [c:/selected_topics_hdmi/pyzq/hw/hw_proj/hw_proj.gen/sources_1/bd/video_out_pynq_z2/ip/video_out_pynq_z2_smartconnect_0_0/bd_0/ip/ip_14/bd_98e7_awni_0_clocks.xdc:55]
WARNING: [Vivado_Tcl 4-921] Waiver ID 'CDC-1' -to list should not be empty. [c:/selected_topics_hdmi/pyzq/hw/hw_proj/hw_proj.gen/sources_1/bd/video_out_pynq_z2/ip/video_out_pynq_z2_smartconnect_0_0/bd_0/ip/ip_14/bd_98e7_awni_0_clocks.xdc:59]
WARNING: [Vivado_Tcl 4-921] Waiver ID 'CDC-1' -to list should not be empty. [c:/selected_topics_hdmi/pyzq/hw/hw_proj/hw_proj.gen/sources_1/bd/video_out_pynq_z2/ip/video_out_pynq_z2_smartconnect_0_0/bd_0/ip/ip_14/bd_98e7_awni_0_clocks.xdc:66]
WARNING: [Vivado_Tcl 4-921] Waiver ID 'CDC-1' -to list should not be empty. [c:/selected_topics_hdmi/pyzq/hw/hw_proj/hw_proj.gen/sources_1/bd/video_out_pynq_z2/ip/video_out_pynq_z2_smartconnect_0_0/bd_0/ip/ip_14/bd_98e7_awni_0_clocks.xdc:70]
WARNING: [Vivado_Tcl 4-921] Waiver ID 'CDC-1' -to list should not be empty. [c:/selected_topics_hdmi/pyzq/hw/hw_proj/hw_proj.gen/sources_1/bd/video_out_pynq_z2/ip/video_out_pynq_z2_smartconnect_0_0/bd_0/ip/ip_14/bd_98e7_awni_0_clocks.xdc:82]
WARNING: [Vivado_Tcl 4-921] Waiver ID 'CDC-4' -to list should not be empty. [c:/selected_topics_hdmi/pyzq/hw/hw_proj/hw_proj.gen/sources_1/bd/video_out_pynq_z2/ip/video_out_pynq_z2_smartconnect_0_0/bd_0/ip/ip_14/bd_98e7_awni_0_clocks.xdc:85]
WARNING: [Vivado_Tcl 4-921] Waiver ID 'CDC-4' -to list should not be empty. [c:/selected_topics_hdmi/pyzq/hw/hw_proj/hw_proj.gen/sources_1/bd/video_out_pynq_z2/ip/video_out_pynq_z2_smartconnect_0_0/bd_0/ip/ip_14/bd_98e7_awni_0_clocks.xdc:88]
WARNING: [Vivado_Tcl 4-921] Waiver ID 'CDC-2' -to list should not be empty. [c:/selected_topics_hdmi/pyzq/hw/hw_proj/hw_proj.gen/sources_1/bd/video_out_pynq_z2/ip/video_out_pynq_z2_smartconnect_0_0/bd_0/ip/ip_14/bd_98e7_awni_0_clocks.xdc:91]
WARNING: [Vivado_Tcl 4-921] Waiver ID 'CDC-2' -to list should not be empty. [c:/selected_topics_hdmi/pyzq/hw/hw_proj/hw_proj.gen/sources_1/bd/video_out_pynq_z2/ip/video_out_pynq_z2_smartconnect_0_0/bd_0/ip/ip_14/bd_98e7_awni_0_clocks.xdc:94]
WARNING: [Vivado_Tcl 4-921] Waiver ID 'CDC-2' -to list should not be empty. [c:/selected_topics_hdmi/pyzq/hw/hw_proj/hw_proj.gen/sources_1/bd/video_out_pynq_z2/ip/video_out_pynq_z2_smartconnect_0_0/bd_0/ip/ip_14/bd_98e7_awni_0_clocks.xdc:97]
WARNING: [Vivado_Tcl 4-921] Waiver ID 'CDC-2' -to list should not be empty. [c:/selected_topics_hdmi/pyzq/hw/hw_proj/hw_proj.gen/sources_1/bd/video_out_pynq_z2/ip/video_out_pynq_z2_smartconnect_0_0/bd_0/ip/ip_14/bd_98e7_awni_0_clocks.xdc:100]
WARNING: [Vivado_Tcl 4-921] Waiver ID 'CDC-1' -to list should not be empty. [c:/selected_topics_hdmi/pyzq/hw/hw_proj/hw_proj.gen/sources_1/bd/video_out_pynq_z2/ip/video_out_pynq_z2_smartconnect_0_0/bd_0/ip/ip_14/bd_98e7_awni_0_clocks.xdc:104]
WARNING: [Vivado_Tcl 4-921] Waiver ID 'CDC-10' -to list should not be empty. [c:/selected_topics_hdmi/pyzq/hw/hw_proj/hw_proj.gen/sources_1/bd/video_out_pynq_z2/ip/video_out_pynq_z2_smartconnect_0_0/bd_0/ip/ip_14/bd_98e7_awni_0_clocks.xdc:107]
WARNING: [Vivado_Tcl 4-921] Waiver ID 'CDC-10' -to list should not be empty. [c:/selected_topics_hdmi/pyzq/hw/hw_proj/hw_proj.gen/sources_1/bd/video_out_pynq_z2/ip/video_out_pynq_z2_smartconnect_0_0/bd_0/ip/ip_14/bd_98e7_awni_0_clocks.xdc:110]
WARNING: [Vivado_Tcl 4-921] Waiver ID 'CDC-1' -to list should not be empty. [c:/selected_topics_hdmi/pyzq/hw/hw_proj/hw_proj.gen/sources_1/bd/video_out_pynq_z2/ip/video_out_pynq_z2_smartconnect_0_0/bd_0/ip/ip_14/bd_98e7_awni_0_clocks.xdc:113]
WARNING: [Vivado_Tcl 4-921] Waiver ID 'CDC-1' -to list should not be empty. [c:/selected_topics_hdmi/pyzq/hw/hw_proj/hw_proj.gen/sources_1/bd/video_out_pynq_z2/ip/video_out_pynq_z2_smartconnect_0_0/bd_0/ip/ip_14/bd_98e7_awni_0_clocks.xdc:116]
WARNING: [Vivado_Tcl 4-921] Waiver ID 'CDC-13' -to list should not be empty. [c:/selected_topics_hdmi/pyzq/hw/hw_proj/hw_proj.gen/sources_1/bd/video_out_pynq_z2/ip/video_out_pynq_z2_smartconnect_0_0/bd_0/ip/ip_14/bd_98e7_awni_0_clocks.xdc:122]
INFO: [Common 17-14] Message 'Vivado 12-180' appears 100 times and further instances of the messages will be disabled. Use the Tcl command set_msg_config to change the current settings. [c:/selected_topics_hdmi/pyzq/hw/hw_proj/hw_proj.gen/sources_1/bd/video_out_pynq_z2/ip/video_out_pynq_z2_smartconnect_0_0/bd_0/ip/ip_14/bd_98e7_awni_0_clocks.xdc:125]
WARNING: [Vivado_Tcl 4-921] Waiver ID 'CDC-1' -to list should not be empty. [c:/selected_topics_hdmi/pyzq/hw/hw_proj/hw_proj.gen/sources_1/bd/video_out_pynq_z2/ip/video_out_pynq_z2_smartconnect_0_0/bd_0/ip/ip_14/bd_98e7_awni_0_clocks.xdc:125]
WARNING: [Vivado_Tcl 4-921] Waiver ID 'CDC-1' -to list should not be empty. [c:/selected_topics_hdmi/pyzq/hw/hw_proj/hw_proj.gen/sources_1/bd/video_out_pynq_z2/ip/video_out_pynq_z2_smartconnect_0_0/bd_0/ip/ip_14/bd_98e7_awni_0_clocks.xdc:128]
WARNING: [Vivado_Tcl 4-921] Waiver ID 'CDC-13' -to list should not be empty. [c:/selected_topics_hdmi/pyzq/hw/hw_proj/hw_proj.gen/sources_1/bd/video_out_pynq_z2/ip/video_out_pynq_z2_smartconnect_0_0/bd_0/ip/ip_14/bd_98e7_awni_0_clocks.xdc:131]
WARNING: [Vivado_Tcl 4-921] Waiver ID 'CDC-1' -to list should not be empty. [c:/selected_topics_hdmi/pyzq/hw/hw_proj/hw_proj.gen/sources_1/bd/video_out_pynq_z2/ip/video_out_pynq_z2_smartconnect_0_0/bd_0/ip/ip_14/bd_98e7_awni_0_clocks.xdc:134]
WARNING: [Vivado_Tcl 4-921] Waiver ID 'CDC-10' -to list should not be empty. [c:/selected_topics_hdmi/pyzq/hw/hw_proj/hw_proj.gen/sources_1/bd/video_out_pynq_z2/ip/video_out_pynq_z2_smartconnect_0_0/bd_0/ip/ip_14/bd_98e7_awni_0_clocks.xdc:137]
WARNING: [Vivado_Tcl 4-921] Waiver ID 'CDC-1' -to list should not be empty. [c:/selected_topics_hdmi/pyzq/hw/hw_proj/hw_proj.gen/sources_1/bd/video_out_pynq_z2/ip/video_out_pynq_z2_smartconnect_0_0/bd_0/ip/ip_14/bd_98e7_awni_0_clocks.xdc:140]
WARNING: [Vivado_Tcl 4-921] Waiver ID 'CDC-1' -to list should not be empty. [c:/selected_topics_hdmi/pyzq/hw/hw_proj/hw_proj.gen/sources_1/bd/video_out_pynq_z2/ip/video_out_pynq_z2_smartconnect_0_0/bd_0/ip/ip_14/bd_98e7_awni_0_clocks.xdc:143]
INFO: [Common 17-14] Message 'Vivado_Tcl 4-921' appears 100 times and further instances of the messages will be disabled. Use the Tcl command set_msg_config to change the current settings. [c:/selected_topics_hdmi/pyzq/hw/hw_proj/hw_proj.gen/sources_1/bd/video_out_pynq_z2/ip/video_out_pynq_z2_smartconnect_0_0/bd_0/ip/ip_14/bd_98e7_awni_0_clocks.xdc:143]
Finished Parsing XDC File [c:/selected_topics_hdmi/pyzq/hw/hw_proj/hw_proj.gen/sources_1/bd/video_out_pynq_z2/ip/video_out_pynq_z2_smartconnect_0_0/bd_0/ip/ip_14/bd_98e7_awni_0_clocks.xdc] for cell 'video_out_pynq_z2_i/smartconnect_0/inst/switchboards/i_nodes/i_aw_node/inst'
Parsing XDC File [c:/selected_topics_hdmi/pyzq/hw/hw_proj/hw_proj.gen/sources_1/bd/video_out_pynq_z2/ip/video_out_pynq_z2_smartconnect_0_0/bd_0/ip/ip_15/bd_98e7_wni_0_clocks.xdc] for cell 'video_out_pynq_z2_i/smartconnect_0/inst/switchboards/i_nodes/i_w_node/inst'
Finished Parsing XDC File [c:/selected_topics_hdmi/pyzq/hw/hw_proj/hw_proj.gen/sources_1/bd/video_out_pynq_z2/ip/video_out_pynq_z2_smartconnect_0_0/bd_0/ip/ip_15/bd_98e7_wni_0_clocks.xdc] for cell 'video_out_pynq_z2_i/smartconnect_0/inst/switchboards/i_nodes/i_w_node/inst'
Parsing XDC File [c:/selected_topics_hdmi/pyzq/hw/hw_proj/hw_proj.gen/sources_1/bd/video_out_pynq_z2/ip/video_out_pynq_z2_smartconnect_0_0/bd_0/ip/ip_16/bd_98e7_bni_0_clocks.xdc] for cell 'video_out_pynq_z2_i/smartconnect_0/inst/switchboards/i_nodes/i_b_node/inst'
Finished Parsing XDC File [c:/selected_topics_hdmi/pyzq/hw/hw_proj/hw_proj.gen/sources_1/bd/video_out_pynq_z2/ip/video_out_pynq_z2_smartconnect_0_0/bd_0/ip/ip_16/bd_98e7_bni_0_clocks.xdc] for cell 'video_out_pynq_z2_i/smartconnect_0/inst/switchboards/i_nodes/i_b_node/inst'
Parsing XDC File [c:/selected_topics_hdmi/pyzq/hw/hw_proj/hw_proj.gen/sources_1/bd/video_out_pynq_z2/ip/video_out_pynq_z2_smartconnect_0_0/bd_0/ip/ip_21/bd_98e7_sarn_0_clocks.xdc] for cell 'video_out_pynq_z2_i/smartconnect_0/inst/s00_nodes/s00_ar_node/inst'
Finished Parsing XDC File [c:/selected_topics_hdmi/pyzq/hw/hw_proj/hw_proj.gen/sources_1/bd/video_out_pynq_z2/ip/video_out_pynq_z2_smartconnect_0_0/bd_0/ip/ip_21/bd_98e7_sarn_0_clocks.xdc] for cell 'video_out_pynq_z2_i/smartconnect_0/inst/s00_nodes/s00_ar_node/inst'
Parsing XDC File [c:/selected_topics_hdmi/pyzq/hw/hw_proj/hw_proj.gen/sources_1/bd/video_out_pynq_z2/ip/video_out_pynq_z2_smartconnect_0_0/bd_0/ip/ip_22/bd_98e7_srn_0_clocks.xdc] for cell 'video_out_pynq_z2_i/smartconnect_0/inst/s00_nodes/s00_r_node/inst'
Finished Parsing XDC File [c:/selected_topics_hdmi/pyzq/hw/hw_proj/hw_proj.gen/sources_1/bd/video_out_pynq_z2/ip/video_out_pynq_z2_smartconnect_0_0/bd_0/ip/ip_22/bd_98e7_srn_0_clocks.xdc] for cell 'video_out_pynq_z2_i/smartconnect_0/inst/s00_nodes/s00_r_node/inst'
Parsing XDC File [c:/selected_topics_hdmi/pyzq/hw/hw_proj/hw_proj.gen/sources_1/bd/video_out_pynq_z2/ip/video_out_pynq_z2_smartconnect_0_0/bd_0/ip/ip_23/bd_98e7_sawn_0_clocks.xdc] for cell 'video_out_pynq_z2_i/smartconnect_0/inst/s00_nodes/s00_aw_node/inst'
Finished Parsing XDC File [c:/selected_topics_hdmi/pyzq/hw/hw_proj/hw_proj.gen/sources_1/bd/video_out_pynq_z2/ip/video_out_pynq_z2_smartconnect_0_0/bd_0/ip/ip_23/bd_98e7_sawn_0_clocks.xdc] for cell 'video_out_pynq_z2_i/smartconnect_0/inst/s00_nodes/s00_aw_node/inst'
Parsing XDC File [c:/selected_topics_hdmi/pyzq/hw/hw_proj/hw_proj.gen/sources_1/bd/video_out_pynq_z2/ip/video_out_pynq_z2_smartconnect_0_0/bd_0/ip/ip_24/bd_98e7_swn_0_clocks.xdc] for cell 'video_out_pynq_z2_i/smartconnect_0/inst/s00_nodes/s00_w_node/inst'
Finished Parsing XDC File [c:/selected_topics_hdmi/pyzq/hw/hw_proj/hw_proj.gen/sources_1/bd/video_out_pynq_z2/ip/video_out_pynq_z2_smartconnect_0_0/bd_0/ip/ip_24/bd_98e7_swn_0_clocks.xdc] for cell 'video_out_pynq_z2_i/smartconnect_0/inst/s00_nodes/s00_w_node/inst'
Parsing XDC File [c:/selected_topics_hdmi/pyzq/hw/hw_proj/hw_proj.gen/sources_1/bd/video_out_pynq_z2/ip/video_out_pynq_z2_smartconnect_0_0/bd_0/ip/ip_25/bd_98e7_sbn_0_clocks.xdc] for cell 'video_out_pynq_z2_i/smartconnect_0/inst/s00_nodes/s00_b_node/inst'
Finished Parsing XDC File [c:/selected_topics_hdmi/pyzq/hw/hw_proj/hw_proj.gen/sources_1/bd/video_out_pynq_z2/ip/video_out_pynq_z2_smartconnect_0_0/bd_0/ip/ip_25/bd_98e7_sbn_0_clocks.xdc] for cell 'video_out_pynq_z2_i/smartconnect_0/inst/s00_nodes/s00_b_node/inst'
Parsing XDC File [c:/selected_topics_hdmi/pyzq/hw/hw_proj/hw_proj.gen/sources_1/bd/video_out_pynq_z2/ip/video_out_pynq_z2_smartconnect_0_0/bd_0/ip/ip_27/bd_98e7_m00arn_0_clocks.xdc] for cell 'video_out_pynq_z2_i/smartconnect_0/inst/m00_nodes/m00_ar_node/inst'
Finished Parsing XDC File [c:/selected_topics_hdmi/pyzq/hw/hw_proj/hw_proj.gen/sources_1/bd/video_out_pynq_z2/ip/video_out_pynq_z2_smartconnect_0_0/bd_0/ip/ip_27/bd_98e7_m00arn_0_clocks.xdc] for cell 'video_out_pynq_z2_i/smartconnect_0/inst/m00_nodes/m00_ar_node/inst'
Parsing XDC File [c:/selected_topics_hdmi/pyzq/hw/hw_proj/hw_proj.gen/sources_1/bd/video_out_pynq_z2/ip/video_out_pynq_z2_smartconnect_0_0/bd_0/ip/ip_28/bd_98e7_m00rn_0_clocks.xdc] for cell 'video_out_pynq_z2_i/smartconnect_0/inst/m00_nodes/m00_r_node/inst'
Finished Parsing XDC File [c:/selected_topics_hdmi/pyzq/hw/hw_proj/hw_proj.gen/sources_1/bd/video_out_pynq_z2/ip/video_out_pynq_z2_smartconnect_0_0/bd_0/ip/ip_28/bd_98e7_m00rn_0_clocks.xdc] for cell 'video_out_pynq_z2_i/smartconnect_0/inst/m00_nodes/m00_r_node/inst'
Parsing XDC File [c:/selected_topics_hdmi/pyzq/hw/hw_proj/hw_proj.gen/sources_1/bd/video_out_pynq_z2/ip/video_out_pynq_z2_smartconnect_0_0/bd_0/ip/ip_29/bd_98e7_m00awn_0_clocks.xdc] for cell 'video_out_pynq_z2_i/smartconnect_0/inst/m00_nodes/m00_aw_node/inst'
Finished Parsing XDC File [c:/selected_topics_hdmi/pyzq/hw/hw_proj/hw_proj.gen/sources_1/bd/video_out_pynq_z2/ip/video_out_pynq_z2_smartconnect_0_0/bd_0/ip/ip_29/bd_98e7_m00awn_0_clocks.xdc] for cell 'video_out_pynq_z2_i/smartconnect_0/inst/m00_nodes/m00_aw_node/inst'
Parsing XDC File [c:/selected_topics_hdmi/pyzq/hw/hw_proj/hw_proj.gen/sources_1/bd/video_out_pynq_z2/ip/video_out_pynq_z2_smartconnect_0_0/bd_0/ip/ip_30/bd_98e7_m00wn_0_clocks.xdc] for cell 'video_out_pynq_z2_i/smartconnect_0/inst/m00_nodes/m00_w_node/inst'
Finished Parsing XDC File [c:/selected_topics_hdmi/pyzq/hw/hw_proj/hw_proj.gen/sources_1/bd/video_out_pynq_z2/ip/video_out_pynq_z2_smartconnect_0_0/bd_0/ip/ip_30/bd_98e7_m00wn_0_clocks.xdc] for cell 'video_out_pynq_z2_i/smartconnect_0/inst/m00_nodes/m00_w_node/inst'
Parsing XDC File [c:/selected_topics_hdmi/pyzq/hw/hw_proj/hw_proj.gen/sources_1/bd/video_out_pynq_z2/ip/video_out_pynq_z2_smartconnect_0_0/bd_0/ip/ip_31/bd_98e7_m00bn_0_clocks.xdc] for cell 'video_out_pynq_z2_i/smartconnect_0/inst/m00_nodes/m00_b_node/inst'
Finished Parsing XDC File [c:/selected_topics_hdmi/pyzq/hw/hw_proj/hw_proj.gen/sources_1/bd/video_out_pynq_z2/ip/video_out_pynq_z2_smartconnect_0_0/bd_0/ip/ip_31/bd_98e7_m00bn_0_clocks.xdc] for cell 'video_out_pynq_z2_i/smartconnect_0/inst/m00_nodes/m00_b_node/inst'
Parsing XDC File [c:/selected_topics_hdmi/pyzq/hw/hw_proj/hw_proj.gen/sources_1/bd/video_out_pynq_z2/ip/video_out_pynq_z2_smartconnect_0_0/bd_0/ip/ip_34/bd_98e7_m01arn_0_clocks.xdc] for cell 'video_out_pynq_z2_i/smartconnect_0/inst/m01_nodes/m01_ar_node/inst'
Finished Parsing XDC File [c:/selected_topics_hdmi/pyzq/hw/hw_proj/hw_proj.gen/sources_1/bd/video_out_pynq_z2/ip/video_out_pynq_z2_smartconnect_0_0/bd_0/ip/ip_34/bd_98e7_m01arn_0_clocks.xdc] for cell 'video_out_pynq_z2_i/smartconnect_0/inst/m01_nodes/m01_ar_node/inst'
Parsing XDC File [c:/selected_topics_hdmi/pyzq/hw/hw_proj/hw_proj.gen/sources_1/bd/video_out_pynq_z2/ip/video_out_pynq_z2_smartconnect_0_0/bd_0/ip/ip_35/bd_98e7_m01rn_0_clocks.xdc] for cell 'video_out_pynq_z2_i/smartconnect_0/inst/m01_nodes/m01_r_node/inst'
Finished Parsing XDC File [c:/selected_topics_hdmi/pyzq/hw/hw_proj/hw_proj.gen/sources_1/bd/video_out_pynq_z2/ip/video_out_pynq_z2_smartconnect_0_0/bd_0/ip/ip_35/bd_98e7_m01rn_0_clocks.xdc] for cell 'video_out_pynq_z2_i/smartconnect_0/inst/m01_nodes/m01_r_node/inst'
Parsing XDC File [c:/selected_topics_hdmi/pyzq/hw/hw_proj/hw_proj.gen/sources_1/bd/video_out_pynq_z2/ip/video_out_pynq_z2_smartconnect_0_0/bd_0/ip/ip_36/bd_98e7_m01awn_0_clocks.xdc] for cell 'video_out_pynq_z2_i/smartconnect_0/inst/m01_nodes/m01_aw_node/inst'
Finished Parsing XDC File [c:/selected_topics_hdmi/pyzq/hw/hw_proj/hw_proj.gen/sources_1/bd/video_out_pynq_z2/ip/video_out_pynq_z2_smartconnect_0_0/bd_0/ip/ip_36/bd_98e7_m01awn_0_clocks.xdc] for cell 'video_out_pynq_z2_i/smartconnect_0/inst/m01_nodes/m01_aw_node/inst'
Parsing XDC File [c:/selected_topics_hdmi/pyzq/hw/hw_proj/hw_proj.gen/sources_1/bd/video_out_pynq_z2/ip/video_out_pynq_z2_smartconnect_0_0/bd_0/ip/ip_37/bd_98e7_m01wn_0_clocks.xdc] for cell 'video_out_pynq_z2_i/smartconnect_0/inst/m01_nodes/m01_w_node/inst'
Finished Parsing XDC File [c:/selected_topics_hdmi/pyzq/hw/hw_proj/hw_proj.gen/sources_1/bd/video_out_pynq_z2/ip/video_out_pynq_z2_smartconnect_0_0/bd_0/ip/ip_37/bd_98e7_m01wn_0_clocks.xdc] for cell 'video_out_pynq_z2_i/smartconnect_0/inst/m01_nodes/m01_w_node/inst'
Parsing XDC File [c:/selected_topics_hdmi/pyzq/hw/hw_proj/hw_proj.gen/sources_1/bd/video_out_pynq_z2/ip/video_out_pynq_z2_smartconnect_0_0/bd_0/ip/ip_38/bd_98e7_m01bn_0_clocks.xdc] for cell 'video_out_pynq_z2_i/smartconnect_0/inst/m01_nodes/m01_b_node/inst'
Finished Parsing XDC File [c:/selected_topics_hdmi/pyzq/hw/hw_proj/hw_proj.gen/sources_1/bd/video_out_pynq_z2/ip/video_out_pynq_z2_smartconnect_0_0/bd_0/ip/ip_38/bd_98e7_m01bn_0_clocks.xdc] for cell 'video_out_pynq_z2_i/smartconnect_0/inst/m01_nodes/m01_b_node/inst'
Parsing XDC File [c:/selected_topics_hdmi/pyzq/hw/hw_proj/hw_proj.gen/sources_1/bd/video_out_pynq_z2/ip/video_out_pynq_z2_smartconnect_0_0/bd_0/ip/ip_41/bd_98e7_m02arn_0_clocks.xdc] for cell 'video_out_pynq_z2_i/smartconnect_0/inst/m02_nodes/m02_ar_node/inst'
Finished Parsing XDC File [c:/selected_topics_hdmi/pyzq/hw/hw_proj/hw_proj.gen/sources_1/bd/video_out_pynq_z2/ip/video_out_pynq_z2_smartconnect_0_0/bd_0/ip/ip_41/bd_98e7_m02arn_0_clocks.xdc] for cell 'video_out_pynq_z2_i/smartconnect_0/inst/m02_nodes/m02_ar_node/inst'
Parsing XDC File [c:/selected_topics_hdmi/pyzq/hw/hw_proj/hw_proj.gen/sources_1/bd/video_out_pynq_z2/ip/video_out_pynq_z2_smartconnect_0_0/bd_0/ip/ip_42/bd_98e7_m02rn_0_clocks.xdc] for cell 'video_out_pynq_z2_i/smartconnect_0/inst/m02_nodes/m02_r_node/inst'
Finished Parsing XDC File [c:/selected_topics_hdmi/pyzq/hw/hw_proj/hw_proj.gen/sources_1/bd/video_out_pynq_z2/ip/video_out_pynq_z2_smartconnect_0_0/bd_0/ip/ip_42/bd_98e7_m02rn_0_clocks.xdc] for cell 'video_out_pynq_z2_i/smartconnect_0/inst/m02_nodes/m02_r_node/inst'
Parsing XDC File [c:/selected_topics_hdmi/pyzq/hw/hw_proj/hw_proj.gen/sources_1/bd/video_out_pynq_z2/ip/video_out_pynq_z2_smartconnect_0_0/bd_0/ip/ip_43/bd_98e7_m02awn_0_clocks.xdc] for cell 'video_out_pynq_z2_i/smartconnect_0/inst/m02_nodes/m02_aw_node/inst'
Finished Parsing XDC File [c:/selected_topics_hdmi/pyzq/hw/hw_proj/hw_proj.gen/sources_1/bd/video_out_pynq_z2/ip/video_out_pynq_z2_smartconnect_0_0/bd_0/ip/ip_43/bd_98e7_m02awn_0_clocks.xdc] for cell 'video_out_pynq_z2_i/smartconnect_0/inst/m02_nodes/m02_aw_node/inst'
Parsing XDC File [c:/selected_topics_hdmi/pyzq/hw/hw_proj/hw_proj.gen/sources_1/bd/video_out_pynq_z2/ip/video_out_pynq_z2_smartconnect_0_0/bd_0/ip/ip_44/bd_98e7_m02wn_0_clocks.xdc] for cell 'video_out_pynq_z2_i/smartconnect_0/inst/m02_nodes/m02_w_node/inst'
Finished Parsing XDC File [c:/selected_topics_hdmi/pyzq/hw/hw_proj/hw_proj.gen/sources_1/bd/video_out_pynq_z2/ip/video_out_pynq_z2_smartconnect_0_0/bd_0/ip/ip_44/bd_98e7_m02wn_0_clocks.xdc] for cell 'video_out_pynq_z2_i/smartconnect_0/inst/m02_nodes/m02_w_node/inst'
Parsing XDC File [c:/selected_topics_hdmi/pyzq/hw/hw_proj/hw_proj.gen/sources_1/bd/video_out_pynq_z2/ip/video_out_pynq_z2_smartconnect_0_0/bd_0/ip/ip_45/bd_98e7_m02bn_0_clocks.xdc] for cell 'video_out_pynq_z2_i/smartconnect_0/inst/m02_nodes/m02_b_node/inst'
Finished Parsing XDC File [c:/selected_topics_hdmi/pyzq/hw/hw_proj/hw_proj.gen/sources_1/bd/video_out_pynq_z2/ip/video_out_pynq_z2_smartconnect_0_0/bd_0/ip/ip_45/bd_98e7_m02bn_0_clocks.xdc] for cell 'video_out_pynq_z2_i/smartconnect_0/inst/m02_nodes/m02_b_node/inst'
Parsing XDC File [c:/selected_topics_hdmi/pyzq/hw/hw_proj/hw_proj.gen/sources_1/bd/video_out_pynq_z2/ip/video_out_pynq_z2_smartconnect_0_0/bd_0/ip/ip_48/bd_98e7_m03arn_0_clocks.xdc] for cell 'video_out_pynq_z2_i/smartconnect_0/inst/m03_nodes/m03_ar_node/inst'
Finished Parsing XDC File [c:/selected_topics_hdmi/pyzq/hw/hw_proj/hw_proj.gen/sources_1/bd/video_out_pynq_z2/ip/video_out_pynq_z2_smartconnect_0_0/bd_0/ip/ip_48/bd_98e7_m03arn_0_clocks.xdc] for cell 'video_out_pynq_z2_i/smartconnect_0/inst/m03_nodes/m03_ar_node/inst'
Parsing XDC File [c:/selected_topics_hdmi/pyzq/hw/hw_proj/hw_proj.gen/sources_1/bd/video_out_pynq_z2/ip/video_out_pynq_z2_smartconnect_0_0/bd_0/ip/ip_49/bd_98e7_m03rn_0_clocks.xdc] for cell 'video_out_pynq_z2_i/smartconnect_0/inst/m03_nodes/m03_r_node/inst'
Finished Parsing XDC File [c:/selected_topics_hdmi/pyzq/hw/hw_proj/hw_proj.gen/sources_1/bd/video_out_pynq_z2/ip/video_out_pynq_z2_smartconnect_0_0/bd_0/ip/ip_49/bd_98e7_m03rn_0_clocks.xdc] for cell 'video_out_pynq_z2_i/smartconnect_0/inst/m03_nodes/m03_r_node/inst'
Parsing XDC File [c:/selected_topics_hdmi/pyzq/hw/hw_proj/hw_proj.gen/sources_1/bd/video_out_pynq_z2/ip/video_out_pynq_z2_smartconnect_0_0/bd_0/ip/ip_50/bd_98e7_m03awn_0_clocks.xdc] for cell 'video_out_pynq_z2_i/smartconnect_0/inst/m03_nodes/m03_aw_node/inst'
Finished Parsing XDC File [c:/selected_topics_hdmi/pyzq/hw/hw_proj/hw_proj.gen/sources_1/bd/video_out_pynq_z2/ip/video_out_pynq_z2_smartconnect_0_0/bd_0/ip/ip_50/bd_98e7_m03awn_0_clocks.xdc] for cell 'video_out_pynq_z2_i/smartconnect_0/inst/m03_nodes/m03_aw_node/inst'
Parsing XDC File [c:/selected_topics_hdmi/pyzq/hw/hw_proj/hw_proj.gen/sources_1/bd/video_out_pynq_z2/ip/video_out_pynq_z2_smartconnect_0_0/bd_0/ip/ip_51/bd_98e7_m03wn_0_clocks.xdc] for cell 'video_out_pynq_z2_i/smartconnect_0/inst/m03_nodes/m03_w_node/inst'
Finished Parsing XDC File [c:/selected_topics_hdmi/pyzq/hw/hw_proj/hw_proj.gen/sources_1/bd/video_out_pynq_z2/ip/video_out_pynq_z2_smartconnect_0_0/bd_0/ip/ip_51/bd_98e7_m03wn_0_clocks.xdc] for cell 'video_out_pynq_z2_i/smartconnect_0/inst/m03_nodes/m03_w_node/inst'
Parsing XDC File [c:/selected_topics_hdmi/pyzq/hw/hw_proj/hw_proj.gen/sources_1/bd/video_out_pynq_z2/ip/video_out_pynq_z2_smartconnect_0_0/bd_0/ip/ip_52/bd_98e7_m03bn_0_clocks.xdc] for cell 'video_out_pynq_z2_i/smartconnect_0/inst/m03_nodes/m03_b_node/inst'
Finished Parsing XDC File [c:/selected_topics_hdmi/pyzq/hw/hw_proj/hw_proj.gen/sources_1/bd/video_out_pynq_z2/ip/video_out_pynq_z2_smartconnect_0_0/bd_0/ip/ip_52/bd_98e7_m03bn_0_clocks.xdc] for cell 'video_out_pynq_z2_i/smartconnect_0/inst/m03_nodes/m03_b_node/inst'
Parsing XDC File [c:/selected_topics_hdmi/pyzq/hw/hw_proj/hw_proj.gen/sources_1/bd/video_out_pynq_z2/ip/video_out_pynq_z2_smartconnect_0_0/bd_0/ip/ip_55/bd_98e7_m04arn_0_clocks.xdc] for cell 'video_out_pynq_z2_i/smartconnect_0/inst/m04_nodes/m04_ar_node/inst'
Finished Parsing XDC File [c:/selected_topics_hdmi/pyzq/hw/hw_proj/hw_proj.gen/sources_1/bd/video_out_pynq_z2/ip/video_out_pynq_z2_smartconnect_0_0/bd_0/ip/ip_55/bd_98e7_m04arn_0_clocks.xdc] for cell 'video_out_pynq_z2_i/smartconnect_0/inst/m04_nodes/m04_ar_node/inst'
Parsing XDC File [c:/selected_topics_hdmi/pyzq/hw/hw_proj/hw_proj.gen/sources_1/bd/video_out_pynq_z2/ip/video_out_pynq_z2_smartconnect_0_0/bd_0/ip/ip_56/bd_98e7_m04rn_0_clocks.xdc] for cell 'video_out_pynq_z2_i/smartconnect_0/inst/m04_nodes/m04_r_node/inst'
Finished Parsing XDC File [c:/selected_topics_hdmi/pyzq/hw/hw_proj/hw_proj.gen/sources_1/bd/video_out_pynq_z2/ip/video_out_pynq_z2_smartconnect_0_0/bd_0/ip/ip_56/bd_98e7_m04rn_0_clocks.xdc] for cell 'video_out_pynq_z2_i/smartconnect_0/inst/m04_nodes/m04_r_node/inst'
Parsing XDC File [c:/selected_topics_hdmi/pyzq/hw/hw_proj/hw_proj.gen/sources_1/bd/video_out_pynq_z2/ip/video_out_pynq_z2_smartconnect_0_0/bd_0/ip/ip_57/bd_98e7_m04awn_0_clocks.xdc] for cell 'video_out_pynq_z2_i/smartconnect_0/inst/m04_nodes/m04_aw_node/inst'
Finished Parsing XDC File [c:/selected_topics_hdmi/pyzq/hw/hw_proj/hw_proj.gen/sources_1/bd/video_out_pynq_z2/ip/video_out_pynq_z2_smartconnect_0_0/bd_0/ip/ip_57/bd_98e7_m04awn_0_clocks.xdc] for cell 'video_out_pynq_z2_i/smartconnect_0/inst/m04_nodes/m04_aw_node/inst'
Parsing XDC File [c:/selected_topics_hdmi/pyzq/hw/hw_proj/hw_proj.gen/sources_1/bd/video_out_pynq_z2/ip/video_out_pynq_z2_smartconnect_0_0/bd_0/ip/ip_58/bd_98e7_m04wn_0_clocks.xdc] for cell 'video_out_pynq_z2_i/smartconnect_0/inst/m04_nodes/m04_w_node/inst'
Finished Parsing XDC File [c:/selected_topics_hdmi/pyzq/hw/hw_proj/hw_proj.gen/sources_1/bd/video_out_pynq_z2/ip/video_out_pynq_z2_smartconnect_0_0/bd_0/ip/ip_58/bd_98e7_m04wn_0_clocks.xdc] for cell 'video_out_pynq_z2_i/smartconnect_0/inst/m04_nodes/m04_w_node/inst'
Parsing XDC File [c:/selected_topics_hdmi/pyzq/hw/hw_proj/hw_proj.gen/sources_1/bd/video_out_pynq_z2/ip/video_out_pynq_z2_smartconnect_0_0/bd_0/ip/ip_59/bd_98e7_m04bn_0_clocks.xdc] for cell 'video_out_pynq_z2_i/smartconnect_0/inst/m04_nodes/m04_b_node/inst'
Finished Parsing XDC File [c:/selected_topics_hdmi/pyzq/hw/hw_proj/hw_proj.gen/sources_1/bd/video_out_pynq_z2/ip/video_out_pynq_z2_smartconnect_0_0/bd_0/ip/ip_59/bd_98e7_m04bn_0_clocks.xdc] for cell 'video_out_pynq_z2_i/smartconnect_0/inst/m04_nodes/m04_b_node/inst'
Parsing XDC File [c:/selected_topics_hdmi/pyzq/hw/hw_proj/hw_proj.gen/sources_1/bd/video_out_pynq_z2/ip/video_out_pynq_z2_smartconnect_0_0/smartconnect.xdc] for cell 'video_out_pynq_z2_i/smartconnect_0/inst'
WARNING: [Vivado_Tcl 4-919] Waiver ID 'CDC-1' -from list should not be empty. [c:/selected_topics_hdmi/pyzq/hw/hw_proj/hw_proj.gen/sources_1/bd/video_out_pynq_z2/ip/video_out_pynq_z2_smartconnect_0_0/smartconnect.xdc:10]
Finished Parsing XDC File [c:/selected_topics_hdmi/pyzq/hw/hw_proj/hw_proj.gen/sources_1/bd/video_out_pynq_z2/ip/video_out_pynq_z2_smartconnect_0_0/smartconnect.xdc] for cell 'video_out_pynq_z2_i/smartconnect_0/inst'
CRITICAL WARNING: [Designutils 20-1280] Could not find module 'ila_refclk'. The XDC file c:/selected_topics_hdmi/pyzq/hw/hw_proj/hw_proj.gen/sources_1/bd/video_out_pynq_z2/ip/video_out_pynq_z2_dvi2rgb_0_0/src/ila_refclk/ila_v6_2/constraints/ila.xdc will not be read for any cell of this module.
CRITICAL WARNING: [Designutils 20-1280] Could not find module 'ila_pixclk'. The XDC file c:/selected_topics_hdmi/pyzq/hw/hw_proj/hw_proj.gen/sources_1/bd/video_out_pynq_z2/ip/video_out_pynq_z2_dvi2rgb_0_0/src/ila_pixclk/ila_v6_2/constraints/ila.xdc will not be read for any cell of this module.
Parsing XDC File [c:/selected_topics_hdmi/pyzq/hw/hw_proj/hw_proj.gen/sources_1/bd/video_out_pynq_z2/ip/video_out_pynq_z2_dvi2rgb_0_0/src/dvi2rgb.xdc] for cell 'video_out_pynq_z2_i/dvi2rgb_0/U0'
Finished Parsing XDC File [c:/selected_topics_hdmi/pyzq/hw/hw_proj/hw_proj.gen/sources_1/bd/video_out_pynq_z2/ip/video_out_pynq_z2_dvi2rgb_0_0/src/dvi2rgb.xdc] for cell 'video_out_pynq_z2_i/dvi2rgb_0/U0'
Parsing XDC File [c:/selected_topics_hdmi/pyzq/hw/hw_proj/hw_proj.gen/sources_1/bd/video_out_pynq_z2/ip/video_out_pynq_z2_axi_gpio_1_0/video_out_pynq_z2_axi_gpio_1_0_board.xdc] for cell 'video_out_pynq_z2_i/axi_gpio_1/U0'
Finished Parsing XDC File [c:/selected_topics_hdmi/pyzq/hw/hw_proj/hw_proj.gen/sources_1/bd/video_out_pynq_z2/ip/video_out_pynq_z2_axi_gpio_1_0/video_out_pynq_z2_axi_gpio_1_0_board.xdc] for cell 'video_out_pynq_z2_i/axi_gpio_1/U0'
Parsing XDC File [c:/selected_topics_hdmi/pyzq/hw/hw_proj/hw_proj.gen/sources_1/bd/video_out_pynq_z2/ip/video_out_pynq_z2_axi_gpio_1_0/video_out_pynq_z2_axi_gpio_1_0.xdc] for cell 'video_out_pynq_z2_i/axi_gpio_1/U0'
Finished Parsing XDC File [c:/selected_topics_hdmi/pyzq/hw/hw_proj/hw_proj.gen/sources_1/bd/video_out_pynq_z2/ip/video_out_pynq_z2_axi_gpio_1_0/video_out_pynq_z2_axi_gpio_1_0.xdc] for cell 'video_out_pynq_z2_i/axi_gpio_1/U0'
Parsing XDC File [c:/selected_topics_hdmi/pyzq/hw/hw_proj/hw_proj.gen/sources_1/bd/video_out_pynq_z2/ip/video_out_pynq_z2_axi_gpio_2_0/video_out_pynq_z2_axi_gpio_2_0_board.xdc] for cell 'video_out_pynq_z2_i/axi_gpio_2/U0'
Finished Parsing XDC File [c:/selected_topics_hdmi/pyzq/hw/hw_proj/hw_proj.gen/sources_1/bd/video_out_pynq_z2/ip/video_out_pynq_z2_axi_gpio_2_0/video_out_pynq_z2_axi_gpio_2_0_board.xdc] for cell 'video_out_pynq_z2_i/axi_gpio_2/U0'
Parsing XDC File [c:/selected_topics_hdmi/pyzq/hw/hw_proj/hw_proj.gen/sources_1/bd/video_out_pynq_z2/ip/video_out_pynq_z2_axi_gpio_2_0/video_out_pynq_z2_axi_gpio_2_0.xdc] for cell 'video_out_pynq_z2_i/axi_gpio_2/U0'
Finished Parsing XDC File [c:/selected_topics_hdmi/pyzq/hw/hw_proj/hw_proj.gen/sources_1/bd/video_out_pynq_z2/ip/video_out_pynq_z2_axi_gpio_2_0/video_out_pynq_z2_axi_gpio_2_0.xdc] for cell 'video_out_pynq_z2_i/axi_gpio_2/U0'
Parsing XDC File [C:/selected_topics_hdmi/pyzq/hw/hw_proj/hw_proj.srcs/constrs_1/imports/constr/hw_constr.xdc]
Finished Parsing XDC File [C:/selected_topics_hdmi/pyzq/hw/hw_proj/hw_proj.srcs/constrs_1/imports/constr/hw_constr.xdc]
Parsing XDC File [c:/selected_topics_hdmi/pyzq/hw/hw_proj/hw_proj.gen/sources_1/bd/video_out_pynq_z2/ip/video_out_pynq_z2_rgb2dvi_0_0/src/rgb2dvi_clocks.xdc] for cell 'video_out_pynq_z2_i/rgb2dvi_0/U0'
Finished Parsing XDC File [c:/selected_topics_hdmi/pyzq/hw/hw_proj/hw_proj.gen/sources_1/bd/video_out_pynq_z2/ip/video_out_pynq_z2_rgb2dvi_0_0/src/rgb2dvi_clocks.xdc] for cell 'video_out_pynq_z2_i/rgb2dvi_0/U0'
Parsing XDC File [c:/selected_topics_hdmi/pyzq/hw/hw_proj/hw_proj.gen/sources_1/bd/video_out_pynq_z2/ip/video_out_pynq_z2_v_axi4s_vid_out_0_0/video_out_pynq_z2_v_axi4s_vid_out_0_0_clocks.xdc] for cell 'video_out_pynq_z2_i/v_axi4s_vid_out_0/inst'
Finished Parsing XDC File [c:/selected_topics_hdmi/pyzq/hw/hw_proj/hw_proj.gen/sources_1/bd/video_out_pynq_z2/ip/video_out_pynq_z2_v_axi4s_vid_out_0_0/video_out_pynq_z2_v_axi4s_vid_out_0_0_clocks.xdc] for cell 'video_out_pynq_z2_i/v_axi4s_vid_out_0/inst'
Parsing XDC File [c:/selected_topics_hdmi/pyzq/hw/hw_proj/hw_proj.gen/sources_1/bd/video_out_pynq_z2/ip/video_out_pynq_z2_v_tc_0_0/video_out_pynq_z2_v_tc_0_0_clocks.xdc] for cell 'video_out_pynq_z2_i/v_tc_0/U0'
Finished Parsing XDC File [c:/selected_topics_hdmi/pyzq/hw/hw_proj/hw_proj.gen/sources_1/bd/video_out_pynq_z2/ip/video_out_pynq_z2_v_tc_0_0/video_out_pynq_z2_v_tc_0_0_clocks.xdc] for cell 'video_out_pynq_z2_i/v_tc_0/U0'
Parsing XDC File [c:/selected_topics_hdmi/pyzq/hw/hw_proj/hw_proj.gen/sources_1/bd/video_out_pynq_z2/ip/video_out_pynq_z2_dvi2rgb_0_0/src/ila_timing_workaround.xdc] for cell 'video_out_pynq_z2_i/dvi2rgb_0/U0'
Finished Parsing XDC File [c:/selected_topics_hdmi/pyzq/hw/hw_proj/hw_proj.gen/sources_1/bd/video_out_pynq_z2/ip/video_out_pynq_z2_dvi2rgb_0_0/src/ila_timing_workaround.xdc] for cell 'video_out_pynq_z2_i/dvi2rgb_0/U0'
Parsing XDC File [c:/selected_topics_hdmi/pyzq/hw/hw_proj/hw_proj.gen/sources_1/bd/video_out_pynq_z2/ip/video_out_pynq_z2_v_vid_in_axi4s_0_0/video_out_pynq_z2_v_vid_in_axi4s_0_0_clocks.xdc] for cell 'video_out_pynq_z2_i/v_vid_in_axi4s_0/inst'
Finished Parsing XDC File [c:/selected_topics_hdmi/pyzq/hw/hw_proj/hw_proj.gen/sources_1/bd/video_out_pynq_z2/ip/video_out_pynq_z2_v_vid_in_axi4s_0_0/video_out_pynq_z2_v_vid_in_axi4s_0_0_clocks.xdc] for cell 'video_out_pynq_z2_i/v_vid_in_axi4s_0/inst'
Parsing XDC File [c:/selected_topics_hdmi/pyzq/hw/hw_proj/hw_proj.gen/sources_1/bd/video_out_pynq_z2/ip/video_out_pynq_z2_axis_register_slice_0_0/video_out_pynq_z2_axis_register_slice_0_0_clocks.xdc] for cell 'video_out_pynq_z2_i/axis_register_slice_0/inst'
Finished Parsing XDC File [c:/selected_topics_hdmi/pyzq/hw/hw_proj/hw_proj.gen/sources_1/bd/video_out_pynq_z2/ip/video_out_pynq_z2_axis_register_slice_0_0/video_out_pynq_z2_axis_register_slice_0_0_clocks.xdc] for cell 'video_out_pynq_z2_i/axis_register_slice_0/inst'
INFO: [Project 1-1714] 99 XPM XDC files have been applied to the design.
INFO: [Opt 31-138] Pushed 0 inverter(s) to 0 load pin(s).
INFO: [Project 1-1687] 1528 scoped IP constraints or related sub-commands were skipped due to synthesis logic optimizations usually triggered by constant connectivity or unconnected output pins. To review the skipped constraints and messages, run the command 'set_param netlist.IPMsgFiltering false' before opening the design.
Netlist sorting complete. Time (s): cpu = 00:00:00 ; elapsed = 00:00:00.007 . Memory (MB): peak = 1820.910 ; gain = 0.000
INFO: [Project 1-111] Unisim Transformation Summary:
  A total of 233 instances were transformed.
  IOBUF => IOBUF (IBUF, OBUFT): 2 instances
  RAM256X1S => RAM256X1S (MUXF7(x2), MUXF8, RAMS64E(x4)): 225 instances
  RAM32M => RAM32M (RAMD32(x6), RAMS32(x2)): 6 instances

The system cannot find the path specified.
36 Infos, 103 Warnings, 102 Critical Warnings and 0 Errors encountered.
link_design completed successfully
link_design: Time (s): cpu = 00:00:19 ; elapsed = 00:00:22 . Memory (MB): peak = 1820.910 ; gain = 1251.000
Command: opt_design
Attempting to get a license for feature 'Implementation' and/or device 'xc7z020'
INFO: [Common 17-349] Got license for feature 'Implementation' and/or device 'xc7z020'
Running DRC as a precondition to command opt_design

Starting DRC Task
INFO: [DRC 23-27] Running DRC with 2 threads
INFO: [Project 1-461] DRC finished with 0 Errors
INFO: [Project 1-462] Please refer to the DRC report (report_drc) for more information.

Time (s): cpu = 00:00:02 ; elapsed = 00:00:01 . Memory (MB): peak = 1820.910 ; gain = 0.000

Starting Cache Timing Information Task
INFO: [Timing 38-35] Done setting XDC timing constraints.
Ending Cache Timing Information Task | Checksum: 27be66fd3

Time (s): cpu = 00:00:01 ; elapsed = 00:00:00.846 . Memory (MB): peak = 1820.910 ; gain = 0.000

Starting Logic Optimization Task

Phase 1 Initialization

Phase 1.1 Core Generation And Design Setup
Phase 1.1 Core Generation And Design Setup | Checksum: 27be66fd3

Time (s): cpu = 00:00:00 ; elapsed = 00:00:00.004 . Memory (MB): peak = 2189.285 ; gain = 0.000

Phase 1.2 Setup Constraints And Sort Netlist
Phase 1.2 Setup Constraints And Sort Netlist | Checksum: 27be66fd3

Time (s): cpu = 00:00:00 ; elapsed = 00:00:00.012 . Memory (MB): peak = 2189.285 ; gain = 0.000
Phase 1 Initialization | Checksum: 27be66fd3

Time (s): cpu = 00:00:00 ; elapsed = 00:00:00.014 . Memory (MB): peak = 2189.285 ; gain = 0.000

Phase 2 Timer Update And Timing Data Collection

Phase 2.1 Timer Update
Phase 2.1 Timer Update | Checksum: 27be66fd3

Time (s): cpu = 00:00:01 ; elapsed = 00:00:00.275 . Memory (MB): peak = 2189.285 ; gain = 0.000

Phase 2.2 Timing Data Collection
Phase 2.2 Timing Data Collection | Checksum: 27be66fd3

Time (s): cpu = 00:00:01 ; elapsed = 00:00:00.309 . Memory (MB): peak = 2189.285 ; gain = 0.000
Phase 2 Timer Update And Timing Data Collection | Checksum: 27be66fd3

Time (s): cpu = 00:00:01 ; elapsed = 00:00:00.311 . Memory (MB): peak = 2189.285 ; gain = 0.000

Phase 3 Retarget
INFO: [Opt 31-1566] Pulled 10 inverters resulting in an inversion of 69 pins
INFO: [Opt 31-138] Pushed 8 inverter(s) to 57 load pin(s).
INFO: [Opt 31-49] Retargeted 0 cell(s).
Phase 3 Retarget | Checksum: 21c743278

Time (s): cpu = 00:00:01 ; elapsed = 00:00:00.535 . Memory (MB): peak = 2189.285 ; gain = 0.000
Retarget | Checksum: 21c743278
INFO: [Opt 31-389] Phase Retarget created 241 cells and removed 288 cells
INFO: [Opt 31-1021] In phase Retarget, 334 netlist objects are constrained preventing optimization. Please run opt_design with -debug_log to get more detail. 

Phase 4 Constant propagation
INFO: [Opt 31-138] Pushed 1 inverter(s) to 2 load pin(s).
Phase 4 Constant propagation | Checksum: 2e6d0b3b0

Time (s): cpu = 00:00:01 ; elapsed = 00:00:00.646 . Memory (MB): peak = 2189.285 ; gain = 0.000
Constant propagation | Checksum: 2e6d0b3b0
INFO: [Opt 31-389] Phase Constant propagation created 10 cells and removed 412 cells
INFO: [Opt 31-1021] In phase Constant propagation, 533 netlist objects are constrained preventing optimization. Please run opt_design with -debug_log to get more detail. 

Phase 5 Sweep
Phase 5 Sweep | Checksum: 1f8f961d0

Time (s): cpu = 00:00:02 ; elapsed = 00:00:01 . Memory (MB): peak = 2189.285 ; gain = 0.000
Sweep | Checksum: 1f8f961d0
INFO: [Opt 31-389] Phase Sweep created 1 cells and removed 1752 cells
INFO: [Opt 31-1021] In phase Sweep, 183 netlist objects are constrained preventing optimization. Please run opt_design with -debug_log to get more detail. 

Phase 6 BUFG optimization
INFO: [Opt 31-194] Inserted BUFG video_out_pynq_z2_i/rgb2dvi_0/U0/ClockGenInternal.ClockGenX/PixelClk_BUFG_inst to drive 8 load(s) on clock net video_out_pynq_z2_i/rgb2dvi_0/U0/ClockGenInternal.ClockGenX/PixelClk_BUFG
INFO: [Opt 31-194] Inserted BUFG video_out_pynq_z2_i/rgb2dvi_0/U0/ClockGenInternal.ClockGenX/SerialClk_BUFG_inst to drive 8 load(s) on clock net video_out_pynq_z2_i/rgb2dvi_0/U0/ClockGenInternal.ClockGenX/SerialClk_BUFG
INFO: [Opt 31-193] Inserted 2 BUFG(s) on clock nets
Phase 6 BUFG optimization | Checksum: 2e19d00f4

Time (s): cpu = 00:00:02 ; elapsed = 00:00:02 . Memory (MB): peak = 2189.285 ; gain = 0.000
BUFG optimization | Checksum: 2e19d00f4
INFO: [Opt 31-662] Phase BUFG optimization created 2 cells of which 2 are BUFGs and removed 0 cells.

Phase 7 Shift Register Optimization
INFO: [Opt 31-1064] SRL Remap converted 0 SRLs to 0 registers and converted 0 registers of register chains to 0 SRLs
Phase 7 Shift Register Optimization | Checksum: 2e19d00f4

Time (s): cpu = 00:00:02 ; elapsed = 00:00:02 . Memory (MB): peak = 2189.285 ; gain = 0.000
Shift Register Optimization | Checksum: 2e19d00f4
INFO: [Opt 31-389] Phase Shift Register Optimization created 0 cells and removed 0 cells

Phase 8 Post Processing Netlist
Phase 8 Post Processing Netlist | Checksum: 273c8eca4

Time (s): cpu = 00:00:02 ; elapsed = 00:00:02 . Memory (MB): peak = 2189.285 ; gain = 0.000
Post Processing Netlist | Checksum: 273c8eca4
INFO: [Opt 31-389] Phase Post Processing Netlist created 0 cells and removed 0 cells
INFO: [Opt 31-1021] In phase Post Processing Netlist, 170 netlist objects are constrained preventing optimization. Please run opt_design with -debug_log to get more detail. 

Phase 9 Finalization

Phase 9.1 Finalizing Design Cores and Updating Shapes
Phase 9.1 Finalizing Design Cores and Updating Shapes | Checksum: 24cdc2884

Time (s): cpu = 00:00:02 ; elapsed = 00:00:02 . Memory (MB): peak = 2189.285 ; gain = 0.000

Phase 9.2 Verifying Netlist Connectivity

Starting Connectivity Check Task

Time (s): cpu = 00:00:00 ; elapsed = 00:00:00.024 . Memory (MB): peak = 2189.285 ; gain = 0.000
Phase 9.2 Verifying Netlist Connectivity | Checksum: 24cdc2884

Time (s): cpu = 00:00:02 ; elapsed = 00:00:02 . Memory (MB): peak = 2189.285 ; gain = 0.000
Phase 9 Finalization | Checksum: 24cdc2884

Time (s): cpu = 00:00:02 ; elapsed = 00:00:02 . Memory (MB): peak = 2189.285 ; gain = 0.000
Opt_design Change Summary
=========================


-------------------------------------------------------------------------------------------------------------------------
|  Phase                        |  #Cells created  |  #Cells Removed  |  #Constrained objects preventing optimizations  |
-------------------------------------------------------------------------------------------------------------------------
|  Retarget                     |             241  |             288  |                                            334  |
|  Constant propagation         |              10  |             412  |                                            533  |
|  Sweep                        |               1  |            1752  |                                            183  |
|  BUFG optimization            |               2  |               0  |                                              0  |
|  Shift Register Optimization  |               0  |               0  |                                              0  |
|  Post Processing Netlist      |               0  |               0  |                                            170  |
-------------------------------------------------------------------------------------------------------------------------


Ending Logic Optimization Task | Checksum: 24cdc2884

Time (s): cpu = 00:00:03 ; elapsed = 00:00:02 . Memory (MB): peak = 2189.285 ; gain = 0.000
INFO: [Constraints 18-11670] Building netlist checker database with flags, 0x8
Done building netlist checker database: Time (s): cpu = 00:00:00 ; elapsed = 00:00:00.006 . Memory (MB): peak = 2189.285 ; gain = 0.000

Starting Power Optimization Task
INFO: [Pwropt 34-132] Skipping clock gating for clocks with a period < 2.00 ns.
INFO: [Pwropt 34-9] Applying IDT optimizations ...
INFO: [Pwropt 34-10] Applying ODC optimizations ...
INFO: [Timing 38-35] Done setting XDC timing constraints.
Running Vector-less Activity Propagation...

Finished Running Vector-less Activity Propagation


Starting PowerOpt Patch Enables Task
INFO: [Pwropt 34-162] WRITE_MODE attribute of 0 BRAM(s) out of a total of 9 has been updated to save power. Run report_power_opt to get a complete listing of the BRAMs updated.
INFO: [Pwropt 34-201] Structural ODC has moved 0 WE to EN ports
Number of BRAM Ports augmented: 8 newly gated: 0 Total Ports: 18
Ending PowerOpt Patch Enables Task | Checksum: 1be884769

Time (s): cpu = 00:00:00 ; elapsed = 00:00:00.085 . Memory (MB): peak = 2423.898 ; gain = 0.000
Ending Power Optimization Task | Checksum: 1be884769

Time (s): cpu = 00:00:05 ; elapsed = 00:00:03 . Memory (MB): peak = 2423.898 ; gain = 234.613

Starting Final Cleanup Task
Ending Final Cleanup Task | Checksum: 1be884769

Time (s): cpu = 00:00:00 ; elapsed = 00:00:00.005 . Memory (MB): peak = 2423.898 ; gain = 0.000

Starting Netlist Obfuscation Task
Netlist sorting complete. Time (s): cpu = 00:00:00 ; elapsed = 00:00:00.019 . Memory (MB): peak = 2423.898 ; gain = 0.000
Ending Netlist Obfuscation Task | Checksum: 147e7dcaf

Time (s): cpu = 00:00:00 ; elapsed = 00:00:00.025 . Memory (MB): peak = 2423.898 ; gain = 0.000
INFO: [Common 17-83] Releasing license: Implementation
67 Infos, 103 Warnings, 102 Critical Warnings and 0 Errors encountered.
opt_design completed successfully
opt_design: Time (s): cpu = 00:00:14 ; elapsed = 00:00:11 . Memory (MB): peak = 2423.898 ; gain = 602.988
INFO: [runtcl-4] Executing : report_drc -file video_out_pynq_z2_wrapper_drc_opted.rpt -pb video_out_pynq_z2_wrapper_drc_opted.pb -rpx video_out_pynq_z2_wrapper_drc_opted.rpx
Command: report_drc -file video_out_pynq_z2_wrapper_drc_opted.rpt -pb video_out_pynq_z2_wrapper_drc_opted.pb -rpx video_out_pynq_z2_wrapper_drc_opted.rpx
INFO: [IP_Flow 19-1839] IP Catalog is up to date.
INFO: [DRC 23-27] Running DRC with 2 threads
INFO: [Vivado_Tcl 2-168] The results of DRC are in file C:/selected_topics_hdmi/pyzq/hw/hw_proj/hw_proj.runs/impl_1/video_out_pynq_z2_wrapper_drc_opted.rpt.
report_drc completed successfully
INFO: [Timing 38-35] Done setting XDC timing constraints.
INFO: [Timing 38-480] Writing timing data to binary archive.
Wrote PlaceDB: Time (s): cpu = 00:00:00 ; elapsed = 00:00:00.022 . Memory (MB): peak = 2423.898 ; gain = 0.000
Wrote PulsedLatchDB: Time (s): cpu = 00:00:00 ; elapsed = 00:00:00 . Memory (MB): peak = 2423.898 ; gain = 0.000
Writing XDEF routing.
Write ShapeDB Complete: Time (s): cpu = 00:00:00 ; elapsed = 00:00:00.029 . Memory (MB): peak = 2423.898 ; gain = 0.000
Writing XDEF routing logical nets.
Writing XDEF routing special nets.
Wrote RouteStorage: Time (s): cpu = 00:00:00 ; elapsed = 00:00:00.053 . Memory (MB): peak = 2423.898 ; gain = 0.000
Wrote Netlist Cache: Time (s): cpu = 00:00:00 ; elapsed = 00:00:00.001 . Memory (MB): peak = 2423.898 ; gain = 0.000
Wrote Device Cache: Time (s): cpu = 00:00:00 ; elapsed = 00:00:00.016 . Memory (MB): peak = 2423.898 ; gain = 0.000
Write Physdb Complete: Time (s): cpu = 00:00:00 ; elapsed = 00:00:00.107 . Memory (MB): peak = 2423.898 ; gain = 0.000
INFO: [Common 17-1381] The checkpoint 'C:/selected_topics_hdmi/pyzq/hw/hw_proj/hw_proj.runs/impl_1/video_out_pynq_z2_wrapper_opt.dcp' has been generated.
Command: place_design
Attempting to get a license for feature 'Implementation' and/or device 'xc7z020'
INFO: [Common 17-349] Got license for feature 'Implementation' and/or device 'xc7z020'
INFO: [Common 17-83] Releasing license: Implementation
INFO: [DRC 23-27] Running DRC with 2 threads
INFO: [Vivado_Tcl 4-198] DRC finished with 0 Errors
INFO: [Vivado_Tcl 4-199] Please refer to the DRC report (report_drc) for more information.
Running DRC as a precondition to command place_design
INFO: [DRC 23-27] Running DRC with 2 threads
INFO: [Vivado_Tcl 4-198] DRC finished with 0 Errors, 1 Warnings
INFO: [Vivado_Tcl 4-199] Please refer to the DRC report (report_drc) for more information.
INFO: [Place 30-611] Multithreading enabled for place_design using a maximum of 2 CPUs

Starting Placer Task

Phase 1 Placer Initialization

Phase 1.1 Placer Initialization Netlist Sorting
Netlist sorting complete. Time (s): cpu = 00:00:00 ; elapsed = 00:00:00.007 . Memory (MB): peak = 2423.898 ; gain = 0.000
Phase 1.1 Placer Initialization Netlist Sorting | Checksum: 1476a2287

Time (s): cpu = 00:00:00 ; elapsed = 00:00:00.014 . Memory (MB): peak = 2423.898 ; gain = 0.000
Netlist sorting complete. Time (s): cpu = 00:00:00 ; elapsed = 00:00:00.006 . Memory (MB): peak = 2423.898 ; gain = 0.000

Phase 1.2 IO Placement/ Clock Placement/ Build Placer Device
Phase 1.2 IO Placement/ Clock Placement/ Build Placer Device | Checksum: 115ea48ee

Time (s): cpu = 00:00:02 ; elapsed = 00:00:01 . Memory (MB): peak = 2423.898 ; gain = 0.000

Phase 1.3 Build Placer Netlist Model
Phase 1.3 Build Placer Netlist Model | Checksum: 1fe7bd6de

Time (s): cpu = 00:00:05 ; elapsed = 00:00:04 . Memory (MB): peak = 2423.898 ; gain = 0.000

Phase 1.4 Constrain Clocks/Macros
Phase 1.4 Constrain Clocks/Macros | Checksum: 1fe7bd6de

Time (s): cpu = 00:00:05 ; elapsed = 00:00:04 . Memory (MB): peak = 2423.898 ; gain = 0.000
Phase 1 Placer Initialization | Checksum: 1fe7bd6de

Time (s): cpu = 00:00:05 ; elapsed = 00:00:04 . Memory (MB): peak = 2423.898 ; gain = 0.000

Phase 2 Global Placement

Phase 2.1 Floorplanning
Phase 2.1 Floorplanning | Checksum: 15d46b388

Time (s): cpu = 00:00:06 ; elapsed = 00:00:05 . Memory (MB): peak = 2423.898 ; gain = 0.000

Phase 2.2 Update Timing before SLR Path Opt
Phase 2.2 Update Timing before SLR Path Opt | Checksum: 1c3c043bb

Time (s): cpu = 00:00:07 ; elapsed = 00:00:05 . Memory (MB): peak = 2423.898 ; gain = 0.000

Phase 2.3 Post-Processing in Floorplanning
Phase 2.3 Post-Processing in Floorplanning | Checksum: 1c3c043bb

Time (s): cpu = 00:00:07 ; elapsed = 00:00:05 . Memory (MB): peak = 2423.898 ; gain = 0.000

Phase 2.4 Global Placement Core

Phase 2.4.1 UpdateTiming Before Physical Synthesis
Phase 2.4.1 UpdateTiming Before Physical Synthesis | Checksum: 2a6ed18b6

Time (s): cpu = 00:00:17 ; elapsed = 00:00:11 . Memory (MB): peak = 2423.898 ; gain = 0.000

Phase 2.4.2 Physical Synthesis In Placer
INFO: [Physopt 32-1035] Found 0 LUTNM shape to break, 379 LUT instances to create LUTNM shape
INFO: [Physopt 32-1044] Break lutnm for timing: one critical 0, two critical 0, total 0, new lutff created 0
INFO: [Physopt 32-1138] End 1 Pass. Optimized 150 nets or LUTs. Breaked 0 LUT, combined 150 existing LUTs and moved 0 existing LUT
INFO: [Physopt 32-65] No nets found for high-fanout optimization.
INFO: [Physopt 32-232] Optimized 0 net. Created 0 new instance.
INFO: [Physopt 32-775] End 1 Pass. Optimized 0 net or cell. Created 0 new cell, deleted 0 existing cell and moved 0 existing cell
INFO: [Physopt 32-670] No setup violation found.  DSP Register Optimization was not performed.
INFO: [Physopt 32-670] No setup violation found.  Shift Register to Pipeline Optimization was not performed.
INFO: [Physopt 32-670] No setup violation found.  Shift Register Optimization was not performed.
INFO: [Physopt 32-670] No setup violation found.  BRAM Register Optimization was not performed.
INFO: [Physopt 32-670] No setup violation found.  URAM Register Optimization was not performed.
INFO: [Physopt 32-949] No candidate nets found for dynamic/static region interface net replication
INFO: [Physopt 32-775] End 1 Pass. Optimized 0 net or cell. Created 0 new cell, deleted 0 existing cell and moved 0 existing cell
Netlist sorting complete. Time (s): cpu = 00:00:00 ; elapsed = 00:00:00.007 . Memory (MB): peak = 2423.898 ; gain = 0.000

Summary of Physical Synthesis Optimizations
============================================


-----------------------------------------------------------------------------------------------------------------------------------------------------------
|  Optimization                                     |  Added Cells  |  Removed Cells  |  Optimized Cells/Nets  |  Dont Touch  |  Iterations  |  Elapsed   |
-----------------------------------------------------------------------------------------------------------------------------------------------------------
|  LUT Combining                                    |            0  |            150  |                   150  |           0  |           1  |  00:00:00  |
|  Retime                                           |            0  |              0  |                     0  |           0  |           1  |  00:00:00  |
|  Very High Fanout                                 |            0  |              0  |                     0  |           0  |           1  |  00:00:00  |
|  DSP Register                                     |            0  |              0  |                     0  |           0  |           0  |  00:00:00  |
|  Shift Register to Pipeline                       |            0  |              0  |                     0  |           0  |           0  |  00:00:00  |
|  Shift Register                                   |            0  |              0  |                     0  |           0  |           0  |  00:00:00  |
|  BRAM Register                                    |            0  |              0  |                     0  |           0  |           0  |  00:00:00  |
|  URAM Register                                    |            0  |              0  |                     0  |           0  |           0  |  00:00:00  |
|  Dynamic/Static Region Interface Net Replication  |            0  |              0  |                     0  |           0  |           1  |  00:00:00  |
|  Total                                            |            0  |            150  |                   150  |           0  |           4  |  00:00:00  |
-----------------------------------------------------------------------------------------------------------------------------------------------------------


Phase 2.4.2 Physical Synthesis In Placer | Checksum: 1a2a6553d

Time (s): cpu = 00:00:18 ; elapsed = 00:00:13 . Memory (MB): peak = 2423.898 ; gain = 0.000
Phase 2.4 Global Placement Core | Checksum: 12098e4cd

Time (s): cpu = 00:00:19 ; elapsed = 00:00:13 . Memory (MB): peak = 2423.898 ; gain = 0.000
Phase 2 Global Placement | Checksum: 12098e4cd

Time (s): cpu = 00:00:19 ; elapsed = 00:00:13 . Memory (MB): peak = 2423.898 ; gain = 0.000

Phase 3 Detail Placement

Phase 3.1 Commit Multi Column Macros
Phase 3.1 Commit Multi Column Macros | Checksum: 131b7246d

Time (s): cpu = 00:00:20 ; elapsed = 00:00:14 . Memory (MB): peak = 2423.898 ; gain = 0.000

Phase 3.2 Commit Most Macros & LUTRAMs
Phase 3.2 Commit Most Macros & LUTRAMs | Checksum: 1935a3dd0

Time (s): cpu = 00:00:22 ; elapsed = 00:00:15 . Memory (MB): peak = 2423.898 ; gain = 0.000

Phase 3.3 Area Swap Optimization
Phase 3.3 Area Swap Optimization | Checksum: 1b9299922

Time (s): cpu = 00:00:22 ; elapsed = 00:00:15 . Memory (MB): peak = 2423.898 ; gain = 0.000

Phase 3.4 Pipeline Register Optimization
Phase 3.4 Pipeline Register Optimization | Checksum: 1249111e4

Time (s): cpu = 00:00:22 ; elapsed = 00:00:15 . Memory (MB): peak = 2423.898 ; gain = 0.000

Phase 3.5 Small Shape Detail Placement
Phase 3.5 Small Shape Detail Placement | Checksum: 64b10741

Time (s): cpu = 00:00:26 ; elapsed = 00:00:19 . Memory (MB): peak = 2423.898 ; gain = 0.000

Phase 3.6 Re-assign LUT pins
Phase 3.6 Re-assign LUT pins | Checksum: 6f12ff7d

Time (s): cpu = 00:00:26 ; elapsed = 00:00:19 . Memory (MB): peak = 2423.898 ; gain = 0.000

Phase 3.7 Pipeline Register Optimization
Phase 3.7 Pipeline Register Optimization | Checksum: c566efac

Time (s): cpu = 00:00:26 ; elapsed = 00:00:19 . Memory (MB): peak = 2423.898 ; gain = 0.000
Phase 3 Detail Placement | Checksum: c566efac

Time (s): cpu = 00:00:26 ; elapsed = 00:00:19 . Memory (MB): peak = 2423.898 ; gain = 0.000

Phase 4 Post Placement Optimization and Clean-Up

Phase 4.1 Post Commit Optimization
INFO: [Timing 38-35] Done setting XDC timing constraints.

Phase 4.1.1 Post Placement Optimization
Post Placement Optimization Initialization | Checksum: 42b16099

Phase 4.1.1.1 BUFG Insertion

Starting Physical Synthesis Task

Phase 1 Physical Synthesis Initialization
INFO: [Physopt 32-721] Multithreading enabled for phys_opt_design using a maximum of 2 CPUs
INFO: [Physopt 32-619] Estimated Timing Summary | WNS=0.713 | TNS=0.000 |
Phase 1 Physical Synthesis Initialization | Checksum: 21e29657

Time (s): cpu = 00:00:01 ; elapsed = 00:00:00.890 . Memory (MB): peak = 2423.898 ; gain = 0.000
INFO: [Place 46-33] Processed net video_out_pynq_z2_i/clk_wiz_0/inst/AXI_LITE_IPIF_I/I_SLAVE_ATTACHMENT/rst_reg_0, BUFG insertion was skipped due to placement/routing conflicts.
INFO: [Place 46-56] BUFG insertion identified 1 candidate nets. Inserted BUFG: 0, Replicated BUFG Driver: 0, Skipped due to Placement/Routing Conflicts: 1, Skipped due to Timing Degradation: 0, Skipped due to netlist editing failed: 0.
Ending Physical Synthesis Task | Checksum: 21e29657

Time (s): cpu = 00:00:01 ; elapsed = 00:00:01 . Memory (MB): peak = 2423.898 ; gain = 0.000
Phase 4.1.1.1 BUFG Insertion | Checksum: 42b16099

Time (s): cpu = 00:00:32 ; elapsed = 00:00:24 . Memory (MB): peak = 2423.898 ; gain = 0.000

Phase 4.1.1.2 Post Placement Timing Optimization
INFO: [Place 30-746] Post Placement Timing Summary WNS=0.713. For the most accurate timing information please run report_timing.
Phase 4.1.1.2 Post Placement Timing Optimization | Checksum: 108c72205

Time (s): cpu = 00:00:33 ; elapsed = 00:00:24 . Memory (MB): peak = 2423.898 ; gain = 0.000

Time (s): cpu = 00:00:33 ; elapsed = 00:00:24 . Memory (MB): peak = 2423.898 ; gain = 0.000
Phase 4.1 Post Commit Optimization | Checksum: 108c72205

Time (s): cpu = 00:00:33 ; elapsed = 00:00:24 . Memory (MB): peak = 2423.898 ; gain = 0.000

Phase 4.2 Post Placement Cleanup
Phase 4.2 Post Placement Cleanup | Checksum: 108c72205

Time (s): cpu = 00:00:33 ; elapsed = 00:00:24 . Memory (MB): peak = 2423.898 ; gain = 0.000

Phase 4.3 Placer Reporting

Phase 4.3.1 Print Estimated Congestion
INFO: [Place 30-612] Post-Placement Estimated Congestion 
 ____________________________________________________
|           | Global Congestion | Short Congestion  |
| Direction | Region Size       | Region Size       |
|___________|___________________|___________________|
|      North|                1x1|                1x1|
|___________|___________________|___________________|
|      South|                1x1|                1x1|
|___________|___________________|___________________|
|       East|                1x1|                1x1|
|___________|___________________|___________________|
|       West|                1x1|                1x1|
|___________|___________________|___________________|

Phase 4.3.1 Print Estimated Congestion | Checksum: 108c72205

Time (s): cpu = 00:00:33 ; elapsed = 00:00:24 . Memory (MB): peak = 2423.898 ; gain = 0.000
Phase 4.3 Placer Reporting | Checksum: 108c72205

Time (s): cpu = 00:00:33 ; elapsed = 00:00:24 . Memory (MB): peak = 2423.898 ; gain = 0.000

Phase 4.4 Final Placement Cleanup
Netlist sorting complete. Time (s): cpu = 00:00:00 ; elapsed = 00:00:00.008 . Memory (MB): peak = 2423.898 ; gain = 0.000

Time (s): cpu = 00:00:33 ; elapsed = 00:00:24 . Memory (MB): peak = 2423.898 ; gain = 0.000
Phase 4 Post Placement Optimization and Clean-Up | Checksum: 19d43dd5f

Time (s): cpu = 00:00:33 ; elapsed = 00:00:24 . Memory (MB): peak = 2423.898 ; gain = 0.000
Ending Placer Task | Checksum: b5e19789

Time (s): cpu = 00:00:33 ; elapsed = 00:00:24 . Memory (MB): peak = 2423.898 ; gain = 0.000
103 Infos, 103 Warnings, 102 Critical Warnings and 0 Errors encountered.
place_design completed successfully
place_design: Time (s): cpu = 00:00:36 ; elapsed = 00:00:26 . Memory (MB): peak = 2423.898 ; gain = 0.000
INFO: [runtcl-4] Executing : report_io -file video_out_pynq_z2_wrapper_io_placed.rpt
report_io: Time (s): cpu = 00:00:00 ; elapsed = 00:00:00.066 . Memory (MB): peak = 2423.898 ; gain = 0.000
INFO: [runtcl-4] Executing : report_utilization -file video_out_pynq_z2_wrapper_utilization_placed.rpt -pb video_out_pynq_z2_wrapper_utilization_placed.pb
INFO: [runtcl-4] Executing : report_control_sets -verbose -file video_out_pynq_z2_wrapper_control_sets_placed.rpt
report_control_sets: Time (s): cpu = 00:00:00 ; elapsed = 00:00:00.066 . Memory (MB): peak = 2423.898 ; gain = 0.000
INFO: [Timing 38-480] Writing timing data to binary archive.
Write ShapeDB Complete: Time (s): cpu = 00:00:00 ; elapsed = 00:00:00.050 . Memory (MB): peak = 2423.898 ; gain = 0.000
Wrote PlaceDB: Time (s): cpu = 00:00:02 ; elapsed = 00:00:00.802 . Memory (MB): peak = 2423.898 ; gain = 0.000
Wrote PulsedLatchDB: Time (s): cpu = 00:00:00 ; elapsed = 00:00:00 . Memory (MB): peak = 2423.898 ; gain = 0.000
Writing XDEF routing.
Writing XDEF routing logical nets.
Writing XDEF routing special nets.
Wrote RouteStorage: Time (s): cpu = 00:00:01 ; elapsed = 00:00:00.044 . Memory (MB): peak = 2423.898 ; gain = 0.000
Wrote Netlist Cache: Time (s): cpu = 00:00:00 ; elapsed = 00:00:00.019 . Memory (MB): peak = 2423.898 ; gain = 0.000
Wrote Device Cache: Time (s): cpu = 00:00:00 ; elapsed = 00:00:00.012 . Memory (MB): peak = 2423.898 ; gain = 0.000
Write Physdb Complete: Time (s): cpu = 00:00:03 ; elapsed = 00:00:00.895 . Memory (MB): peak = 2423.898 ; gain = 0.000
INFO: [Common 17-1381] The checkpoint 'C:/selected_topics_hdmi/pyzq/hw/hw_proj/hw_proj.runs/impl_1/video_out_pynq_z2_wrapper_placed.dcp' has been generated.
Command: phys_opt_design
Attempting to get a license for feature 'Implementation' and/or device 'xc7z020'
INFO: [Common 17-349] Got license for feature 'Implementation' and/or device 'xc7z020'

Starting Initial Update Timing Task

Time (s): cpu = 00:00:03 ; elapsed = 00:00:02 . Memory (MB): peak = 2423.898 ; gain = 0.000
INFO: [Vivado_Tcl 4-383] Design worst setup slack (WNS) is greater than or equal to 0.000 ns. Skipping all physical synthesis optimizations.
INFO: [Vivado_Tcl 4-232] No setup violation found. The netlist was not modified.
INFO: [Common 17-83] Releasing license: Implementation
112 Infos, 103 Warnings, 102 Critical Warnings and 0 Errors encountered.
phys_opt_design completed successfully
INFO: [Timing 38-480] Writing timing data to binary archive.
Write ShapeDB Complete: Time (s): cpu = 00:00:01 ; elapsed = 00:00:00.040 . Memory (MB): peak = 2423.898 ; gain = 0.000
Wrote PlaceDB: Time (s): cpu = 00:00:03 ; elapsed = 00:00:00.865 . Memory (MB): peak = 2423.898 ; gain = 0.000
Wrote PulsedLatchDB: Time (s): cpu = 00:00:00 ; elapsed = 00:00:00 . Memory (MB): peak = 2423.898 ; gain = 0.000
Writing XDEF routing.
Writing XDEF routing logical nets.
Writing XDEF routing special nets.
Wrote RouteStorage: Time (s): cpu = 00:00:01 ; elapsed = 00:00:00.056 . Memory (MB): peak = 2423.898 ; gain = 0.000
Wrote Netlist Cache: Time (s): cpu = 00:00:00 ; elapsed = 00:00:00.018 . Memory (MB): peak = 2423.898 ; gain = 0.000
Wrote Device Cache: Time (s): cpu = 00:00:00 ; elapsed = 00:00:00.016 . Memory (MB): peak = 2423.898 ; gain = 0.000
Write Physdb Complete: Time (s): cpu = 00:00:04 ; elapsed = 00:00:00.979 . Memory (MB): peak = 2423.898 ; gain = 0.000
INFO: [Common 17-1381] The checkpoint 'C:/selected_topics_hdmi/pyzq/hw/hw_proj/hw_proj.runs/impl_1/video_out_pynq_z2_wrapper_physopt.dcp' has been generated.
Command: route_design
Attempting to get a license for feature 'Implementation' and/or device 'xc7z020'
INFO: [Common 17-349] Got license for feature 'Implementation' and/or device 'xc7z020'
Running DRC as a precondition to command route_design
INFO: [DRC 23-27] Running DRC with 2 threads
INFO: [Vivado_Tcl 4-198] DRC finished with 0 Errors
INFO: [Vivado_Tcl 4-199] Please refer to the DRC report (report_drc) for more information.


Starting Routing Task
INFO: [Route 35-254] Multithreading enabled for route_design using a maximum of 8 CPUs

Phase 1 Build RT Design
Checksum: PlaceDB: 1e0e4be0 ConstDB: 0 ShapeSum: 97d34ba9 RouteDB: 0
Post Restoration Checksum: NetGraph: f643bbd2 | NumContArr: 569f6355 | Constraints: c2a8fa9d | Timing: c2a8fa9d
Phase 1 Build RT Design | Checksum: 2d2351461

Time (s): cpu = 00:00:26 ; elapsed = 00:00:21 . Memory (MB): peak = 2521.828 ; gain = 97.930

Phase 2 Router Initialization

Phase 2.1 Fix Topology Constraints
Phase 2.1 Fix Topology Constraints | Checksum: 2d2351461

Time (s): cpu = 00:00:26 ; elapsed = 00:00:21 . Memory (MB): peak = 2521.828 ; gain = 97.930

Phase 2.2 Pre Route Cleanup
Phase 2.2 Pre Route Cleanup | Checksum: 2d2351461

Time (s): cpu = 00:00:26 ; elapsed = 00:00:21 . Memory (MB): peak = 2521.828 ; gain = 97.930
 Number of Nodes with overlaps = 0

Phase 2.3 Update Timing
Phase 2.3 Update Timing | Checksum: 3175502a9

Time (s): cpu = 00:00:33 ; elapsed = 00:00:25 . Memory (MB): peak = 2540.289 ; gain = 116.391
INFO: [Route 35-416] Intermediate Timing Summary | WNS=0.667  | TNS=0.000  | WHS=-2.347 | THS=-180.251|


Phase 2.4 Update Timing for Bus Skew

Phase 2.4.1 Update Timing
Phase 2.4.1 Update Timing | Checksum: 3512de54b

Time (s): cpu = 00:00:38 ; elapsed = 00:00:28 . Memory (MB): peak = 2540.289 ; gain = 116.391
INFO: [Route 35-416] Intermediate Timing Summary | WNS=0.667  | TNS=0.000  | WHS=N/A    | THS=N/A    |

Phase 2.4 Update Timing for Bus Skew | Checksum: 338447886

Time (s): cpu = 00:00:38 ; elapsed = 00:00:28 . Memory (MB): peak = 2542.352 ; gain = 118.453

Router Utilization Summary
  Global Vertical Routing Utilization    = 5.17759e-05 %
  Global Horizontal Routing Utilization  = 0.000422583 %
  Routable Net Status*
  *Does not include unroutable nets such as driverless and loadless.
  Run report_route_status for detailed report.
  Number of Failed Nets               = 9800
    (Failed Nets is the sum of unrouted and partially routed nets)
  Number of Unrouted Nets             = 9800
  Number of Partially Routed Nets     = 0
  Number of Node Overlaps             = 0

Phase 2 Router Initialization | Checksum: 32ef5d013

Time (s): cpu = 00:00:38 ; elapsed = 00:00:28 . Memory (MB): peak = 2583.266 ; gain = 159.367

Phase 3 Initial Routing

Phase 3.1 Global Routing
Phase 3.1 Global Routing | Checksum: 32ef5d013

Time (s): cpu = 00:00:38 ; elapsed = 00:00:28 . Memory (MB): peak = 2583.266 ; gain = 159.367

Phase 3.2 Initial Net Routing
Phase 3.2 Initial Net Routing | Checksum: 203903609

Time (s): cpu = 00:00:41 ; elapsed = 00:00:29 . Memory (MB): peak = 2583.266 ; gain = 159.367
Phase 3 Initial Routing | Checksum: 203903609

Time (s): cpu = 00:00:41 ; elapsed = 00:00:29 . Memory (MB): peak = 2583.266 ; gain = 159.367

Phase 4 Rip-up And Reroute

Phase 4.1 Global Iteration 0
 Number of Nodes with overlaps = 790
 Number of Nodes with overlaps = 100
 Number of Nodes with overlaps = 54
 Number of Nodes with overlaps = 27
 Number of Nodes with overlaps = 17
 Number of Nodes with overlaps = 9
 Number of Nodes with overlaps = 6
 Number of Nodes with overlaps = 4
 Number of Nodes with overlaps = 0
INFO: [Route 35-416] Intermediate Timing Summary | WNS=0.734  | TNS=0.000  | WHS=N/A    | THS=N/A    |

Phase 4.1 Global Iteration 0 | Checksum: 217bf1905

Time (s): cpu = 00:00:51 ; elapsed = 00:00:36 . Memory (MB): peak = 2583.266 ; gain = 159.367

Phase 4.2 Global Iteration 1
 Number of Nodes with overlaps = 1
 Number of Nodes with overlaps = 6
 Number of Nodes with overlaps = 5
 Number of Nodes with overlaps = 1
 Number of Nodes with overlaps = 2
 Number of Nodes with overlaps = 0
INFO: [Route 35-416] Intermediate Timing Summary | WNS=0.594  | TNS=0.000  | WHS=N/A    | THS=N/A    |

Phase 4.2 Global Iteration 1 | Checksum: 255031e4a

Time (s): cpu = 00:00:53 ; elapsed = 00:00:38 . Memory (MB): peak = 2583.266 ; gain = 159.367
Phase 4 Rip-up And Reroute | Checksum: 255031e4a

Time (s): cpu = 00:00:53 ; elapsed = 00:00:38 . Memory (MB): peak = 2583.266 ; gain = 159.367

Phase 5 Delay and Skew Optimization

Phase 5.1 Delay CleanUp
Phase 5.1 Delay CleanUp | Checksum: 255031e4a

Time (s): cpu = 00:00:53 ; elapsed = 00:00:38 . Memory (MB): peak = 2583.266 ; gain = 159.367

Phase 5.2 Clock Skew Optimization
Phase 5.2 Clock Skew Optimization | Checksum: 255031e4a

Time (s): cpu = 00:00:53 ; elapsed = 00:00:38 . Memory (MB): peak = 2583.266 ; gain = 159.367
Phase 5 Delay and Skew Optimization | Checksum: 255031e4a

Time (s): cpu = 00:00:54 ; elapsed = 00:00:38 . Memory (MB): peak = 2583.266 ; gain = 159.367

Phase 6 Post Hold Fix

Phase 6.1 Hold Fix Iter

Phase 6.1.1 Update Timing
Phase 6.1.1 Update Timing | Checksum: 23c95f9f3

Time (s): cpu = 00:00:55 ; elapsed = 00:00:39 . Memory (MB): peak = 2583.266 ; gain = 159.367
INFO: [Route 35-416] Intermediate Timing Summary | WNS=0.709  | TNS=0.000  | WHS=0.035  | THS=0.000  |

Phase 6.1 Hold Fix Iter | Checksum: 2668a84c5

Time (s): cpu = 00:00:55 ; elapsed = 00:00:39 . Memory (MB): peak = 2583.266 ; gain = 159.367
Phase 6 Post Hold Fix | Checksum: 2668a84c5

Time (s): cpu = 00:00:55 ; elapsed = 00:00:39 . Memory (MB): peak = 2583.266 ; gain = 159.367

Phase 7 Route finalize

Router Utilization Summary
  Global Vertical Routing Utilization    = 2.10231 %
  Global Horizontal Routing Utilization  = 2.5715 %
  Routable Net Status*
  *Does not include unroutable nets such as driverless and loadless.
  Run report_route_status for detailed report.
  Number of Failed Nets               = 0
    (Failed Nets is the sum of unrouted and partially routed nets)
  Number of Unrouted Nets             = 0
  Number of Partially Routed Nets     = 0
  Number of Node Overlaps             = 0

Phase 7 Route finalize | Checksum: 2668a84c5

Time (s): cpu = 00:00:55 ; elapsed = 00:00:39 . Memory (MB): peak = 2583.266 ; gain = 159.367

Phase 8 Verifying routed nets

 Verification completed successfully
Phase 8 Verifying routed nets | Checksum: 2668a84c5

Time (s): cpu = 00:00:55 ; elapsed = 00:00:39 . Memory (MB): peak = 2583.266 ; gain = 159.367

Phase 9 Depositing Routes
Phase 9 Depositing Routes | Checksum: 1c26b5faf

Time (s): cpu = 00:00:56 ; elapsed = 00:00:39 . Memory (MB): peak = 2583.266 ; gain = 159.367

Phase 10 Post Router Timing
INFO: [Route 35-57] Estimated Timing Summary | WNS=0.709  | TNS=0.000  | WHS=0.035  | THS=0.000  |

INFO: [Route 35-327] The final timing numbers are based on the router estimated timing analysis. For a complete and accurate timing signoff, please run report_timing_summary.
Phase 10 Post Router Timing | Checksum: 1c26b5faf

Time (s): cpu = 00:00:58 ; elapsed = 00:00:40 . Memory (MB): peak = 2583.266 ; gain = 159.367
INFO: [Route 35-16] Router Completed Successfully

Phase 11 Post-Route Event Processing
Phase 11 Post-Route Event Processing | Checksum: 1d44d88d7

Time (s): cpu = 00:00:58 ; elapsed = 00:00:40 . Memory (MB): peak = 2583.266 ; gain = 159.367
Ending Routing Task | Checksum: 1d44d88d7

Time (s): cpu = 00:00:58 ; elapsed = 00:00:40 . Memory (MB): peak = 2583.266 ; gain = 159.367

Routing Is Done.
INFO: [Common 17-83] Releasing license: Implementation
128 Infos, 103 Warnings, 102 Critical Warnings and 0 Errors encountered.
route_design completed successfully
route_design: Time (s): cpu = 00:01:00 ; elapsed = 00:00:42 . Memory (MB): peak = 2583.266 ; gain = 159.367
INFO: [runtcl-4] Executing : report_drc -file video_out_pynq_z2_wrapper_drc_routed.rpt -pb video_out_pynq_z2_wrapper_drc_routed.pb -rpx video_out_pynq_z2_wrapper_drc_routed.rpx
Command: report_drc -file video_out_pynq_z2_wrapper_drc_routed.rpt -pb video_out_pynq_z2_wrapper_drc_routed.pb -rpx video_out_pynq_z2_wrapper_drc_routed.rpx
INFO: [IP_Flow 19-1839] IP Catalog is up to date.
INFO: [DRC 23-27] Running DRC with 2 threads
INFO: [Vivado_Tcl 2-168] The results of DRC are in file C:/selected_topics_hdmi/pyzq/hw/hw_proj/hw_proj.runs/impl_1/video_out_pynq_z2_wrapper_drc_routed.rpt.
report_drc completed successfully
INFO: [runtcl-4] Executing : report_methodology -file video_out_pynq_z2_wrapper_methodology_drc_routed.rpt -pb video_out_pynq_z2_wrapper_methodology_drc_routed.pb -rpx video_out_pynq_z2_wrapper_methodology_drc_routed.rpx
Command: report_methodology -file video_out_pynq_z2_wrapper_methodology_drc_routed.rpt -pb video_out_pynq_z2_wrapper_methodology_drc_routed.pb -rpx video_out_pynq_z2_wrapper_methodology_drc_routed.rpx
INFO: [Timing 38-35] Done setting XDC timing constraints.
INFO: [DRC 23-133] Running Methodology with 2 threads
INFO: [Vivado_Tcl 2-1520] The results of Report Methodology are in file C:/selected_topics_hdmi/pyzq/hw/hw_proj/hw_proj.runs/impl_1/video_out_pynq_z2_wrapper_methodology_drc_routed.rpt.
report_methodology completed successfully
report_methodology: Time (s): cpu = 00:00:10 ; elapsed = 00:00:06 . Memory (MB): peak = 2589.926 ; gain = 6.660
INFO: [runtcl-4] Executing : report_power -file video_out_pynq_z2_wrapper_power_routed.rpt -pb video_out_pynq_z2_wrapper_power_summary_routed.pb -rpx video_out_pynq_z2_wrapper_power_routed.rpx
Command: report_power -file video_out_pynq_z2_wrapper_power_routed.rpt -pb video_out_pynq_z2_wrapper_power_summary_routed.pb -rpx video_out_pynq_z2_wrapper_power_routed.rpx
INFO: [Timing 38-35] Done setting XDC timing constraints.
Running Vector-less Activity Propagation...

Finished Running Vector-less Activity Propagation
WARNING: [Power 33-332] Found switching activity that implies high-fanout reset nets being asserted for excessive periods of time which may result in inaccurate power analysis.
Resolution: To review and fix problems, please run Power Constraints Advisor in the GUI from Tools > Power Constraints Advisor or run report_power with the -advisory option to generate a text report.
138 Infos, 104 Warnings, 102 Critical Warnings and 0 Errors encountered.
report_power completed successfully
INFO: [runtcl-4] Executing : report_route_status -file video_out_pynq_z2_wrapper_route_status.rpt -pb video_out_pynq_z2_wrapper_route_status.pb
INFO: [runtcl-4] Executing : report_timing_summary -max_paths 10 -report_unconstrained -file video_out_pynq_z2_wrapper_timing_summary_routed.rpt -pb video_out_pynq_z2_wrapper_timing_summary_routed.pb -rpx video_out_pynq_z2_wrapper_timing_summary_routed.rpx -warn_on_violation 
INFO: [Timing 38-91] UpdateTimingParams: Speed grade: -1, Delay Type: min_max.
INFO: [Timing 38-191] Multithreading enabled for timing update using a maximum of 2 CPUs
WARNING: [Timing 38-436] There are set_bus_skew constraint(s) in this design. Please run report_bus_skew to ensure that bus skew requirements are met.
INFO: [runtcl-4] Executing : report_incremental_reuse -file video_out_pynq_z2_wrapper_incremental_reuse_routed.rpt
INFO: [Vivado_Tcl 4-1062] Incremental flow is disabled. No incremental reuse Info to report.
INFO: [runtcl-4] Executing : report_clock_utilization -file video_out_pynq_z2_wrapper_clock_utilization_routed.rpt
INFO: [runtcl-4] Executing : report_bus_skew -warn_on_violation -file video_out_pynq_z2_wrapper_bus_skew_routed.rpt -pb video_out_pynq_z2_wrapper_bus_skew_routed.pb -rpx video_out_pynq_z2_wrapper_bus_skew_routed.rpx
INFO: [Timing 38-91] UpdateTimingParams: Speed grade: -1, Delay Type: min_max.
INFO: [Timing 38-191] Multithreading enabled for timing update using a maximum of 2 CPUs
INFO: [Timing 38-480] Writing timing data to binary archive.
Write ShapeDB Complete: Time (s): cpu = 00:00:00 ; elapsed = 00:00:00.047 . Memory (MB): peak = 2632.547 ; gain = 12.934
Wrote PlaceDB: Time (s): cpu = 00:00:03 ; elapsed = 00:00:00.927 . Memory (MB): peak = 2641.148 ; gain = 17.570
Wrote PulsedLatchDB: Time (s): cpu = 00:00:00 ; elapsed = 00:00:00 . Memory (MB): peak = 2641.148 ; gain = 0.000
Writing XDEF routing.
Writing XDEF routing logical nets.
Writing XDEF routing special nets.
Wrote RouteStorage: Time (s): cpu = 00:00:00 ; elapsed = 00:00:00.172 . Memory (MB): peak = 2641.148 ; gain = 0.000
Wrote Netlist Cache: Time (s): cpu = 00:00:00 ; elapsed = 00:00:00.022 . Memory (MB): peak = 2641.148 ; gain = 0.000
Wrote Device Cache: Time (s): cpu = 00:00:00 ; elapsed = 00:00:00.011 . Memory (MB): peak = 2641.148 ; gain = 0.000
Write Physdb Complete: Time (s): cpu = 00:00:03 ; elapsed = 00:00:01 . Memory (MB): peak = 2641.148 ; gain = 21.535
INFO: [Common 17-1381] The checkpoint 'C:/selected_topics_hdmi/pyzq/hw/hw_proj/hw_proj.runs/impl_1/video_out_pynq_z2_wrapper_routed.dcp' has been generated.
INFO: [Common 17-206] Exiting Vivado at Fri May  8 21:37:01 2026...

*** Running vivado
    with args -log video_out_pynq_z2_wrapper.vdi -applog -m64 -product Vivado -messageDb vivado.pb -mode batch -source video_out_pynq_z2_wrapper.tcl -notrace


ECHO is off.
ECHO is off.

****** Vivado v2023.2 (64-bit)
  **** SW Build 4029153 on Fri Oct 13 20:14:34 MDT 2023
  **** IP Build 4028589 on Sat Oct 14 00:45:43 MDT 2023
  **** SharedData Build 4025554 on Tue Oct 10 17:18:54 MDT 2023
    ** Copyright 1986-2022 Xilinx, Inc. All Rights Reserved.
    ** Copyright 2022-2023 Advanced Micro Devices, Inc. All Rights Reserved.

source video_out_pynq_z2_wrapper.tcl -notrace
Command: open_checkpoint video_out_pynq_z2_wrapper_routed.dcp
INFO: [Device 21-403] Loading part xc7z020clg400-1
Netlist sorting complete. Time (s): cpu = 00:00:01 ; elapsed = 00:00:00.262 . Memory (MB): peak = 918.832 ; gain = 0.000
INFO: [Netlist 29-17] Analyzing 744 Unisim elements for replacement
INFO: [Netlist 29-28] Unisim Transformation completed in 0 CPU seconds
INFO: [Project 1-479] Netlist was created with Vivado 2023.2
INFO: [Project 1-570] Preparing netlist for logic optimization
WARNING: [Constraints 18-550] Could not create 'IBUF_LOW_PWR' constraint because net 'video_out_pynq_z2_i/clk_wiz_0/clk_in1' is not directly connected to top level port. 'IBUF_LOW_PWR' is ignored for synthesis but preserved for implementation.
Read ShapeDB Complete: Time (s): cpu = 00:00:01 ; elapsed = 00:00:00.042 . Memory (MB): peak = 1066.230 ; gain = 3.426
INFO: [Timing 38-478] Restoring timing data from binary archive.
INFO: [Timing 38-479] Binary timing data restore complete.
INFO: [Project 1-856] Restoring constraints from binary archive.
INFO: [Project 1-853] Binary constraint restore complete.
INFO: [Designutils 20-5722] Start Reading Physical Databases.
Reading placement.
Read Netlist Cache: Time (s): cpu = 00:00:00 ; elapsed = 00:00:00.014 . Memory (MB): peak = 1686.566 ; gain = 0.000
Reading placer database...
Read Device Cache: Time (s): cpu = 00:00:00 ; elapsed = 00:00:00.016 . Memory (MB): peak = 1686.566 ; gain = 0.000
Read PlaceDB: Time (s): cpu = 00:00:00 ; elapsed = 00:00:00.489 . Memory (MB): peak = 1686.566 ; gain = 0.000
Read PulsedLatchDB: Time (s): cpu = 00:00:00 ; elapsed = 00:00:00 . Memory (MB): peak = 1686.566 ; gain = 0.000
Reading routing.
Read RouteStorage: Time (s): cpu = 00:00:00 ; elapsed = 00:00:00.210 . Memory (MB): peak = 1686.566 ; gain = 0.000
Read Physdb Files: Time (s): cpu = 00:00:00 ; elapsed = 00:00:00.746 . Memory (MB): peak = 1686.566 ; gain = 0.000
Restored from archive | CPU: 0.000000 secs | Memory: 0.000000 MB |
Finished XDEF File Restore: Time (s): cpu = 00:00:00 ; elapsed = 00:00:00.801 . Memory (MB): peak = 1686.566 ; gain = 0.016
Netlist sorting complete. Time (s): cpu = 00:00:00 ; elapsed = 00:00:00.007 . Memory (MB): peak = 1686.566 ; gain = 0.000
INFO: [Project 1-111] Unisim Transformation Summary:
  A total of 233 instances were transformed.
  IOBUF => IOBUF (IBUF, OBUFT): 2 instances
  RAM256X1S => RAM256X1S (MUXF7(x2), MUXF8, RAMS64E(x4)): 225 instances
  RAM32M => RAM32M (RAMD32(x6), RAMS32(x2)): 6 instances

The system cannot find the path specified.
INFO: [Project 1-604] Checkpoint was created with Vivado v2023.2 (64-bit) build 4029153
WARNING: [Vivado 12-23575] Critical violations of the methodology design rules detected. Critical violations may contribute to timing failures or cause functional issues in hardware. Run report_methodology for more information.
open_checkpoint: Time (s): cpu = 00:00:19 ; elapsed = 00:00:21 . Memory (MB): peak = 1693.656 ; gain = 1414.281
INFO: [Memdata 28-208] The XPM instance: <video_out_pynq_z2_i/v_vid_in_axi4s_0/inst/COUPLER_INST/generate_async_fifo.FIFO_INST/XPM_FIFO_ASYNC_INST/gnuram_async_fifo.xpm_fifo_base_inst/gen_sdpram.xpm_memory_base_inst> is part of IP: <video_out_pynq_z2_i/v_vid_in_axi4s_0>. This XPM instance will be excluded from the .mmi because updatemem is prohibited from making changes to an XPM that is part of an IP.
INFO: [Memdata 28-208] The XPM instance: <video_out_pynq_z2_i/v_axi4s_vid_out_0/inst/COUPLER_INST/generate_async_fifo.FIFO_INST/XPM_FIFO_ASYNC_INST/gnuram_async_fifo.xpm_fifo_base_inst/gen_sdpram.xpm_memory_base_inst> is part of IP: <video_out_pynq_z2_i/v_axi4s_vid_out_0>. This XPM instance will be excluded from the .mmi because updatemem is prohibited from making changes to an XPM that is part of an IP.
INFO: [Memdata 28-208] The XPM instance: <video_out_pynq_z2_i/axis_data_fifo_0/inst/gen_fifo.xpm_fifo_axis_inst/xpm_fifo_base_inst/gen_sdpram.xpm_memory_base_inst> is part of IP: <video_out_pynq_z2_i/axis_data_fifo_0>. This XPM instance will be excluded from the .mmi because updatemem is prohibited from making changes to an XPM that is part of an IP.
Command: write_bitstream -force video_out_pynq_z2_wrapper.bit
Attempting to get a license for feature 'Implementation' and/or device 'xc7z020'
INFO: [Common 17-349] Got license for feature 'Implementation' and/or device 'xc7z020'
Running DRC as a precondition to command write_bitstream
INFO: [IP_Flow 19-234] Refreshing IP repositories
INFO: [IP_Flow 19-1704] No user IP repositories specified
INFO: [IP_Flow 19-2313] Loaded Vivado IP repository 'C:/Xilinx_vitis/Vivado/2023.2/data/ip'.
INFO: [DRC 23-27] Running DRC with 2 threads
WARNING: [DRC REQP-1839] RAMB36 async control check: The RAMB36E1 video_out_pynq_z2_i/v_vid_in_axi4s_0/inst/COUPLER_INST/generate_async_fifo.FIFO_INST/XPM_FIFO_ASYNC_INST/gnuram_async_fifo.xpm_fifo_base_inst/gen_sdpram.xpm_memory_base_inst/gen_wr_a.gen_word_narrow.mem_reg has an input control pin video_out_pynq_z2_i/v_vid_in_axi4s_0/inst/COUPLER_INST/generate_async_fifo.FIFO_INST/XPM_FIFO_ASYNC_INST/gnuram_async_fifo.xpm_fifo_base_inst/gen_sdpram.xpm_memory_base_inst/gen_wr_a.gen_word_narrow.mem_reg/ENARDEN (net: video_out_pynq_z2_i/v_vid_in_axi4s_0/inst/COUPLER_INST/generate_async_fifo.FIFO_INST/XPM_FIFO_ASYNC_INST/gnuram_async_fifo.xpm_fifo_base_inst/gen_sdpram.xpm_memory_base_inst/wea[0]) which is driven by a register (video_out_pynq_z2_i/dvi2rgb_0/U0/TMDS_ClockingX/aLocked_reg) that has an active asychronous set or reset. This may cause corruption of the memory contents and/or read values when the set/reset is asserted and is not analyzed by the default static timing analysis. It is suggested to eliminate the use of a set/reset to registers driving this RAMB pin or else use a synchronous reset in which the assertion of the reset is timed by default.
WARNING: [DRC RTSTAT-10] No routable loads: 30 net(s) have no routable loads. The problem bus(es) and/or net(s) are video_out_pynq_z2_i/smartconnect_0/inst/m04_nodes/m04_ar_node/inst/mi_handler_m_sc_areset_pipe, video_out_pynq_z2_i/smartconnect_0/inst/m00_nodes/m00_b_node/inst/mi_handler_m_sc_areset_pipe, video_out_pynq_z2_i/smartconnect_0/inst/m00_nodes/m00_w_node/inst/mi_handler_m_sc_areset_pipe, video_out_pynq_z2_i/smartconnect_0/inst/m00_nodes/m00_ar_node/inst/mi_handler_m_sc_areset_pipe, video_out_pynq_z2_i/smartconnect_0/inst/m01_nodes/m01_ar_node/inst/mi_handler_m_sc_areset_pipe, video_out_pynq_z2_i/smartconnect_0/inst/m00_nodes/m00_r_node/inst/mi_handler_m_sc_areset_pipe, video_out_pynq_z2_i/smartconnect_0/inst/s00_nodes/s00_aw_node/inst/mi_handler_m_sc_areset_pipe, video_out_pynq_z2_i/smartconnect_0/inst/m01_nodes/m01_b_node/inst/mi_handler_m_sc_areset_pipe, video_out_pynq_z2_i/smartconnect_0/inst/m00_nodes/m00_aw_node/inst/mi_handler_m_sc_areset_pipe, video_out_pynq_z2_i/smartconnect_0/inst/m03_nodes/m03_b_node/inst/mi_handler_m_sc_areset_pipe, video_out_pynq_z2_i/smartconnect_0/inst/m03_nodes/m03_ar_node/inst/mi_handler_m_sc_areset_pipe, video_out_pynq_z2_i/smartconnect_0/inst/m03_nodes/m03_w_node/inst/mi_handler_m_sc_areset_pipe, video_out_pynq_z2_i/smartconnect_0/inst/s00_nodes/s00_ar_node/inst/mi_handler_m_sc_areset_pipe, video_out_pynq_z2_i/smartconnect_0/inst/m01_nodes/m01_aw_node/inst/mi_handler_m_sc_areset_pipe, video_out_pynq_z2_i/smartconnect_0/inst/m03_nodes/m03_r_node/inst/mi_handler_m_sc_areset_pipe... and (the first 15 of 30 listed).
INFO: [Vivado 12-3199] DRC finished with 0 Errors, 2 Warnings
INFO: [Vivado 12-3200] Please refer to the DRC report (report_drc) for more information.
INFO: [Designutils 20-2272] Running write_bitstream with 2 threads.
Loading data files...
Loading site data...
Loading route data...
Processing options...
Creating bitmap...
Creating bitstream...
Writing bitstream ./video_out_pynq_z2_wrapper.bit...
INFO: [Vivado 12-1842] Bitgen Completed Successfully.
INFO: [Project 1-1876] WebTalk data collection is mandatory when using a ULT device. To see the specific WebTalk data collected for your design, open the usage_statistics_webtalk.html or usage_statistics_webtalk.xml file in the implementation directory.
INFO: [Common 17-83] Releasing license: Implementation
26 Infos, 4 Warnings, 0 Critical Warnings and 0 Errors encountered.
write_bitstream completed successfully
write_bitstream: Time (s): cpu = 00:00:23 ; elapsed = 00:00:19 . Memory (MB): peak = 2236.766 ; gain = 526.266
INFO: [Common 17-206] Exiting Vivado at Fri May  8 21:37:57 2026...
[Fri May  8 21:38:00 2026] impl_1 finished
wait_on_runs: Time (s): cpu = 00:00:00 ; elapsed = 00:00:56 . Memory (MB): peak = 1327.801 ; gain = 0.000
# write_hw_platform -fixed -include_bit -force -file ./${BD_name}.xsa
INFO: [Project 1-1918] Creating Hardware Platform: c:/selected_topics_hdmi/pyzq/hw/video_out_pynq_z2.xsa ...
INFO: [Project 1-1943] The Hardware Platform can be used for Hardware
INFO: [Project 1-1941] Successfully created Hardware Platform: c:/selected_topics_hdmi/pyzq/hw/video_out_pynq_z2.xsa
INFO: [Hsi 55-2053] elapsed time for repository (C:/Xilinx_vitis/Vivado/2023.2/data/embeddedsw) loading 0 seconds
# exit
INFO: [Common 17-206] Exiting Vivado at Fri May  8 21:38:04 2026...
