==============================================================
Vitis HLS - High-Level Synthesis from C, C++ and OpenCL v2023.2 (64-bit)
Tool Version Limit: 2023.10
Copyright 1986-2022 Xilinx, Inc. All Rights Reserved.
Copyright 2022-2023 Advanced Micro Devices, Inc. All Rights Reserved.

==============================================================
INFO: [SYN 201-201] Setting up clock 'default' with a period of 10ns.
INFO: [HLS 200-1611] Setting target device to 'xc7z020-clg400-1'
INFO: [HLS 200-1505] Using flow_target 'vivado'
INFO: [HLS 200-1510] Running: set_part xc7z020clg400-1 
INFO: [HLS 200-1510] Running: create_clock -period 10 -name default 
INFO: [SYN 201-201] Setting up clock 'default' with a period of 10ns.
INFO: [HLS 200-1510] Running: csynth_design 
INFO: [HLS 200-111] Finished File checks and directory preparation: CPU user time: 0 seconds. CPU system time: 0 seconds. Elapsed time: 0.048 seconds; current allocated memory: 110.270 MB.
INFO: [HLS 200-10] Analyzing design file 'video_gray_live.cpp' ... 
INFO: [HLS 200-111] Finished Source Code Analysis and Preprocessing: CPU user time: 0 seconds. CPU system time: 0 seconds. Elapsed time: 3.149 seconds; current allocated memory: 112.176 MB.
INFO: [HLS 200-777] Using interface defaults for 'Vivado' flow target.
INFO: [HLS 200-1995] There were 1,068 instructions in the design after the 'Compile/Link' phase of compilation. See the Design Size Report for more details: C:/selected_topics_hdmi/pyzq/hw/hls_gray_ip/video_gray_live_prj/solution1/syn/report/csynth_design_size.rpt
INFO: [HLS 200-1995] There were 164 instructions in the design after the 'Unroll/Inline (step 1)' phase of compilation. See the Design Size Report for more details: C:/selected_topics_hdmi/pyzq/hw/hls_gray_ip/video_gray_live_prj/solution1/syn/report/csynth_design_size.rpt
INFO: [HLS 200-1995] There were 131 instructions in the design after the 'Unroll/Inline (step 2)' phase of compilation. See the Design Size Report for more details: C:/selected_topics_hdmi/pyzq/hw/hls_gray_ip/video_gray_live_prj/solution1/syn/report/csynth_design_size.rpt
INFO: [HLS 200-1995] There were 128 instructions in the design after the 'Unroll/Inline (step 3)' phase of compilation. See the Design Size Report for more details: C:/selected_topics_hdmi/pyzq/hw/hls_gray_ip/video_gray_live_prj/solution1/syn/report/csynth_design_size.rpt
INFO: [HLS 200-1995] There were 126 instructions in the design after the 'Unroll/Inline (step 4)' phase of compilation. See the Design Size Report for more details: C:/selected_topics_hdmi/pyzq/hw/hls_gray_ip/video_gray_live_prj/solution1/syn/report/csynth_design_size.rpt
INFO: [HLS 200-1995] There were 126 instructions in the design after the 'Array/Struct (step 1)' phase of compilation. See the Design Size Report for more details: C:/selected_topics_hdmi/pyzq/hw/hls_gray_ip/video_gray_live_prj/solution1/syn/report/csynth_design_size.rpt
INFO: [HLS 200-1995] There were 126 instructions in the design after the 'Array/Struct (step 2)' phase of compilation. See the Design Size Report for more details: C:/selected_topics_hdmi/pyzq/hw/hls_gray_ip/video_gray_live_prj/solution1/syn/report/csynth_design_size.rpt
INFO: [HLS 200-1995] There were 126 instructions in the design after the 'Array/Struct (step 3)' phase of compilation. See the Design Size Report for more details: C:/selected_topics_hdmi/pyzq/hw/hls_gray_ip/video_gray_live_prj/solution1/syn/report/csynth_design_size.rpt
INFO: [HLS 200-1995] There were 126 instructions in the design after the 'Array/Struct (step 4)' phase of compilation. See the Design Size Report for more details: C:/selected_topics_hdmi/pyzq/hw/hls_gray_ip/video_gray_live_prj/solution1/syn/report/csynth_design_size.rpt
INFO: [HLS 200-1995] There were 238 instructions in the design after the 'Array/Struct (step 5)' phase of compilation. See the Design Size Report for more details: C:/selected_topics_hdmi/pyzq/hw/hls_gray_ip/video_gray_live_prj/solution1/syn/report/csynth_design_size.rpt
INFO: [HLS 200-1995] There were 252 instructions in the design after the 'Performance (step 1)' phase of compilation. See the Design Size Report for more details: C:/selected_topics_hdmi/pyzq/hw/hls_gray_ip/video_gray_live_prj/solution1/syn/report/csynth_design_size.rpt
INFO: [HLS 200-1995] There were 238 instructions in the design after the 'Performance (step 2)' phase of compilation. See the Design Size Report for more details: C:/selected_topics_hdmi/pyzq/hw/hls_gray_ip/video_gray_live_prj/solution1/syn/report/csynth_design_size.rpt
INFO: [HLS 200-1995] There were 140 instructions in the design after the 'Performance (step 3)' phase of compilation. See the Design Size Report for more details: C:/selected_topics_hdmi/pyzq/hw/hls_gray_ip/video_gray_live_prj/solution1/syn/report/csynth_design_size.rpt
INFO: [HLS 200-1995] There were 140 instructions in the design after the 'Performance (step 4)' phase of compilation. See the Design Size Report for more details: C:/selected_topics_hdmi/pyzq/hw/hls_gray_ip/video_gray_live_prj/solution1/syn/report/csynth_design_size.rpt
INFO: [HLS 200-1995] There were 100 instructions in the design after the 'HW Transforms (step 1)' phase of compilation. See the Design Size Report for more details: C:/selected_topics_hdmi/pyzq/hw/hls_gray_ip/video_gray_live_prj/solution1/syn/report/csynth_design_size.rpt
INFO: [HLS 200-1995] There were 75 instructions in the design after the 'HW Transforms (step 2)' phase of compilation. See the Design Size Report for more details: C:/selected_topics_hdmi/pyzq/hw/hls_gray_ip/video_gray_live_prj/solution1/syn/report/csynth_design_size.rpt
INFO: [HLS 200-111] Finished Compiling Optimization and Transform: CPU user time: 0 seconds. CPU system time: 0 seconds. Elapsed time: 7.797 seconds; current allocated memory: 114.391 MB.
INFO: [HLS 200-111] Finished Checking Pragmas: CPU user time: 0 seconds. CPU system time: 0 seconds. Elapsed time: 0.002 seconds; current allocated memory: 114.391 MB.
INFO: [HLS 200-10] Starting code transformations ...
INFO: [HLS 200-111] Finished Standard Transforms: CPU user time: 0 seconds. CPU system time: 0 seconds. Elapsed time: 0.1 seconds; current allocated memory: 118.906 MB.
INFO: [HLS 200-10] Checking synthesizability ...
INFO: [HLS 200-111] Finished Checking Synthesizability: CPU user time: 0 seconds. CPU system time: 0 seconds. Elapsed time: 0.025 seconds; current allocated memory: 120.371 MB.
INFO: [HLS 200-111] Finished Loop, function and other optimizations: CPU user time: 0 seconds. CPU system time: 0 seconds. Elapsed time: 0.063 seconds; current allocated memory: 141.688 MB.
WARNING: [XFORM 203-561] 'VITIS_LOOP_15_1' (video_gray_live.cpp:15:19) in function 'video_gray_live' is an infinite loop.
INFO: [HLS 200-111] Finished Architecture Synthesis: CPU user time: 0 seconds. CPU system time: 0 seconds. Elapsed time: 0.066 seconds; current allocated memory: 141.695 MB.
INFO: [HLS 200-10] Starting hardware synthesis ...
INFO: [HLS 200-10] Synthesizing 'video_gray_live' ...
INFO: [HLS 200-10] ----------------------------------------------------------------
INFO: [HLS 200-42] -- Implementing module 'video_gray_live' 
INFO: [HLS 200-10] ----------------------------------------------------------------
INFO: [SCHED 204-11] Starting scheduling ...
INFO: [HLS 200-486] Changing DSP latency (root=y_tmp) to 3 in order to utilize available DSP registers.
INFO: [HLS 200-486] Changing DSP latency (root=add_ln24) to 3 in order to utilize available DSP registers.
INFO: [SCHED 204-61] Pipelining loop 'VITIS_LOOP_15_1'.
INFO: [HLS 200-1470] Pipelining result : Target II = 1, Final II = 1, Depth = 6, loop 'VITIS_LOOP_15_1'
INFO: [SCHED 204-11] Finished scheduling.
INFO: [HLS 200-111] Finished Scheduling: CPU user time: 0 seconds. CPU system time: 0 seconds. Elapsed time: 0.595 seconds; current allocated memory: 141.695 MB.
INFO: [BIND 205-100] Starting micro-architecture generation ...
INFO: [BIND 205-101] Performing variable lifetime analysis.
INFO: [BIND 205-101] Exploring resource sharing.
INFO: [BIND 205-101] Binding ...
INFO: [BIND 205-100] Finished micro-architecture generation.
INFO: [HLS 200-111] Finished Binding: CPU user time: 0 seconds. CPU system time: 0 seconds. Elapsed time: 0.06 seconds; current allocated memory: 141.695 MB.
INFO: [HLS 200-10] ----------------------------------------------------------------
INFO: [HLS 200-10] -- Generating RTL for module 'video_gray_live' 
INFO: [HLS 200-10] ----------------------------------------------------------------
WARNING: [RTGEN 206-101] Design contains AXI ports. Reset is fixed to synchronous and active low.
INFO: [RTGEN 206-500] Setting interface mode on port 'video_gray_live/in_stream_V_data_V' to 'axis' (register, both mode).
INFO: [RTGEN 206-500] Setting interface mode on port 'video_gray_live/in_stream_V_keep_V' to 'axis' (register, both mode).
INFO: [RTGEN 206-500] Setting interface mode on port 'video_gray_live/in_stream_V_strb_V' to 'axis' (register, both mode).
INFO: [RTGEN 206-500] Setting interface mode on port 'video_gray_live/in_stream_V_user_V' to 'axis' (register, both mode).
INFO: [RTGEN 206-500] Setting interface mode on port 'video_gray_live/in_stream_V_last_V' to 'axis' (register, both mode).
INFO: [RTGEN 206-500] Setting interface mode on port 'video_gray_live/in_stream_V_id_V' to 'axis' (register, both mode).
INFO: [RTGEN 206-500] Setting interface mode on port 'video_gray_live/in_stream_V_dest_V' to 'axis' (register, both mode).
INFO: [RTGEN 206-500] Setting interface mode on port 'video_gray_live/out_stream_V_data_V' to 'axis' (register, both mode).
INFO: [RTGEN 206-500] Setting interface mode on port 'video_gray_live/out_stream_V_keep_V' to 'axis' (register, both mode).
INFO: [RTGEN 206-500] Setting interface mode on port 'video_gray_live/out_stream_V_strb_V' to 'axis' (register, both mode).
INFO: [RTGEN 206-500] Setting interface mode on port 'video_gray_live/out_stream_V_user_V' to 'axis' (register, both mode).
INFO: [RTGEN 206-500] Setting interface mode on port 'video_gray_live/out_stream_V_last_V' to 'axis' (register, both mode).
INFO: [RTGEN 206-500] Setting interface mode on port 'video_gray_live/out_stream_V_id_V' to 'axis' (register, both mode).
INFO: [RTGEN 206-500] Setting interface mode on port 'video_gray_live/out_stream_V_dest_V' to 'axis' (register, both mode).
INFO: [RTGEN 206-500] Setting interface mode on function 'video_gray_live' to 'ap_ctrl_none'.
INFO: [RTGEN 206-100] Generating core module 'mac_muladd_8ns_5ns_15ns_15_4_1': 1 instance(s).
INFO: [RTGEN 206-100] Generating core module 'mac_muladd_8ns_8ns_15ns_16_4_1': 1 instance(s).
INFO: [RTGEN 206-100] Generating core module 'mul_8ns_8ns_15_1_1': 1 instance(s).
INFO: [RTGEN 206-100] Finished creating RTL model for 'video_gray_live'.
INFO: [HLS 200-111] Finished Creating RTL model: CPU user time: 0 seconds. CPU system time: 0 seconds. Elapsed time: 0.125 seconds; current allocated memory: 143.895 MB.
INFO: [HLS 200-111] Finished Generating all RTL models: CPU user time: 0 seconds. CPU system time: 0 seconds. Elapsed time: 0.42 seconds; current allocated memory: 148.836 MB.
INFO: [HLS 200-111] Finished Updating report files: CPU user time: 0 seconds. CPU system time: 0 seconds. Elapsed time: 0.434 seconds; current allocated memory: 154.188 MB.
INFO: [VHDL 208-304] Generating VHDL RTL for video_gray_live.
INFO: [VLOG 209-307] Generating Verilog RTL for video_gray_live.
INFO: [HLS 200-790] **** Loop Constraint Status: All loop constraints were satisfied.
INFO: [HLS 200-789] **** Estimated Fmax: 159.49 MHz
INFO: [HLS 200-111] Finished Command csynth_design CPU user time: 0 seconds. CPU system time: 0 seconds. Elapsed time: 12.913 seconds; current allocated memory: 44.215 MB.
==============================================================
Vitis HLS - High-Level Synthesis from C, C++ and OpenCL v2023.2 (64-bit)
Tool Version Limit: 2023.10
Copyright 1986-2022 Xilinx, Inc. All Rights Reserved.
Copyright 2022-2023 Advanced Micro Devices, Inc. All Rights Reserved.

==============================================================
INFO: [SYN 201-201] Setting up clock 'default' with a period of 10ns.
INFO: [HLS 200-1611] Setting target device to 'xc7z020-clg400-1'
INFO: [HLS 200-1505] Using flow_target 'vivado'
INFO: [HLS 200-1464] Running solution command: config_export -output=C:/selected_topics_hdmi/pyzq/hw/hls_gray_ip/hls_export
INFO: [HLS 200-1510] Running: set_part xc7z020clg400-1 
INFO: [HLS 200-1510] Running: create_clock -period 10 -name default 
INFO: [SYN 201-201] Setting up clock 'default' with a period of 10ns.
INFO: [HLS 200-1510] Running: config_export -output C:/selected_topics_hdmi/pyzq/hw/hls_gray_ip/hls_export 
INFO: [HLS 200-1510] Running: export_design -rtl verilog -format ip_catalog -output C:/selected_topics_hdmi/pyzq/hw/hls_gray_ip/hls_export 
INFO: [IMPL 213-8] Exporting RTL as a Vivado IP.
INFO: [HLS 200-802] Generated output file hls_export/export.zip
INFO: [HLS 200-111] Finished Command export_design CPU user time: 0 seconds. CPU system time: 0 seconds. Elapsed time: 8.306 seconds; current allocated memory: 7.160 MB.
==============================================================
Vitis HLS - High-Level Synthesis from C, C++ and OpenCL v2023.2 (64-bit)
Tool Version Limit: 2023.10
Copyright 1986-2022 Xilinx, Inc. All Rights Reserved.
Copyright 2022-2023 Advanced Micro Devices, Inc. All Rights Reserved.

==============================================================
INFO: [SYN 201-201] Setting up clock 'default' with a period of 10ns.
INFO: [HLS 200-1611] Setting target device to 'xc7z020-clg400-1'
INFO: [HLS 200-1505] Using flow_target 'vivado'
INFO: [HLS 200-1464] Running solution command: config_export -output=C:/selected_topics_hdmi/pyzq/hw/hls_gray_ip/hls_export
INFO: [HLS 200-1464] Running solution command: config_export -format=ip_catalog
INFO: [HLS 200-1464] Running solution command: config_export -rtl=verilog
INFO: [HLS 200-1510] Running: set_part xc7z020-clg400-1 
INFO: [HLS 200-1510] Running: create_clock -period 10 -name default 
INFO: [HLS 200-1510] Running: config_export -format ip_catalog -output C:/selected_topics_hdmi/pyzq/hw/hls_gray_ip/hls_export -rtl verilog 
INFO: [HLS 200-1510] Running: source ./video_gray_live_prj/solution1/directives.tcl
INFO: [HLS 200-1510] Running: set_directive_top -name video_gray_live video_gray_live 
INFO: [HLS 200-1510] Running: csynth_design 
INFO: [HLS 200-111] Finished File checks and directory preparation: CPU user time: 0 seconds. CPU system time: 0 seconds. Elapsed time: 0.049 seconds; current allocated memory: 109.785 MB.
INFO: [HLS 200-10] Analyzing design file 'video_gray_live.cpp' ... 
INFO: [HLS 200-111] Finished Source Code Analysis and Preprocessing: CPU user time: 0 seconds. CPU system time: 0 seconds. Elapsed time: 3.174 seconds; current allocated memory: 112.000 MB.
INFO: [HLS 200-777] Using interface defaults for 'Vivado' flow target.
INFO: [HLS 200-1995] There were 125 instructions in the design after the 'Compile/Link' phase of compilation. See the Design Size Report for more details: C:/selected_topics_hdmi/pyzq/hw/hls_gray_ip/video_gray_live_prj/solution1/syn/report/csynth_design_size.rpt
INFO: [HLS 200-1995] There were 120 instructions in the design after the 'Unroll/Inline (step 1)' phase of compilation. See the Design Size Report for more details: C:/selected_topics_hdmi/pyzq/hw/hls_gray_ip/video_gray_live_prj/solution1/syn/report/csynth_design_size.rpt
INFO: [HLS 200-1995] There were 105 instructions in the design after the 'Unroll/Inline (step 2)' phase of compilation. See the Design Size Report for more details: C:/selected_topics_hdmi/pyzq/hw/hls_gray_ip/video_gray_live_prj/solution1/syn/report/csynth_design_size.rpt
INFO: [HLS 200-1995] There were 105 instructions in the design after the 'Unroll/Inline (step 3)' phase of compilation. See the Design Size Report for more details: C:/selected_topics_hdmi/pyzq/hw/hls_gray_ip/video_gray_live_prj/solution1/syn/report/csynth_design_size.rpt
INFO: [HLS 200-1995] There were 105 instructions in the design after the 'Unroll/Inline (step 4)' phase of compilation. See the Design Size Report for more details: C:/selected_topics_hdmi/pyzq/hw/hls_gray_ip/video_gray_live_prj/solution1/syn/report/csynth_design_size.rpt
INFO: [HLS 200-1995] There were 105 instructions in the design after the 'Array/Struct (step 1)' phase of compilation. See the Design Size Report for more details: C:/selected_topics_hdmi/pyzq/hw/hls_gray_ip/video_gray_live_prj/solution1/syn/report/csynth_design_size.rpt
INFO: [HLS 200-1995] There were 105 instructions in the design after the 'Array/Struct (step 2)' phase of compilation. See the Design Size Report for more details: C:/selected_topics_hdmi/pyzq/hw/hls_gray_ip/video_gray_live_prj/solution1/syn/report/csynth_design_size.rpt
INFO: [HLS 200-1995] There were 105 instructions in the design after the 'Array/Struct (step 3)' phase of compilation. See the Design Size Report for more details: C:/selected_topics_hdmi/pyzq/hw/hls_gray_ip/video_gray_live_prj/solution1/syn/report/csynth_design_size.rpt
INFO: [HLS 200-1995] There were 105 instructions in the design after the 'Array/Struct (step 4)' phase of compilation. See the Design Size Report for more details: C:/selected_topics_hdmi/pyzq/hw/hls_gray_ip/video_gray_live_prj/solution1/syn/report/csynth_design_size.rpt
INFO: [HLS 200-1995] There were 217 instructions in the design after the 'Array/Struct (step 5)' phase of compilation. See the Design Size Report for more details: C:/selected_topics_hdmi/pyzq/hw/hls_gray_ip/video_gray_live_prj/solution1/syn/report/csynth_design_size.rpt
INFO: [HLS 200-1995] There were 231 instructions in the design after the 'Performance (step 1)' phase of compilation. See the Design Size Report for more details: C:/selected_topics_hdmi/pyzq/hw/hls_gray_ip/video_gray_live_prj/solution1/syn/report/csynth_design_size.rpt
INFO: [HLS 200-1995] There were 217 instructions in the design after the 'Performance (step 2)' phase of compilation. See the Design Size Report for more details: C:/selected_topics_hdmi/pyzq/hw/hls_gray_ip/video_gray_live_prj/solution1/syn/report/csynth_design_size.rpt
INFO: [HLS 200-1995] There were 119 instructions in the design after the 'Performance (step 3)' phase of compilation. See the Design Size Report for more details: C:/selected_topics_hdmi/pyzq/hw/hls_gray_ip/video_gray_live_prj/solution1/syn/report/csynth_design_size.rpt
INFO: [HLS 200-1995] There were 119 instructions in the design after the 'Performance (step 4)' phase of compilation. See the Design Size Report for more details: C:/selected_topics_hdmi/pyzq/hw/hls_gray_ip/video_gray_live_prj/solution1/syn/report/csynth_design_size.rpt
INFO: [HLS 200-1995] There were 79 instructions in the design after the 'HW Transforms (step 1)' phase of compilation. See the Design Size Report for more details: C:/selected_topics_hdmi/pyzq/hw/hls_gray_ip/video_gray_live_prj/solution1/syn/report/csynth_design_size.rpt
INFO: [HLS 200-1995] There were 54 instructions in the design after the 'HW Transforms (step 2)' phase of compilation. See the Design Size Report for more details: C:/selected_topics_hdmi/pyzq/hw/hls_gray_ip/video_gray_live_prj/solution1/syn/report/csynth_design_size.rpt
INFO: [HLS 200-111] Finished Compiling Optimization and Transform: CPU user time: 0 seconds. CPU system time: 0 seconds. Elapsed time: 7.783 seconds; current allocated memory: 114.359 MB.
INFO: [HLS 200-111] Finished Checking Pragmas: CPU user time: 0 seconds. CPU system time: 0 seconds. Elapsed time: 0.002 seconds; current allocated memory: 114.359 MB.
INFO: [HLS 200-10] Starting code transformations ...
INFO: [HLS 200-111] Finished Standard Transforms: CPU user time: 0 seconds. CPU system time: 0 seconds. Elapsed time: 0.113 seconds; current allocated memory: 118.410 MB.
INFO: [HLS 200-10] Checking synthesizability ...
INFO: [HLS 200-111] Finished Checking Synthesizability: CPU user time: 0 seconds. CPU system time: 0 seconds. Elapsed time: 0.03 seconds; current allocated memory: 119.594 MB.
INFO: [HLS 200-111] Finished Loop, function and other optimizations: CPU user time: 0 seconds. CPU system time: 0 seconds. Elapsed time: 0.064 seconds; current allocated memory: 139.840 MB.
WARNING: [XFORM 203-561] 'VITIS_LOOP_15_1' (video_gray_live.cpp:15:19) in function 'video_gray_live' is an infinite loop.
INFO: [HLS 200-111] Finished Architecture Synthesis: CPU user time: 0 seconds. CPU system time: 0 seconds. Elapsed time: 0.065 seconds; current allocated memory: 139.855 MB.
INFO: [HLS 200-10] Starting hardware synthesis ...
INFO: [HLS 200-10] Synthesizing 'video_gray_live' ...
INFO: [HLS 200-10] ----------------------------------------------------------------
INFO: [HLS 200-42] -- Implementing module 'video_gray_live' 
INFO: [HLS 200-10] ----------------------------------------------------------------
INFO: [SCHED 204-11] Starting scheduling ...
INFO: [SCHED 204-61] Pipelining loop 'VITIS_LOOP_15_1'.
INFO: [HLS 200-1470] Pipelining result : Target II = 1, Final II = 1, Depth = 2, loop 'VITIS_LOOP_15_1'
INFO: [SCHED 204-11] Finished scheduling.
INFO: [HLS 200-111] Finished Scheduling: CPU user time: 0 seconds. CPU system time: 0 seconds. Elapsed time: 0.568 seconds; current allocated memory: 139.855 MB.
INFO: [BIND 205-100] Starting micro-architecture generation ...
INFO: [BIND 205-101] Performing variable lifetime analysis.
INFO: [BIND 205-101] Exploring resource sharing.
INFO: [BIND 205-101] Binding ...
INFO: [BIND 205-100] Finished micro-architecture generation.
INFO: [HLS 200-111] Finished Binding: CPU user time: 0 seconds. CPU system time: 0 seconds. Elapsed time: 0.047 seconds; current allocated memory: 139.855 MB.
INFO: [HLS 200-10] ----------------------------------------------------------------
INFO: [HLS 200-10] -- Generating RTL for module 'video_gray_live' 
INFO: [HLS 200-10] ----------------------------------------------------------------
WARNING: [RTGEN 206-101] Design contains AXI ports. Reset is fixed to synchronous and active low.
INFO: [RTGEN 206-500] Setting interface mode on port 'video_gray_live/in_stream_V_data_V' to 'axis' (register, both mode).
INFO: [RTGEN 206-500] Setting interface mode on port 'video_gray_live/in_stream_V_keep_V' to 'axis' (register, both mode).
INFO: [RTGEN 206-500] Setting interface mode on port 'video_gray_live/in_stream_V_strb_V' to 'axis' (register, both mode).
INFO: [RTGEN 206-500] Setting interface mode on port 'video_gray_live/in_stream_V_user_V' to 'axis' (register, both mode).
INFO: [RTGEN 206-500] Setting interface mode on port 'video_gray_live/in_stream_V_last_V' to 'axis' (register, both mode).
INFO: [RTGEN 206-500] Setting interface mode on port 'video_gray_live/in_stream_V_id_V' to 'axis' (register, both mode).
INFO: [RTGEN 206-500] Setting interface mode on port 'video_gray_live/in_stream_V_dest_V' to 'axis' (register, both mode).
INFO: [RTGEN 206-500] Setting interface mode on port 'video_gray_live/out_stream_V_data_V' to 'axis' (register, both mode).
INFO: [RTGEN 206-500] Setting interface mode on port 'video_gray_live/out_stream_V_keep_V' to 'axis' (register, both mode).
INFO: [RTGEN 206-500] Setting interface mode on port 'video_gray_live/out_stream_V_strb_V' to 'axis' (register, both mode).
INFO: [RTGEN 206-500] Setting interface mode on port 'video_gray_live/out_stream_V_user_V' to 'axis' (register, both mode).
INFO: [RTGEN 206-500] Setting interface mode on port 'video_gray_live/out_stream_V_last_V' to 'axis' (register, both mode).
INFO: [RTGEN 206-500] Setting interface mode on port 'video_gray_live/out_stream_V_id_V' to 'axis' (register, both mode).
INFO: [RTGEN 206-500] Setting interface mode on port 'video_gray_live/out_stream_V_dest_V' to 'axis' (register, both mode).
INFO: [RTGEN 206-500] Setting interface mode on function 'video_gray_live' to 'ap_ctrl_none'.
INFO: [RTGEN 206-100] Finished creating RTL model for 'video_gray_live'.
INFO: [HLS 200-111] Finished Creating RTL model: CPU user time: 0 seconds. CPU system time: 0 seconds. Elapsed time: 0.097 seconds; current allocated memory: 141.609 MB.
INFO: [HLS 200-111] Finished Generating all RTL models: CPU user time: 1 seconds. CPU system time: 0 seconds. Elapsed time: 0.337 seconds; current allocated memory: 146.441 MB.
INFO: [HLS 200-111] Finished Updating report files: CPU user time: 0 seconds. CPU system time: 0 seconds. Elapsed time: 0.495 seconds; current allocated memory: 151.098 MB.
INFO: [VHDL 208-304] Generating VHDL RTL for video_gray_live.
INFO: [VLOG 209-307] Generating Verilog RTL for video_gray_live.
INFO: [HLS 200-790] **** Loop Constraint Status: All loop constraints were satisfied.
INFO: [HLS 200-789] **** Estimated Fmax: 500.00 MHz
INFO: [HLS 200-111] Finished Command csynth_design CPU user time: 1 seconds. CPU system time: 0 seconds. Elapsed time: 12.859 seconds; current allocated memory: 41.582 MB.
==============================================================
Vitis HLS - High-Level Synthesis from C, C++ and OpenCL v2023.2 (64-bit)
Tool Version Limit: 2023.10
Copyright 1986-2022 Xilinx, Inc. All Rights Reserved.
Copyright 2022-2023 Advanced Micro Devices, Inc. All Rights Reserved.

==============================================================
INFO: [SYN 201-201] Setting up clock 'default' with a period of 10ns.
INFO: [HLS 200-1611] Setting target device to 'xc7z020-clg400-1'
INFO: [HLS 200-1505] Using flow_target 'vivado'
INFO: [HLS 200-1464] Running solution command: config_export -format=ip_catalog
INFO: [HLS 200-1464] Running solution command: config_export -output=C:/selected_topics_hdmi/pyzq/hw/hls_gray_ip/hls_export
INFO: [HLS 200-1464] Running solution command: config_export -rtl=verilog
INFO: [HLS 200-1510] Running: set_part xc7z020-clg400-1 
INFO: [HLS 200-1510] Running: create_clock -period 10 -name default 
INFO: [HLS 200-1510] Running: config_export -format ip_catalog -output C:/selected_topics_hdmi/pyzq/hw/hls_gray_ip/hls_export -rtl verilog 
INFO: [HLS 200-1510] Running: source ./video_gray_live_prj/solution1/directives.tcl
INFO: [HLS 200-1510] Running: set_directive_top -name video_gray_live video_gray_live 
INFO: [HLS 200-1510] Running: export_design -rtl verilog -format ip_catalog -output C:/selected_topics_hdmi/pyzq/hw/hls_gray_ip/hls_export 
INFO: [IMPL 213-8] Exporting RTL as a Vivado IP.
INFO: [HLS 200-802] Generated output file hls_export/export.zip
INFO: [HLS 200-111] Finished Command export_design CPU user time: 0 seconds. CPU system time: 1 seconds. Elapsed time: 6.936 seconds; current allocated memory: 7.305 MB.
==============================================================
Vitis HLS - High-Level Synthesis from C, C++ and OpenCL v2023.2 (64-bit)
Tool Version Limit: 2023.10
Copyright 1986-2022 Xilinx, Inc. All Rights Reserved.
Copyright 2022-2023 Advanced Micro Devices, Inc. All Rights Reserved.

==============================================================
INFO: [SYN 201-201] Setting up clock 'default' with a period of 10ns.
INFO: [HLS 200-1611] Setting target device to 'xc7z020-clg400-1'
INFO: [HLS 200-1505] Using flow_target 'vivado'
INFO: [HLS 200-1464] Running solution command: config_export -format=ip_catalog
INFO: [HLS 200-1464] Running solution command: config_export -output=C:/selected_topics_hdmi/pyzq/hw/hls_gray_ip/hls_export
INFO: [HLS 200-1464] Running solution command: config_export -rtl=verilog
INFO: [HLS 200-1510] Running: set_part xc7z020-clg400-1 
INFO: [HLS 200-1510] Running: create_clock -period 10 -name default 
INFO: [HLS 200-1510] Running: config_export -format ip_catalog -output C:/selected_topics_hdmi/pyzq/hw/hls_gray_ip/hls_export -rtl verilog 
INFO: [HLS 200-1510] Running: source ./video_gray_live_prj/solution1/directives.tcl
INFO: [HLS 200-1510] Running: set_directive_top -name video_gray_live video_gray_live 
INFO: [HLS 200-1510] Running: csynth_design 
INFO: [HLS 200-111] Finished File checks and directory preparation: CPU user time: 0 seconds. CPU system time: 0 seconds. Elapsed time: 0.061 seconds; current allocated memory: 109.656 MB.
INFO: [HLS 200-10] Analyzing design file 'video_gray_live.cpp' ... 
INFO: [HLS 200-111] Finished Source Code Analysis and Preprocessing: CPU user time: 0 seconds. CPU system time: 1 seconds. Elapsed time: 3.146 seconds; current allocated memory: 111.676 MB.
INFO: [HLS 200-777] Using interface defaults for 'Vivado' flow target.
INFO: [HLS 200-1995] There were 351 instructions in the design after the 'Compile/Link' phase of compilation. See the Design Size Report for more details: C:/selected_topics_hdmi/pyzq/hw/hls_gray_ip/video_gray_live_prj/solution1/syn/report/csynth_design_size.rpt
INFO: [HLS 200-1995] There were 137 instructions in the design after the 'Unroll/Inline (step 1)' phase of compilation. See the Design Size Report for more details: C:/selected_topics_hdmi/pyzq/hw/hls_gray_ip/video_gray_live_prj/solution1/syn/report/csynth_design_size.rpt
INFO: [HLS 200-1995] There were 108 instructions in the design after the 'Unroll/Inline (step 2)' phase of compilation. See the Design Size Report for more details: C:/selected_topics_hdmi/pyzq/hw/hls_gray_ip/video_gray_live_prj/solution1/syn/report/csynth_design_size.rpt
INFO: [HLS 200-1995] There were 107 instructions in the design after the 'Unroll/Inline (step 3)' phase of compilation. See the Design Size Report for more details: C:/selected_topics_hdmi/pyzq/hw/hls_gray_ip/video_gray_live_prj/solution1/syn/report/csynth_design_size.rpt
INFO: [HLS 200-1995] There were 107 instructions in the design after the 'Unroll/Inline (step 4)' phase of compilation. See the Design Size Report for more details: C:/selected_topics_hdmi/pyzq/hw/hls_gray_ip/video_gray_live_prj/solution1/syn/report/csynth_design_size.rpt
INFO: [HLS 200-1995] There were 107 instructions in the design after the 'Array/Struct (step 1)' phase of compilation. See the Design Size Report for more details: C:/selected_topics_hdmi/pyzq/hw/hls_gray_ip/video_gray_live_prj/solution1/syn/report/csynth_design_size.rpt
INFO: [HLS 200-1995] There were 107 instructions in the design after the 'Array/Struct (step 2)' phase of compilation. See the Design Size Report for more details: C:/selected_topics_hdmi/pyzq/hw/hls_gray_ip/video_gray_live_prj/solution1/syn/report/csynth_design_size.rpt
INFO: [HLS 200-1995] There were 107 instructions in the design after the 'Array/Struct (step 3)' phase of compilation. See the Design Size Report for more details: C:/selected_topics_hdmi/pyzq/hw/hls_gray_ip/video_gray_live_prj/solution1/syn/report/csynth_design_size.rpt
INFO: [HLS 200-1995] There were 107 instructions in the design after the 'Array/Struct (step 4)' phase of compilation. See the Design Size Report for more details: C:/selected_topics_hdmi/pyzq/hw/hls_gray_ip/video_gray_live_prj/solution1/syn/report/csynth_design_size.rpt
INFO: [HLS 200-1995] There were 219 instructions in the design after the 'Array/Struct (step 5)' phase of compilation. See the Design Size Report for more details: C:/selected_topics_hdmi/pyzq/hw/hls_gray_ip/video_gray_live_prj/solution1/syn/report/csynth_design_size.rpt
INFO: [HLS 200-1995] There were 233 instructions in the design after the 'Performance (step 1)' phase of compilation. See the Design Size Report for more details: C:/selected_topics_hdmi/pyzq/hw/hls_gray_ip/video_gray_live_prj/solution1/syn/report/csynth_design_size.rpt
INFO: [HLS 200-1995] There were 219 instructions in the design after the 'Performance (step 2)' phase of compilation. See the Design Size Report for more details: C:/selected_topics_hdmi/pyzq/hw/hls_gray_ip/video_gray_live_prj/solution1/syn/report/csynth_design_size.rpt
INFO: [HLS 200-1995] There were 121 instructions in the design after the 'Performance (step 3)' phase of compilation. See the Design Size Report for more details: C:/selected_topics_hdmi/pyzq/hw/hls_gray_ip/video_gray_live_prj/solution1/syn/report/csynth_design_size.rpt
INFO: [HLS 200-1995] There were 121 instructions in the design after the 'Performance (step 4)' phase of compilation. See the Design Size Report for more details: C:/selected_topics_hdmi/pyzq/hw/hls_gray_ip/video_gray_live_prj/solution1/syn/report/csynth_design_size.rpt
INFO: [HLS 200-1995] There were 81 instructions in the design after the 'HW Transforms (step 1)' phase of compilation. See the Design Size Report for more details: C:/selected_topics_hdmi/pyzq/hw/hls_gray_ip/video_gray_live_prj/solution1/syn/report/csynth_design_size.rpt
INFO: [HLS 200-1995] There were 56 instructions in the design after the 'HW Transforms (step 2)' phase of compilation. See the Design Size Report for more details: C:/selected_topics_hdmi/pyzq/hw/hls_gray_ip/video_gray_live_prj/solution1/syn/report/csynth_design_size.rpt
INFO: [HLS 200-111] Finished Compiling Optimization and Transform: CPU user time: 0 seconds. CPU system time: 0 seconds. Elapsed time: 7.983 seconds; current allocated memory: 114.066 MB.
INFO: [HLS 200-111] Finished Checking Pragmas: CPU user time: 0 seconds. CPU system time: 0 seconds. Elapsed time: 0.002 seconds; current allocated memory: 114.066 MB.
INFO: [HLS 200-10] Starting code transformations ...
INFO: [HLS 200-111] Finished Standard Transforms: CPU user time: 0 seconds. CPU system time: 0 seconds. Elapsed time: 0.11 seconds; current allocated memory: 118.184 MB.
INFO: [HLS 200-10] Checking synthesizability ...
INFO: [HLS 200-111] Finished Checking Synthesizability: CPU user time: 0 seconds. CPU system time: 0 seconds. Elapsed time: 0.027 seconds; current allocated memory: 119.582 MB.
INFO: [HLS 200-111] Finished Loop, function and other optimizations: CPU user time: 0 seconds. CPU system time: 0 seconds. Elapsed time: 0.066 seconds; current allocated memory: 140.582 MB.
WARNING: [XFORM 203-561] 'VITIS_LOOP_15_1' (video_gray_live.cpp:15:19) in function 'video_gray_live' is an infinite loop.
INFO: [HLS 200-111] Finished Architecture Synthesis: CPU user time: 0 seconds. CPU system time: 0 seconds. Elapsed time: 0.064 seconds; current allocated memory: 140.594 MB.
INFO: [HLS 200-10] Starting hardware synthesis ...
INFO: [HLS 200-10] Synthesizing 'video_gray_live' ...
INFO: [HLS 200-10] ----------------------------------------------------------------
INFO: [HLS 200-42] -- Implementing module 'video_gray_live' 
INFO: [HLS 200-10] ----------------------------------------------------------------
INFO: [SCHED 204-11] Starting scheduling ...
INFO: [SCHED 204-61] Pipelining loop 'VITIS_LOOP_15_1'.
INFO: [HLS 200-1470] Pipelining result : Target II = 1, Final II = 1, Depth = 2, loop 'VITIS_LOOP_15_1'
INFO: [SCHED 204-11] Finished scheduling.
INFO: [HLS 200-111] Finished Scheduling: CPU user time: 0 seconds. CPU system time: 0 seconds. Elapsed time: 0.403 seconds; current allocated memory: 140.594 MB.
INFO: [BIND 205-100] Starting micro-architecture generation ...
INFO: [BIND 205-101] Performing variable lifetime analysis.
INFO: [BIND 205-101] Exploring resource sharing.
INFO: [BIND 205-101] Binding ...
INFO: [BIND 205-100] Finished micro-architecture generation.
INFO: [HLS 200-111] Finished Binding: CPU user time: 0 seconds. CPU system time: 0 seconds. Elapsed time: 0.159 seconds; current allocated memory: 140.594 MB.
INFO: [HLS 200-10] ----------------------------------------------------------------
INFO: [HLS 200-10] -- Generating RTL for module 'video_gray_live' 
INFO: [HLS 200-10] ----------------------------------------------------------------
WARNING: [RTGEN 206-101] Design contains AXI ports. Reset is fixed to synchronous and active low.
INFO: [RTGEN 206-500] Setting interface mode on port 'video_gray_live/in_stream_V_data_V' to 'axis' (register, both mode).
INFO: [RTGEN 206-500] Setting interface mode on port 'video_gray_live/in_stream_V_keep_V' to 'axis' (register, both mode).
INFO: [RTGEN 206-500] Setting interface mode on port 'video_gray_live/in_stream_V_strb_V' to 'axis' (register, both mode).
INFO: [RTGEN 206-500] Setting interface mode on port 'video_gray_live/in_stream_V_user_V' to 'axis' (register, both mode).
INFO: [RTGEN 206-500] Setting interface mode on port 'video_gray_live/in_stream_V_last_V' to 'axis' (register, both mode).
INFO: [RTGEN 206-500] Setting interface mode on port 'video_gray_live/in_stream_V_id_V' to 'axis' (register, both mode).
INFO: [RTGEN 206-500] Setting interface mode on port 'video_gray_live/in_stream_V_dest_V' to 'axis' (register, both mode).
INFO: [RTGEN 206-500] Setting interface mode on port 'video_gray_live/out_stream_V_data_V' to 'axis' (register, both mode).
INFO: [RTGEN 206-500] Setting interface mode on port 'video_gray_live/out_stream_V_keep_V' to 'axis' (register, both mode).
INFO: [RTGEN 206-500] Setting interface mode on port 'video_gray_live/out_stream_V_strb_V' to 'axis' (register, both mode).
INFO: [RTGEN 206-500] Setting interface mode on port 'video_gray_live/out_stream_V_user_V' to 'axis' (register, both mode).
INFO: [RTGEN 206-500] Setting interface mode on port 'video_gray_live/out_stream_V_last_V' to 'axis' (register, both mode).
INFO: [RTGEN 206-500] Setting interface mode on port 'video_gray_live/out_stream_V_id_V' to 'axis' (register, both mode).
INFO: [RTGEN 206-500] Setting interface mode on port 'video_gray_live/out_stream_V_dest_V' to 'axis' (register, both mode).
INFO: [RTGEN 206-500] Setting interface mode on function 'video_gray_live' to 'ap_ctrl_none'.
INFO: [RTGEN 206-100] Finished creating RTL model for 'video_gray_live'.
INFO: [HLS 200-111] Finished Creating RTL model: CPU user time: 0 seconds. CPU system time: 0 seconds. Elapsed time: 0.093 seconds; current allocated memory: 141.828 MB.
INFO: [HLS 200-111] Finished Generating all RTL models: CPU user time: 1 seconds. CPU system time: 0 seconds. Elapsed time: 0.368 seconds; current allocated memory: 146.555 MB.
INFO: [HLS 200-111] Finished Updating report files: CPU user time: 0 seconds. CPU system time: 0 seconds. Elapsed time: 0.488 seconds; current allocated memory: 151.051 MB.
INFO: [VHDL 208-304] Generating VHDL RTL for video_gray_live.
INFO: [VLOG 209-307] Generating Verilog RTL for video_gray_live.
INFO: [HLS 200-790] **** Loop Constraint Status: All loop constraints were satisfied.
INFO: [HLS 200-789] **** Estimated Fmax: 500.00 MHz
INFO: [HLS 200-111] Finished Command csynth_design CPU user time: 1 seconds. CPU system time: 1 seconds. Elapsed time: 13 seconds; current allocated memory: 41.723 MB.
==============================================================
Vitis HLS - High-Level Synthesis from C, C++ and OpenCL v2023.2 (64-bit)
Tool Version Limit: 2023.10
Copyright 1986-2022 Xilinx, Inc. All Rights Reserved.
Copyright 2022-2023 Advanced Micro Devices, Inc. All Rights Reserved.

==============================================================
INFO: [SYN 201-201] Setting up clock 'default' with a period of 10ns.
INFO: [HLS 200-1611] Setting target device to 'xc7z020-clg400-1'
INFO: [HLS 200-1505] Using flow_target 'vivado'
INFO: [HLS 200-1464] Running solution command: config_export -format=ip_catalog
INFO: [HLS 200-1464] Running solution command: config_export -output=C:/selected_topics_hdmi/pyzq/hw/hls_gray_ip/hls_export
INFO: [HLS 200-1464] Running solution command: config_export -rtl=verilog
INFO: [HLS 200-1510] Running: set_part xc7z020-clg400-1 
INFO: [HLS 200-1510] Running: create_clock -period 10 -name default 
INFO: [HLS 200-1510] Running: config_export -format ip_catalog -output C:/selected_topics_hdmi/pyzq/hw/hls_gray_ip/hls_export -rtl verilog 
INFO: [HLS 200-1510] Running: source ./video_gray_live_prj/solution1/directives.tcl
INFO: [HLS 200-1510] Running: set_directive_top -name video_gray_live video_gray_live 
INFO: [HLS 200-1510] Running: export_design -rtl verilog -format ip_catalog -output C:/selected_topics_hdmi/pyzq/hw/hls_gray_ip/hls_export 
INFO: [IMPL 213-8] Exporting RTL as a Vivado IP.
INFO: [HLS 200-802] Generated output file hls_export/export.zip
INFO: [HLS 200-111] Finished Command export_design CPU user time: 0 seconds. CPU system time: 0 seconds. Elapsed time: 10.329 seconds; current allocated memory: 7.262 MB.
==============================================================
Vitis HLS - High-Level Synthesis from C, C++ and OpenCL v2023.2 (64-bit)
Tool Version Limit: 2023.10
Copyright 1986-2022 Xilinx, Inc. All Rights Reserved.
Copyright 2022-2023 Advanced Micro Devices, Inc. All Rights Reserved.

==============================================================
INFO: [SYN 201-201] Setting up clock 'default' with a period of 10ns.
INFO: [HLS 200-1611] Setting target device to 'xc7z020-clg400-1'
INFO: [HLS 200-1505] Using flow_target 'vivado'
INFO: [HLS 200-1464] Running solution command: config_export -format=ip_catalog
INFO: [HLS 200-1464] Running solution command: config_export -output=C:/selected_topics_hdmi/pyzq/hw/hls_gray_ip/hls_export
INFO: [HLS 200-1464] Running solution command: config_export -rtl=verilog
INFO: [HLS 200-1510] Running: set_part xc7z020-clg400-1 
INFO: [HLS 200-1510] Running: create_clock -period 10 -name default 
INFO: [HLS 200-1510] Running: config_export -format ip_catalog -output C:/selected_topics_hdmi/pyzq/hw/hls_gray_ip/hls_export -rtl verilog 
INFO: [HLS 200-1510] Running: source ./video_gray_live_prj/solution1/directives.tcl
INFO: [HLS 200-1510] Running: set_directive_top -name video_gray_live video_gray_live 
INFO: [HLS 200-1510] Running: csynth_design 
INFO: [HLS 200-111] Finished File checks and directory preparation: CPU user time: 0 seconds. CPU system time: 0 seconds. Elapsed time: 0.046 seconds; current allocated memory: 110.707 MB.
INFO: [HLS 200-10] Analyzing design file 'video_gray_live.cpp' ... 
INFO: [HLS 200-111] Finished Source Code Analysis and Preprocessing: CPU user time: 0 seconds. CPU system time: 0 seconds. Elapsed time: 2.95 seconds; current allocated memory: 112.871 MB.
INFO: [HLS 200-777] Using interface defaults for 'Vivado' flow target.
INFO: [HLS 200-1995] There were 737 instructions in the design after the 'Compile/Link' phase of compilation. See the Design Size Report for more details: C:/selected_topics_hdmi/pyzq/hw/hls_gray_ip/video_gray_live_prj/solution1/syn/report/csynth_design_size.rpt
INFO: [HLS 200-1995] There were 162 instructions in the design after the 'Unroll/Inline (step 1)' phase of compilation. See the Design Size Report for more details: C:/selected_topics_hdmi/pyzq/hw/hls_gray_ip/video_gray_live_prj/solution1/syn/report/csynth_design_size.rpt
INFO: [HLS 200-1995] There were 129 instructions in the design after the 'Unroll/Inline (step 2)' phase of compilation. See the Design Size Report for more details: C:/selected_topics_hdmi/pyzq/hw/hls_gray_ip/video_gray_live_prj/solution1/syn/report/csynth_design_size.rpt
INFO: [HLS 200-1995] There were 127 instructions in the design after the 'Unroll/Inline (step 3)' phase of compilation. See the Design Size Report for more details: C:/selected_topics_hdmi/pyzq/hw/hls_gray_ip/video_gray_live_prj/solution1/syn/report/csynth_design_size.rpt
INFO: [HLS 200-1995] There were 125 instructions in the design after the 'Unroll/Inline (step 4)' phase of compilation. See the Design Size Report for more details: C:/selected_topics_hdmi/pyzq/hw/hls_gray_ip/video_gray_live_prj/solution1/syn/report/csynth_design_size.rpt
INFO: [HLS 200-1995] There were 125 instructions in the design after the 'Array/Struct (step 1)' phase of compilation. See the Design Size Report for more details: C:/selected_topics_hdmi/pyzq/hw/hls_gray_ip/video_gray_live_prj/solution1/syn/report/csynth_design_size.rpt
INFO: [HLS 200-1995] There were 125 instructions in the design after the 'Array/Struct (step 2)' phase of compilation. See the Design Size Report for more details: C:/selected_topics_hdmi/pyzq/hw/hls_gray_ip/video_gray_live_prj/solution1/syn/report/csynth_design_size.rpt
INFO: [HLS 200-1995] There were 125 instructions in the design after the 'Array/Struct (step 3)' phase of compilation. See the Design Size Report for more details: C:/selected_topics_hdmi/pyzq/hw/hls_gray_ip/video_gray_live_prj/solution1/syn/report/csynth_design_size.rpt
INFO: [HLS 200-1995] There were 125 instructions in the design after the 'Array/Struct (step 4)' phase of compilation. See the Design Size Report for more details: C:/selected_topics_hdmi/pyzq/hw/hls_gray_ip/video_gray_live_prj/solution1/syn/report/csynth_design_size.rpt
INFO: [HLS 200-1995] There were 237 instructions in the design after the 'Array/Struct (step 5)' phase of compilation. See the Design Size Report for more details: C:/selected_topics_hdmi/pyzq/hw/hls_gray_ip/video_gray_live_prj/solution1/syn/report/csynth_design_size.rpt
INFO: [HLS 200-1995] There were 251 instructions in the design after the 'Performance (step 1)' phase of compilation. See the Design Size Report for more details: C:/selected_topics_hdmi/pyzq/hw/hls_gray_ip/video_gray_live_prj/solution1/syn/report/csynth_design_size.rpt
INFO: [HLS 200-1995] There were 237 instructions in the design after the 'Performance (step 2)' phase of compilation. See the Design Size Report for more details: C:/selected_topics_hdmi/pyzq/hw/hls_gray_ip/video_gray_live_prj/solution1/syn/report/csynth_design_size.rpt
INFO: [HLS 200-1995] There were 139 instructions in the design after the 'Performance (step 3)' phase of compilation. See the Design Size Report for more details: C:/selected_topics_hdmi/pyzq/hw/hls_gray_ip/video_gray_live_prj/solution1/syn/report/csynth_design_size.rpt
INFO: [HLS 200-1995] There were 139 instructions in the design after the 'Performance (step 4)' phase of compilation. See the Design Size Report for more details: C:/selected_topics_hdmi/pyzq/hw/hls_gray_ip/video_gray_live_prj/solution1/syn/report/csynth_design_size.rpt
INFO: [HLS 200-1995] There were 99 instructions in the design after the 'HW Transforms (step 1)' phase of compilation. See the Design Size Report for more details: C:/selected_topics_hdmi/pyzq/hw/hls_gray_ip/video_gray_live_prj/solution1/syn/report/csynth_design_size.rpt
INFO: [HLS 200-1995] There were 74 instructions in the design after the 'HW Transforms (step 2)' phase of compilation. See the Design Size Report for more details: C:/selected_topics_hdmi/pyzq/hw/hls_gray_ip/video_gray_live_prj/solution1/syn/report/csynth_design_size.rpt
INFO: [HLS 200-111] Finished Compiling Optimization and Transform: CPU user time: 0 seconds. CPU system time: 0 seconds. Elapsed time: 8.057 seconds; current allocated memory: 114.980 MB.
INFO: [HLS 200-111] Finished Checking Pragmas: CPU user time: 0 seconds. CPU system time: 0 seconds. Elapsed time: 0.001 seconds; current allocated memory: 114.980 MB.
INFO: [HLS 200-10] Starting code transformations ...
INFO: [HLS 200-111] Finished Standard Transforms: CPU user time: 0 seconds. CPU system time: 0 seconds. Elapsed time: 0.085 seconds; current allocated memory: 119.379 MB.
INFO: [HLS 200-10] Checking synthesizability ...
INFO: [HLS 200-111] Finished Checking Synthesizability: CPU user time: 0 seconds. CPU system time: 0 seconds. Elapsed time: 0.021 seconds; current allocated memory: 120.812 MB.
INFO: [HLS 200-111] Finished Loop, function and other optimizations: CPU user time: 0 seconds. CPU system time: 0 seconds. Elapsed time: 0.045 seconds; current allocated memory: 142.164 MB.
WARNING: [XFORM 203-561] 'VITIS_LOOP_15_1' (video_gray_live.cpp:15:19) in function 'video_gray_live' is an infinite loop.
INFO: [HLS 200-111] Finished Architecture Synthesis: CPU user time: 0 seconds. CPU system time: 0 seconds. Elapsed time: 0.042 seconds; current allocated memory: 142.184 MB.
INFO: [HLS 200-10] Starting hardware synthesis ...
INFO: [HLS 200-10] Synthesizing 'video_gray_live' ...
INFO: [HLS 200-10] ----------------------------------------------------------------
INFO: [HLS 200-42] -- Implementing module 'video_gray_live' 
INFO: [HLS 200-10] ----------------------------------------------------------------
INFO: [SCHED 204-11] Starting scheduling ...
INFO: [HLS 200-486] Changing DSP latency (root=mul_ln25) to 3 in order to utilize available DSP registers.
INFO: [SCHED 204-61] Pipelining loop 'VITIS_LOOP_15_1'.
INFO: [HLS 200-1470] Pipelining result : Target II = 1, Final II = 1, Depth = 5, loop 'VITIS_LOOP_15_1'
INFO: [SCHED 204-11] Finished scheduling.
INFO: [HLS 200-111] Finished Scheduling: CPU user time: 0 seconds. CPU system time: 0 seconds. Elapsed time: 0.596 seconds; current allocated memory: 142.184 MB.
INFO: [BIND 205-100] Starting micro-architecture generation ...
INFO: [BIND 205-101] Performing variable lifetime analysis.
INFO: [BIND 205-101] Exploring resource sharing.
INFO: [BIND 205-101] Binding ...
INFO: [BIND 205-100] Finished micro-architecture generation.
INFO: [HLS 200-111] Finished Binding: CPU user time: 0 seconds. CPU system time: 0 seconds. Elapsed time: 0.032 seconds; current allocated memory: 142.184 MB.
INFO: [HLS 200-10] ----------------------------------------------------------------
INFO: [HLS 200-10] -- Generating RTL for module 'video_gray_live' 
INFO: [HLS 200-10] ----------------------------------------------------------------
WARNING: [RTGEN 206-101] Design contains AXI ports. Reset is fixed to synchronous and active low.
INFO: [RTGEN 206-500] Setting interface mode on port 'video_gray_live/in_stream_V_data_V' to 'axis' (register, both mode).
INFO: [RTGEN 206-500] Setting interface mode on port 'video_gray_live/in_stream_V_keep_V' to 'axis' (register, both mode).
INFO: [RTGEN 206-500] Setting interface mode on port 'video_gray_live/in_stream_V_strb_V' to 'axis' (register, both mode).
INFO: [RTGEN 206-500] Setting interface mode on port 'video_gray_live/in_stream_V_user_V' to 'axis' (register, both mode).
INFO: [RTGEN 206-500] Setting interface mode on port 'video_gray_live/in_stream_V_last_V' to 'axis' (register, both mode).
INFO: [RTGEN 206-500] Setting interface mode on port 'video_gray_live/in_stream_V_id_V' to 'axis' (register, both mode).
INFO: [RTGEN 206-500] Setting interface mode on port 'video_gray_live/in_stream_V_dest_V' to 'axis' (register, both mode).
INFO: [RTGEN 206-500] Setting interface mode on port 'video_gray_live/out_stream_V_data_V' to 'axis' (register, both mode).
INFO: [RTGEN 206-500] Setting interface mode on port 'video_gray_live/out_stream_V_keep_V' to 'axis' (register, both mode).
INFO: [RTGEN 206-500] Setting interface mode on port 'video_gray_live/out_stream_V_strb_V' to 'axis' (register, both mode).
INFO: [RTGEN 206-500] Setting interface mode on port 'video_gray_live/out_stream_V_user_V' to 'axis' (register, both mode).
INFO: [RTGEN 206-500] Setting interface mode on port 'video_gray_live/out_stream_V_last_V' to 'axis' (register, both mode).
INFO: [RTGEN 206-500] Setting interface mode on port 'video_gray_live/out_stream_V_id_V' to 'axis' (register, both mode).
INFO: [RTGEN 206-500] Setting interface mode on port 'video_gray_live/out_stream_V_dest_V' to 'axis' (register, both mode).
INFO: [RTGEN 206-500] Setting interface mode on function 'video_gray_live' to 'ap_ctrl_none'.
INFO: [RTGEN 206-100] Generating core module 'am_addmul_9ns_8ns_11ns_21_4_1': 1 instance(s).
INFO: [RTGEN 206-100] Finished creating RTL model for 'video_gray_live'.
INFO: [HLS 200-111] Finished Creating RTL model: CPU user time: 0 seconds. CPU system time: 0 seconds. Elapsed time: 0.069 seconds; current allocated memory: 144.523 MB.
INFO: [HLS 200-111] Finished Generating all RTL models: CPU user time: 1 seconds. CPU system time: 0 seconds. Elapsed time: 0.253 seconds; current allocated memory: 149.730 MB.
INFO: [HLS 200-111] Finished Updating report files: CPU user time: 0 seconds. CPU system time: 0 seconds. Elapsed time: 0.258 seconds; current allocated memory: 154.840 MB.
INFO: [VHDL 208-304] Generating VHDL RTL for video_gray_live.
INFO: [VLOG 209-307] Generating Verilog RTL for video_gray_live.
INFO: [HLS 200-790] **** Loop Constraint Status: All loop constraints were satisfied.
INFO: [HLS 200-789] **** Estimated Fmax: 160.90 MHz
INFO: [HLS 200-111] Finished Command csynth_design CPU user time: 1 seconds. CPU system time: 0 seconds. Elapsed time: 12.473 seconds; current allocated memory: 44.512 MB.
==============================================================
Vitis HLS - High-Level Synthesis from C, C++ and OpenCL v2023.2 (64-bit)
Tool Version Limit: 2023.10
Copyright 1986-2022 Xilinx, Inc. All Rights Reserved.
Copyright 2022-2023 Advanced Micro Devices, Inc. All Rights Reserved.

==============================================================
INFO: [SYN 201-201] Setting up clock 'default' with a period of 10ns.
INFO: [HLS 200-1611] Setting target device to 'xc7z020-clg400-1'
INFO: [HLS 200-1505] Using flow_target 'vivado'
INFO: [HLS 200-1464] Running solution command: config_export -format=ip_catalog
INFO: [HLS 200-1464] Running solution command: config_export -output=C:/selected_topics_hdmi/pyzq/hw/hls_gray_ip/hls_export/myip
INFO: [HLS 200-1464] Running solution command: config_export -rtl=verilog
INFO: [HLS 200-1510] Running: set_part xc7z020-clg400-1 
INFO: [HLS 200-1510] Running: create_clock -period 10 -name default 
INFO: [HLS 200-1510] Running: config_export -format ip_catalog -output C:/selected_topics_hdmi/pyzq/hw/hls_gray_ip/hls_export/myip -rtl verilog 
INFO: [HLS 200-1510] Running: source ./video_gray_live_prj/solution1/directives.tcl
INFO: [HLS 200-1510] Running: set_directive_top -name video_gray_live video_gray_live 
INFO: [HLS 200-1510] Running: export_design -rtl verilog -format ip_catalog -output C:/selected_topics_hdmi/pyzq/hw/hls_gray_ip/hls_export/myip 
INFO: [IMPL 213-8] Exporting RTL as a Vivado IP.
INFO: [HLS 200-802] Generated output file hls_export/myip/export.zip
INFO: [HLS 200-111] Finished Command export_design CPU user time: 0 seconds. CPU system time: 0 seconds. Elapsed time: 9.31 seconds; current allocated memory: 7.676 MB.
==============================================================
Vitis HLS - High-Level Synthesis from C, C++ and OpenCL v2023.2 (64-bit)
Tool Version Limit: 2023.10
Copyright 1986-2022 Xilinx, Inc. All Rights Reserved.
Copyright 2022-2023 Advanced Micro Devices, Inc. All Rights Reserved.

==============================================================
INFO: [SYN 201-201] Setting up clock 'default' with a period of 10ns.
INFO: [HLS 200-1611] Setting target device to 'xc7z020-clg400-1'
INFO: [HLS 200-1505] Using flow_target 'vivado'
INFO: [HLS 200-1464] Running solution command: config_export -format=ip_catalog
INFO: [HLS 200-1464] Running solution command: config_export -output=C:/selected_topics_hdmi/pyzq/hw/hls_gray_ip/hls_export/myip
INFO: [HLS 200-1464] Running solution command: config_export -rtl=verilog
INFO: [HLS 200-1510] Running: set_part xc7z020-clg400-1 
INFO: [HLS 200-1510] Running: create_clock -period 10 -name default 
INFO: [HLS 200-1510] Running: config_export -format ip_catalog -output C:/selected_topics_hdmi/pyzq/hw/hls_gray_ip/hls_export/myip -rtl verilog 
INFO: [HLS 200-1510] Running: source ./video_gray_live_prj/solution1/directives.tcl
INFO: [HLS 200-1510] Running: set_directive_top -name video_gray_live video_gray_live 
INFO: [HLS 200-1510] Running: csynth_design 
INFO: [HLS 200-111] Finished File checks and directory preparation: CPU user time: 0 seconds. CPU system time: 0 seconds. Elapsed time: 0.046 seconds; current allocated memory: 109.480 MB.
INFO: [HLS 200-10] Analyzing design file 'video_gray_live.cpp' ... 
INFO: [HLS 200-111] Finished Source Code Analysis and Preprocessing: CPU user time: 0 seconds. CPU system time: 0 seconds. Elapsed time: 2.569 seconds; current allocated memory: 111.512 MB.
INFO: [HLS 200-777] Using interface defaults for 'Vivado' flow target.
INFO: [HLS 200-1995] There were 778 instructions in the design after the 'Compile/Link' phase of compilation. See the Design Size Report for more details: C:/selected_topics_hdmi/pyzq/hw/hls_gray_ip/video_gray_live_prj/solution1/syn/report/csynth_design_size.rpt
INFO: [HLS 200-1995] There were 166 instructions in the design after the 'Unroll/Inline (step 1)' phase of compilation. See the Design Size Report for more details: C:/selected_topics_hdmi/pyzq/hw/hls_gray_ip/video_gray_live_prj/solution1/syn/report/csynth_design_size.rpt
INFO: [HLS 200-1995] There were 133 instructions in the design after the 'Unroll/Inline (step 2)' phase of compilation. See the Design Size Report for more details: C:/selected_topics_hdmi/pyzq/hw/hls_gray_ip/video_gray_live_prj/solution1/syn/report/csynth_design_size.rpt
INFO: [HLS 200-1995] There were 130 instructions in the design after the 'Unroll/Inline (step 3)' phase of compilation. See the Design Size Report for more details: C:/selected_topics_hdmi/pyzq/hw/hls_gray_ip/video_gray_live_prj/solution1/syn/report/csynth_design_size.rpt
INFO: [HLS 200-1995] There were 128 instructions in the design after the 'Unroll/Inline (step 4)' phase of compilation. See the Design Size Report for more details: C:/selected_topics_hdmi/pyzq/hw/hls_gray_ip/video_gray_live_prj/solution1/syn/report/csynth_design_size.rpt
INFO: [HLS 200-1995] There were 128 instructions in the design after the 'Array/Struct (step 1)' phase of compilation. See the Design Size Report for more details: C:/selected_topics_hdmi/pyzq/hw/hls_gray_ip/video_gray_live_prj/solution1/syn/report/csynth_design_size.rpt
INFO: [HLS 200-1995] There were 128 instructions in the design after the 'Array/Struct (step 2)' phase of compilation. See the Design Size Report for more details: C:/selected_topics_hdmi/pyzq/hw/hls_gray_ip/video_gray_live_prj/solution1/syn/report/csynth_design_size.rpt
INFO: [HLS 200-1995] There were 128 instructions in the design after the 'Array/Struct (step 3)' phase of compilation. See the Design Size Report for more details: C:/selected_topics_hdmi/pyzq/hw/hls_gray_ip/video_gray_live_prj/solution1/syn/report/csynth_design_size.rpt
INFO: [HLS 200-1995] There were 128 instructions in the design after the 'Array/Struct (step 4)' phase of compilation. See the Design Size Report for more details: C:/selected_topics_hdmi/pyzq/hw/hls_gray_ip/video_gray_live_prj/solution1/syn/report/csynth_design_size.rpt
INFO: [HLS 200-1995] There were 240 instructions in the design after the 'Array/Struct (step 5)' phase of compilation. See the Design Size Report for more details: C:/selected_topics_hdmi/pyzq/hw/hls_gray_ip/video_gray_live_prj/solution1/syn/report/csynth_design_size.rpt
INFO: [HLS 200-1995] There were 254 instructions in the design after the 'Performance (step 1)' phase of compilation. See the Design Size Report for more details: C:/selected_topics_hdmi/pyzq/hw/hls_gray_ip/video_gray_live_prj/solution1/syn/report/csynth_design_size.rpt
INFO: [HLS 200-1995] There were 240 instructions in the design after the 'Performance (step 2)' phase of compilation. See the Design Size Report for more details: C:/selected_topics_hdmi/pyzq/hw/hls_gray_ip/video_gray_live_prj/solution1/syn/report/csynth_design_size.rpt
INFO: [HLS 200-1995] There were 142 instructions in the design after the 'Performance (step 3)' phase of compilation. See the Design Size Report for more details: C:/selected_topics_hdmi/pyzq/hw/hls_gray_ip/video_gray_live_prj/solution1/syn/report/csynth_design_size.rpt
INFO: [HLS 200-1995] There were 142 instructions in the design after the 'Performance (step 4)' phase of compilation. See the Design Size Report for more details: C:/selected_topics_hdmi/pyzq/hw/hls_gray_ip/video_gray_live_prj/solution1/syn/report/csynth_design_size.rpt
INFO: [HLS 200-1995] There were 102 instructions in the design after the 'HW Transforms (step 1)' phase of compilation. See the Design Size Report for more details: C:/selected_topics_hdmi/pyzq/hw/hls_gray_ip/video_gray_live_prj/solution1/syn/report/csynth_design_size.rpt
INFO: [HLS 200-1995] There were 77 instructions in the design after the 'HW Transforms (step 2)' phase of compilation. See the Design Size Report for more details: C:/selected_topics_hdmi/pyzq/hw/hls_gray_ip/video_gray_live_prj/solution1/syn/report/csynth_design_size.rpt
INFO: [HLS 200-111] Finished Compiling Optimization and Transform: CPU user time: 0 seconds. CPU system time: 0 seconds. Elapsed time: 7.901 seconds; current allocated memory: 113.660 MB.
INFO: [HLS 200-111] Finished Checking Pragmas: CPU user time: 0 seconds. CPU system time: 0 seconds. Elapsed time: 0.001 seconds; current allocated memory: 113.660 MB.
INFO: [HLS 200-10] Starting code transformations ...
INFO: [HLS 200-111] Finished Standard Transforms: CPU user time: 0 seconds. CPU system time: 0 seconds. Elapsed time: 0.092 seconds; current allocated memory: 118.090 MB.
INFO: [HLS 200-10] Checking synthesizability ...
INFO: [HLS 200-111] Finished Checking Synthesizability: CPU user time: 0 seconds. CPU system time: 0 seconds. Elapsed time: 0.021 seconds; current allocated memory: 119.480 MB.
INFO: [HLS 200-111] Finished Loop, function and other optimizations: CPU user time: 0 seconds. CPU system time: 0 seconds. Elapsed time: 0.041 seconds; current allocated memory: 140.824 MB.
WARNING: [XFORM 203-561] 'VITIS_LOOP_15_1' (video_gray_live.cpp:15:19) in function 'video_gray_live' is an infinite loop.
INFO: [HLS 200-111] Finished Architecture Synthesis: CPU user time: 0 seconds. CPU system time: 0 seconds. Elapsed time: 0.045 seconds; current allocated memory: 140.832 MB.
INFO: [HLS 200-10] Starting hardware synthesis ...
INFO: [HLS 200-10] Synthesizing 'video_gray_live' ...
INFO: [HLS 200-10] ----------------------------------------------------------------
INFO: [HLS 200-42] -- Implementing module 'video_gray_live' 
INFO: [HLS 200-10] ----------------------------------------------------------------
INFO: [SCHED 204-11] Starting scheduling ...
INFO: [SCHED 204-61] Pipelining loop 'VITIS_LOOP_15_1'.
INFO: [HLS 200-1470] Pipelining result : Target II = 1, Final II = 1, Depth = 2, loop 'VITIS_LOOP_15_1'
INFO: [SCHED 204-11] Finished scheduling.
INFO: [HLS 200-111] Finished Scheduling: CPU user time: 0 seconds. CPU system time: 0 seconds. Elapsed time: 0.502 seconds; current allocated memory: 140.832 MB.
INFO: [BIND 205-100] Starting micro-architecture generation ...
INFO: [BIND 205-101] Performing variable lifetime analysis.
INFO: [BIND 205-101] Exploring resource sharing.
INFO: [BIND 205-101] Binding ...
INFO: [BIND 205-100] Finished micro-architecture generation.
INFO: [HLS 200-111] Finished Binding: CPU user time: 0 seconds. CPU system time: 0 seconds. Elapsed time: 0.033 seconds; current allocated memory: 140.832 MB.
INFO: [HLS 200-10] ----------------------------------------------------------------
INFO: [HLS 200-10] -- Generating RTL for module 'video_gray_live' 
INFO: [HLS 200-10] ----------------------------------------------------------------
WARNING: [RTGEN 206-101] Design contains AXI ports. Reset is fixed to synchronous and active low.
INFO: [RTGEN 206-500] Setting interface mode on port 'video_gray_live/in_stream_V_data_V' to 'axis' (register, both mode).
INFO: [RTGEN 206-500] Setting interface mode on port 'video_gray_live/in_stream_V_keep_V' to 'axis' (register, both mode).
INFO: [RTGEN 206-500] Setting interface mode on port 'video_gray_live/in_stream_V_strb_V' to 'axis' (register, both mode).
INFO: [RTGEN 206-500] Setting interface mode on port 'video_gray_live/in_stream_V_user_V' to 'axis' (register, both mode).
INFO: [RTGEN 206-500] Setting interface mode on port 'video_gray_live/in_stream_V_last_V' to 'axis' (register, both mode).
INFO: [RTGEN 206-500] Setting interface mode on port 'video_gray_live/in_stream_V_id_V' to 'axis' (register, both mode).
INFO: [RTGEN 206-500] Setting interface mode on port 'video_gray_live/in_stream_V_dest_V' to 'axis' (register, both mode).
INFO: [RTGEN 206-500] Setting interface mode on port 'video_gray_live/out_stream_V_data_V' to 'axis' (register, both mode).
INFO: [RTGEN 206-500] Setting interface mode on port 'video_gray_live/out_stream_V_keep_V' to 'axis' (register, both mode).
INFO: [RTGEN 206-500] Setting interface mode on port 'video_gray_live/out_stream_V_strb_V' to 'axis' (register, both mode).
INFO: [RTGEN 206-500] Setting interface mode on port 'video_gray_live/out_stream_V_user_V' to 'axis' (register, both mode).
INFO: [RTGEN 206-500] Setting interface mode on port 'video_gray_live/out_stream_V_last_V' to 'axis' (register, both mode).
INFO: [RTGEN 206-500] Setting interface mode on port 'video_gray_live/out_stream_V_id_V' to 'axis' (register, both mode).
INFO: [RTGEN 206-500] Setting interface mode on port 'video_gray_live/out_stream_V_dest_V' to 'axis' (register, both mode).
INFO: [RTGEN 206-500] Setting interface mode on function 'video_gray_live' to 'ap_ctrl_none'.
INFO: [RTGEN 206-100] Finished creating RTL model for 'video_gray_live'.
INFO: [HLS 200-111] Finished Creating RTL model: CPU user time: 0 seconds. CPU system time: 0 seconds. Elapsed time: 0.065 seconds; current allocated memory: 142.035 MB.
INFO: [HLS 200-111] Finished Generating all RTL models: CPU user time: 1 seconds. CPU system time: 1 seconds. Elapsed time: 0.214 seconds; current allocated memory: 147.277 MB.
INFO: [HLS 200-111] Finished Updating report files: CPU user time: 0 seconds. CPU system time: 0 seconds. Elapsed time: 0.257 seconds; current allocated memory: 151.852 MB.
INFO: [VHDL 208-304] Generating VHDL RTL for video_gray_live.
INFO: [VLOG 209-307] Generating Verilog RTL for video_gray_live.
INFO: [HLS 200-790] **** Loop Constraint Status: All loop constraints were satisfied.
INFO: [HLS 200-789] **** Estimated Fmax: 174.28 MHz
INFO: [HLS 200-111] Finished Command csynth_design CPU user time: 1 seconds. CPU system time: 1 seconds. Elapsed time: 11.808 seconds; current allocated memory: 42.688 MB.
==============================================================
Vitis HLS - High-Level Synthesis from C, C++ and OpenCL v2023.2 (64-bit)
Tool Version Limit: 2023.10
Copyright 1986-2022 Xilinx, Inc. All Rights Reserved.
Copyright 2022-2023 Advanced Micro Devices, Inc. All Rights Reserved.

==============================================================
INFO: [SYN 201-201] Setting up clock 'default' with a period of 10ns.
INFO: [HLS 200-1611] Setting target device to 'xc7z020-clg400-1'
INFO: [HLS 200-1505] Using flow_target 'vivado'
INFO: [HLS 200-1464] Running solution command: config_export -format=ip_catalog
INFO: [HLS 200-1464] Running solution command: config_export -output=C:/selected_topics_hdmi/pyzq/hw/hls_gray_ip/hls_export/myip
INFO: [HLS 200-1464] Running solution command: config_export -rtl=verilog
INFO: [HLS 200-1510] Running: set_part xc7z020-clg400-1 
INFO: [HLS 200-1510] Running: create_clock -period 10 -name default 
INFO: [HLS 200-1510] Running: config_export -format ip_catalog -output C:/selected_topics_hdmi/pyzq/hw/hls_gray_ip/hls_export/myip -rtl verilog 
INFO: [HLS 200-1510] Running: source ./video_gray_live_prj/solution1/directives.tcl
INFO: [HLS 200-1510] Running: set_directive_top -name video_gray_live video_gray_live 
INFO: [HLS 200-1510] Running: csynth_design 
INFO: [HLS 200-111] Finished File checks and directory preparation: CPU user time: 0 seconds. CPU system time: 1 seconds. Elapsed time: 0.042 seconds; current allocated memory: 109.777 MB.
INFO: [HLS 200-10] Analyzing design file 'video_gray_live.cpp' ... 
INFO: [HLS 200-111] Finished Source Code Analysis and Preprocessing: CPU user time: 0 seconds. CPU system time: 0 seconds. Elapsed time: 2.331 seconds; current allocated memory: 111.781 MB.
INFO: [HLS 200-777] Using interface defaults for 'Vivado' flow target.
INFO: [HLS 200-1995] There were 778 instructions in the design after the 'Compile/Link' phase of compilation. See the Design Size Report for more details: C:/selected_topics_hdmi/pyzq/hw/hls_gray_ip/video_gray_live_prj/solution1/syn/report/csynth_design_size.rpt
INFO: [HLS 200-1995] There were 166 instructions in the design after the 'Unroll/Inline (step 1)' phase of compilation. See the Design Size Report for more details: C:/selected_topics_hdmi/pyzq/hw/hls_gray_ip/video_gray_live_prj/solution1/syn/report/csynth_design_size.rpt
INFO: [HLS 200-1995] There were 133 instructions in the design after the 'Unroll/Inline (step 2)' phase of compilation. See the Design Size Report for more details: C:/selected_topics_hdmi/pyzq/hw/hls_gray_ip/video_gray_live_prj/solution1/syn/report/csynth_design_size.rpt
INFO: [HLS 200-1995] There were 130 instructions in the design after the 'Unroll/Inline (step 3)' phase of compilation. See the Design Size Report for more details: C:/selected_topics_hdmi/pyzq/hw/hls_gray_ip/video_gray_live_prj/solution1/syn/report/csynth_design_size.rpt
INFO: [HLS 200-1995] There were 128 instructions in the design after the 'Unroll/Inline (step 4)' phase of compilation. See the Design Size Report for more details: C:/selected_topics_hdmi/pyzq/hw/hls_gray_ip/video_gray_live_prj/solution1/syn/report/csynth_design_size.rpt
INFO: [HLS 200-1995] There were 128 instructions in the design after the 'Array/Struct (step 1)' phase of compilation. See the Design Size Report for more details: C:/selected_topics_hdmi/pyzq/hw/hls_gray_ip/video_gray_live_prj/solution1/syn/report/csynth_design_size.rpt
INFO: [HLS 200-1995] There were 128 instructions in the design after the 'Array/Struct (step 2)' phase of compilation. See the Design Size Report for more details: C:/selected_topics_hdmi/pyzq/hw/hls_gray_ip/video_gray_live_prj/solution1/syn/report/csynth_design_size.rpt
INFO: [HLS 200-1995] There were 128 instructions in the design after the 'Array/Struct (step 3)' phase of compilation. See the Design Size Report for more details: C:/selected_topics_hdmi/pyzq/hw/hls_gray_ip/video_gray_live_prj/solution1/syn/report/csynth_design_size.rpt
INFO: [HLS 200-1995] There were 128 instructions in the design after the 'Array/Struct (step 4)' phase of compilation. See the Design Size Report for more details: C:/selected_topics_hdmi/pyzq/hw/hls_gray_ip/video_gray_live_prj/solution1/syn/report/csynth_design_size.rpt
INFO: [HLS 200-1995] There were 240 instructions in the design after the 'Array/Struct (step 5)' phase of compilation. See the Design Size Report for more details: C:/selected_topics_hdmi/pyzq/hw/hls_gray_ip/video_gray_live_prj/solution1/syn/report/csynth_design_size.rpt
INFO: [HLS 200-1995] There were 254 instructions in the design after the 'Performance (step 1)' phase of compilation. See the Design Size Report for more details: C:/selected_topics_hdmi/pyzq/hw/hls_gray_ip/video_gray_live_prj/solution1/syn/report/csynth_design_size.rpt
INFO: [HLS 200-1995] There were 240 instructions in the design after the 'Performance (step 2)' phase of compilation. See the Design Size Report for more details: C:/selected_topics_hdmi/pyzq/hw/hls_gray_ip/video_gray_live_prj/solution1/syn/report/csynth_design_size.rpt
INFO: [HLS 200-1995] There were 142 instructions in the design after the 'Performance (step 3)' phase of compilation. See the Design Size Report for more details: C:/selected_topics_hdmi/pyzq/hw/hls_gray_ip/video_gray_live_prj/solution1/syn/report/csynth_design_size.rpt
INFO: [HLS 200-1995] There were 142 instructions in the design after the 'Performance (step 4)' phase of compilation. See the Design Size Report for more details: C:/selected_topics_hdmi/pyzq/hw/hls_gray_ip/video_gray_live_prj/solution1/syn/report/csynth_design_size.rpt
INFO: [HLS 200-1995] There were 102 instructions in the design after the 'HW Transforms (step 1)' phase of compilation. See the Design Size Report for more details: C:/selected_topics_hdmi/pyzq/hw/hls_gray_ip/video_gray_live_prj/solution1/syn/report/csynth_design_size.rpt
INFO: [HLS 200-1995] There were 77 instructions in the design after the 'HW Transforms (step 2)' phase of compilation. See the Design Size Report for more details: C:/selected_topics_hdmi/pyzq/hw/hls_gray_ip/video_gray_live_prj/solution1/syn/report/csynth_design_size.rpt
INFO: [HLS 200-111] Finished Compiling Optimization and Transform: CPU user time: 0 seconds. CPU system time: 0 seconds. Elapsed time: 7.766 seconds; current allocated memory: 114.145 MB.
INFO: [HLS 200-111] Finished Checking Pragmas: CPU user time: 0 seconds. CPU system time: 0 seconds. Elapsed time: 0.001 seconds; current allocated memory: 114.145 MB.
INFO: [HLS 200-10] Starting code transformations ...
INFO: [HLS 200-111] Finished Standard Transforms: CPU user time: 0 seconds. CPU system time: 0 seconds. Elapsed time: 0.011 seconds; current allocated memory: 118.395 MB.
INFO: [HLS 200-10] Checking synthesizability ...
INFO: [HLS 200-111] Finished Checking Synthesizability: CPU user time: 0 seconds. CPU system time: 0 seconds. Elapsed time: 0.008 seconds; current allocated memory: 119.805 MB.
INFO: [HLS 200-111] Finished Loop, function and other optimizations: CPU user time: 0 seconds. CPU system time: 0 seconds. Elapsed time: 0.024 seconds; current allocated memory: 141.156 MB.
WARNING: [XFORM 203-561] 'VITIS_LOOP_15_1' (video_gray_live.cpp:15:19) in function 'video_gray_live' is an infinite loop.
INFO: [HLS 200-111] Finished Architecture Synthesis: CPU user time: 0 seconds. CPU system time: 0 seconds. Elapsed time: 0.02 seconds; current allocated memory: 141.176 MB.
INFO: [HLS 200-10] Starting hardware synthesis ...
INFO: [HLS 200-10] Synthesizing 'video_gray_live' ...
INFO: [HLS 200-10] ----------------------------------------------------------------
INFO: [HLS 200-42] -- Implementing module 'video_gray_live' 
INFO: [HLS 200-10] ----------------------------------------------------------------
INFO: [SCHED 204-11] Starting scheduling ...
INFO: [SCHED 204-61] Pipelining loop 'VITIS_LOOP_15_1'.
INFO: [HLS 200-1470] Pipelining result : Target II = 1, Final II = 1, Depth = 2, loop 'VITIS_LOOP_15_1'
INFO: [SCHED 204-11] Finished scheduling.
INFO: [HLS 200-111] Finished Scheduling: CPU user time: 0 seconds. CPU system time: 0 seconds. Elapsed time: 0.175 seconds; current allocated memory: 141.176 MB.
INFO: [BIND 205-100] Starting micro-architecture generation ...
INFO: [BIND 205-101] Performing variable lifetime analysis.
INFO: [BIND 205-101] Exploring resource sharing.
INFO: [BIND 205-101] Binding ...
INFO: [BIND 205-100] Finished micro-architecture generation.
INFO: [HLS 200-111] Finished Binding: CPU user time: 0 seconds. CPU system time: 0 seconds. Elapsed time: 0.015 seconds; current allocated memory: 141.176 MB.
INFO: [HLS 200-10] ----------------------------------------------------------------
INFO: [HLS 200-10] -- Generating RTL for module 'video_gray_live' 
INFO: [HLS 200-10] ----------------------------------------------------------------
WARNING: [RTGEN 206-101] Design contains AXI ports. Reset is fixed to synchronous and active low.
INFO: [RTGEN 206-500] Setting interface mode on port 'video_gray_live/in_stream_V_data_V' to 'axis' (register, both mode).
INFO: [RTGEN 206-500] Setting interface mode on port 'video_gray_live/in_stream_V_keep_V' to 'axis' (register, both mode).
INFO: [RTGEN 206-500] Setting interface mode on port 'video_gray_live/in_stream_V_strb_V' to 'axis' (register, both mode).
INFO: [RTGEN 206-500] Setting interface mode on port 'video_gray_live/in_stream_V_user_V' to 'axis' (register, both mode).
INFO: [RTGEN 206-500] Setting interface mode on port 'video_gray_live/in_stream_V_last_V' to 'axis' (register, both mode).
INFO: [RTGEN 206-500] Setting interface mode on port 'video_gray_live/in_stream_V_id_V' to 'axis' (register, both mode).
INFO: [RTGEN 206-500] Setting interface mode on port 'video_gray_live/in_stream_V_dest_V' to 'axis' (register, both mode).
INFO: [RTGEN 206-500] Setting interface mode on port 'video_gray_live/out_stream_V_data_V' to 'axis' (register, both mode).
INFO: [RTGEN 206-500] Setting interface mode on port 'video_gray_live/out_stream_V_keep_V' to 'axis' (register, both mode).
INFO: [RTGEN 206-500] Setting interface mode on port 'video_gray_live/out_stream_V_strb_V' to 'axis' (register, both mode).
INFO: [RTGEN 206-500] Setting interface mode on port 'video_gray_live/out_stream_V_user_V' to 'axis' (register, both mode).
INFO: [RTGEN 206-500] Setting interface mode on port 'video_gray_live/out_stream_V_last_V' to 'axis' (register, both mode).
INFO: [RTGEN 206-500] Setting interface mode on port 'video_gray_live/out_stream_V_id_V' to 'axis' (register, both mode).
INFO: [RTGEN 206-500] Setting interface mode on port 'video_gray_live/out_stream_V_dest_V' to 'axis' (register, both mode).
INFO: [RTGEN 206-500] Setting interface mode on function 'video_gray_live' to 'ap_ctrl_none'.
INFO: [RTGEN 206-100] Finished creating RTL model for 'video_gray_live'.
INFO: [HLS 200-111] Finished Creating RTL model: CPU user time: 0 seconds. CPU system time: 0 seconds. Elapsed time: 0.038 seconds; current allocated memory: 142.641 MB.
INFO: [HLS 200-111] Finished Generating all RTL models: CPU user time: 0 seconds. CPU system time: 0 seconds. Elapsed time: 0.22 seconds; current allocated memory: 147.633 MB.
INFO: [HLS 200-111] Finished Updating report files: CPU user time: 0 seconds. CPU system time: 0 seconds. Elapsed time: 0.248 seconds; current allocated memory: 152.094 MB.
INFO: [VHDL 208-304] Generating VHDL RTL for video_gray_live.
INFO: [VLOG 209-307] Generating Verilog RTL for video_gray_live.
INFO: [HLS 200-790] **** Loop Constraint Status: All loop constraints were satisfied.
INFO: [HLS 200-789] **** Estimated Fmax: 174.28 MHz
INFO: [HLS 200-111] Finished Command csynth_design CPU user time: 0 seconds. CPU system time: 1 seconds. Elapsed time: 10.912 seconds; current allocated memory: 42.777 MB.
==============================================================
Vitis HLS - High-Level Synthesis from C, C++ and OpenCL v2023.2 (64-bit)
Tool Version Limit: 2023.10
Copyright 1986-2022 Xilinx, Inc. All Rights Reserved.
Copyright 2022-2023 Advanced Micro Devices, Inc. All Rights Reserved.

==============================================================
INFO: [SYN 201-201] Setting up clock 'default' with a period of 10ns.
INFO: [HLS 200-1611] Setting target device to 'xc7z020-clg400-1'
INFO: [HLS 200-1505] Using flow_target 'vivado'
INFO: [HLS 200-1464] Running solution command: config_export -format=ip_catalog
INFO: [HLS 200-1464] Running solution command: config_export -output=C:/selected_topics_hdmi/pyzq/hw/hls_gray_ip/hls_export
INFO: [HLS 200-1464] Running solution command: config_export -rtl=verilog
INFO: [HLS 200-1510] Running: set_part xc7z020-clg400-1 
INFO: [HLS 200-1510] Running: create_clock -period 10 -name default 
INFO: [HLS 200-1510] Running: config_export -format ip_catalog -output C:/selected_topics_hdmi/pyzq/hw/hls_gray_ip/hls_export -rtl verilog 
INFO: [HLS 200-1510] Running: source ./video_gray_live_prj/solution1/directives.tcl
INFO: [HLS 200-1510] Running: set_directive_top -name video_gray_live video_gray_live 
INFO: [HLS 200-1510] Running: export_design -rtl verilog -format ip_catalog -output C:/selected_topics_hdmi/pyzq/hw/hls_gray_ip/hls_export 
INFO: [IMPL 213-8] Exporting RTL as a Vivado IP.
INFO: [HLS 200-802] Generated output file hls_export/export.zip
INFO: [HLS 200-111] Finished Command export_design CPU user time: 0 seconds. CPU system time: 0 seconds. Elapsed time: 6.602 seconds; current allocated memory: 7.438 MB.
==============================================================
Vitis HLS - High-Level Synthesis from C, C++ and OpenCL v2023.2 (64-bit)
Tool Version Limit: 2023.10
Copyright 1986-2022 Xilinx, Inc. All Rights Reserved.
Copyright 2022-2023 Advanced Micro Devices, Inc. All Rights Reserved.

==============================================================
INFO: [SYN 201-201] Setting up clock 'default' with a period of 10ns.
INFO: [HLS 200-1611] Setting target device to 'xc7z020-clg400-1'
INFO: [HLS 200-1505] Using flow_target 'vivado'
INFO: [HLS 200-1464] Running solution command: config_export -format=ip_catalog
INFO: [HLS 200-1464] Running solution command: config_export -output=C:/selected_topics_hdmi/pyzq/hw/hls_gray_ip/hls_export
INFO: [HLS 200-1464] Running solution command: config_export -rtl=verilog
INFO: [HLS 200-1510] Running: set_part xc7z020-clg400-1 
INFO: [HLS 200-1510] Running: create_clock -period 10 -name default 
INFO: [HLS 200-1510] Running: config_export -format ip_catalog -output C:/selected_topics_hdmi/pyzq/hw/hls_gray_ip/hls_export -rtl verilog 
INFO: [HLS 200-1510] Running: source ./video_gray_live_prj/solution1/directives.tcl
INFO: [HLS 200-1510] Running: set_directive_top -name video_gray_live video_gray_live 
INFO: [HLS 200-1510] Running: csynth_design 
INFO: [HLS 200-111] Finished File checks and directory preparation: CPU user time: 0 seconds. CPU system time: 0 seconds. Elapsed time: 0.048 seconds; current allocated memory: 114.969 MB.
INFO: [HLS 200-10] Analyzing design file 'video_gray_live.cpp' ... 
INFO: [HLS 200-111] Finished Source Code Analysis and Preprocessing: CPU user time: 0 seconds. CPU system time: 1 seconds. Elapsed time: 2.569 seconds; current allocated memory: 117.113 MB.
INFO: [HLS 200-777] Using interface defaults for 'Vivado' flow target.
INFO: [HLS 200-1995] There were 838 instructions in the design after the 'Compile/Link' phase of compilation. See the Design Size Report for more details: C:/selected_topics_hdmi/pyzq/hw/hls_gray_ip/video_gray_live_prj/solution1/syn/report/csynth_design_size.rpt
INFO: [HLS 200-1995] There were 169 instructions in the design after the 'Unroll/Inline (step 1)' phase of compilation. See the Design Size Report for more details: C:/selected_topics_hdmi/pyzq/hw/hls_gray_ip/video_gray_live_prj/solution1/syn/report/csynth_design_size.rpt
INFO: [HLS 200-1995] There were 136 instructions in the design after the 'Unroll/Inline (step 2)' phase of compilation. See the Design Size Report for more details: C:/selected_topics_hdmi/pyzq/hw/hls_gray_ip/video_gray_live_prj/solution1/syn/report/csynth_design_size.rpt
INFO: [HLS 200-1995] There were 133 instructions in the design after the 'Unroll/Inline (step 3)' phase of compilation. See the Design Size Report for more details: C:/selected_topics_hdmi/pyzq/hw/hls_gray_ip/video_gray_live_prj/solution1/syn/report/csynth_design_size.rpt
INFO: [HLS 200-1995] There were 131 instructions in the design after the 'Unroll/Inline (step 4)' phase of compilation. See the Design Size Report for more details: C:/selected_topics_hdmi/pyzq/hw/hls_gray_ip/video_gray_live_prj/solution1/syn/report/csynth_design_size.rpt
INFO: [HLS 200-1995] There were 131 instructions in the design after the 'Array/Struct (step 1)' phase of compilation. See the Design Size Report for more details: C:/selected_topics_hdmi/pyzq/hw/hls_gray_ip/video_gray_live_prj/solution1/syn/report/csynth_design_size.rpt
INFO: [HLS 200-1995] There were 131 instructions in the design after the 'Array/Struct (step 2)' phase of compilation. See the Design Size Report for more details: C:/selected_topics_hdmi/pyzq/hw/hls_gray_ip/video_gray_live_prj/solution1/syn/report/csynth_design_size.rpt
INFO: [HLS 200-1995] There were 131 instructions in the design after the 'Array/Struct (step 3)' phase of compilation. See the Design Size Report for more details: C:/selected_topics_hdmi/pyzq/hw/hls_gray_ip/video_gray_live_prj/solution1/syn/report/csynth_design_size.rpt
INFO: [HLS 200-1995] There were 131 instructions in the design after the 'Array/Struct (step 4)' phase of compilation. See the Design Size Report for more details: C:/selected_topics_hdmi/pyzq/hw/hls_gray_ip/video_gray_live_prj/solution1/syn/report/csynth_design_size.rpt
INFO: [HLS 200-1995] There were 243 instructions in the design after the 'Array/Struct (step 5)' phase of compilation. See the Design Size Report for more details: C:/selected_topics_hdmi/pyzq/hw/hls_gray_ip/video_gray_live_prj/solution1/syn/report/csynth_design_size.rpt
INFO: [HLS 200-1995] There were 257 instructions in the design after the 'Performance (step 1)' phase of compilation. See the Design Size Report for more details: C:/selected_topics_hdmi/pyzq/hw/hls_gray_ip/video_gray_live_prj/solution1/syn/report/csynth_design_size.rpt
INFO: [HLS 200-1995] There were 243 instructions in the design after the 'Performance (step 2)' phase of compilation. See the Design Size Report for more details: C:/selected_topics_hdmi/pyzq/hw/hls_gray_ip/video_gray_live_prj/solution1/syn/report/csynth_design_size.rpt
INFO: [HLS 200-1995] There were 145 instructions in the design after the 'Performance (step 3)' phase of compilation. See the Design Size Report for more details: C:/selected_topics_hdmi/pyzq/hw/hls_gray_ip/video_gray_live_prj/solution1/syn/report/csynth_design_size.rpt
INFO: [HLS 200-1995] There were 145 instructions in the design after the 'Performance (step 4)' phase of compilation. See the Design Size Report for more details: C:/selected_topics_hdmi/pyzq/hw/hls_gray_ip/video_gray_live_prj/solution1/syn/report/csynth_design_size.rpt
INFO: [HLS 200-1995] There were 105 instructions in the design after the 'HW Transforms (step 1)' phase of compilation. See the Design Size Report for more details: C:/selected_topics_hdmi/pyzq/hw/hls_gray_ip/video_gray_live_prj/solution1/syn/report/csynth_design_size.rpt
INFO: [HLS 200-1995] There were 80 instructions in the design after the 'HW Transforms (step 2)' phase of compilation. See the Design Size Report for more details: C:/selected_topics_hdmi/pyzq/hw/hls_gray_ip/video_gray_live_prj/solution1/syn/report/csynth_design_size.rpt
INFO: [HLS 200-111] Finished Compiling Optimization and Transform: CPU user time: 0 seconds. CPU system time: 0 seconds. Elapsed time: 7.819 seconds; current allocated memory: 119.422 MB.
INFO: [HLS 200-111] Finished Checking Pragmas: CPU user time: 0 seconds. CPU system time: 0 seconds. Elapsed time: 0.001 seconds; current allocated memory: 119.422 MB.
INFO: [HLS 200-10] Starting code transformations ...
INFO: [HLS 200-111] Finished Standard Transforms: CPU user time: 0 seconds. CPU system time: 0 seconds. Elapsed time: 0.09 seconds; current allocated memory: 123.785 MB.
INFO: [HLS 200-10] Checking synthesizability ...
INFO: [HLS 200-111] Finished Checking Synthesizability: CPU user time: 0 seconds. CPU system time: 0 seconds. Elapsed time: 0.021 seconds; current allocated memory: 125.230 MB.
INFO: [HLS 200-111] Finished Loop, function and other optimizations: CPU user time: 0 seconds. CPU system time: 0 seconds. Elapsed time: 0.042 seconds; current allocated memory: 146.457 MB.
WARNING: [XFORM 203-561] 'VITIS_LOOP_17_1' (video_gray_live.cpp:17:22) in function 'video_gray_live' is an infinite loop.
INFO: [HLS 200-111] Finished Architecture Synthesis: CPU user time: 0 seconds. CPU system time: 0 seconds. Elapsed time: 0.044 seconds; current allocated memory: 146.477 MB.
INFO: [HLS 200-10] Starting hardware synthesis ...
INFO: [HLS 200-10] Synthesizing 'video_gray_live' ...
INFO: [HLS 200-10] ----------------------------------------------------------------
INFO: [HLS 200-42] -- Implementing module 'video_gray_live' 
INFO: [HLS 200-10] ----------------------------------------------------------------
INFO: [SCHED 204-11] Starting scheduling ...
INFO: [SCHED 204-61] Pipelining loop 'VITIS_LOOP_17_1'.
INFO: [HLS 200-1470] Pipelining result : Target II = 1, Final II = 1, Depth = 3, loop 'VITIS_LOOP_17_1'
INFO: [SCHED 204-11] Finished scheduling.
INFO: [HLS 200-111] Finished Scheduling: CPU user time: 0 seconds. CPU system time: 0 seconds. Elapsed time: 0.506 seconds; current allocated memory: 146.477 MB.
INFO: [BIND 205-100] Starting micro-architecture generation ...
INFO: [BIND 205-101] Performing variable lifetime analysis.
INFO: [BIND 205-101] Exploring resource sharing.
INFO: [BIND 205-101] Binding ...
INFO: [BIND 205-100] Finished micro-architecture generation.
INFO: [HLS 200-111] Finished Binding: CPU user time: 0 seconds. CPU system time: 0 seconds. Elapsed time: 0.032 seconds; current allocated memory: 146.477 MB.
INFO: [HLS 200-10] ----------------------------------------------------------------
INFO: [HLS 200-10] -- Generating RTL for module 'video_gray_live' 
INFO: [HLS 200-10] ----------------------------------------------------------------
WARNING: [RTGEN 206-101] Design contains AXI ports. Reset is fixed to synchronous and active low.
INFO: [RTGEN 206-500] Setting interface mode on port 'video_gray_live/in_stream_V_data_V' to 'axis' (register, both mode).
INFO: [RTGEN 206-500] Setting interface mode on port 'video_gray_live/in_stream_V_keep_V' to 'axis' (register, both mode).
INFO: [RTGEN 206-500] Setting interface mode on port 'video_gray_live/in_stream_V_strb_V' to 'axis' (register, both mode).
INFO: [RTGEN 206-500] Setting interface mode on port 'video_gray_live/in_stream_V_user_V' to 'axis' (register, both mode).
INFO: [RTGEN 206-500] Setting interface mode on port 'video_gray_live/in_stream_V_last_V' to 'axis' (register, both mode).
INFO: [RTGEN 206-500] Setting interface mode on port 'video_gray_live/in_stream_V_id_V' to 'axis' (register, both mode).
INFO: [RTGEN 206-500] Setting interface mode on port 'video_gray_live/in_stream_V_dest_V' to 'axis' (register, both mode).
INFO: [RTGEN 206-500] Setting interface mode on port 'video_gray_live/out_stream_V_data_V' to 'axis' (register, both mode).
INFO: [RTGEN 206-500] Setting interface mode on port 'video_gray_live/out_stream_V_keep_V' to 'axis' (register, both mode).
INFO: [RTGEN 206-500] Setting interface mode on port 'video_gray_live/out_stream_V_strb_V' to 'axis' (register, both mode).
INFO: [RTGEN 206-500] Setting interface mode on port 'video_gray_live/out_stream_V_user_V' to 'axis' (register, both mode).
INFO: [RTGEN 206-500] Setting interface mode on port 'video_gray_live/out_stream_V_last_V' to 'axis' (register, both mode).
INFO: [RTGEN 206-500] Setting interface mode on port 'video_gray_live/out_stream_V_id_V' to 'axis' (register, both mode).
INFO: [RTGEN 206-500] Setting interface mode on port 'video_gray_live/out_stream_V_dest_V' to 'axis' (register, both mode).
INFO: [RTGEN 206-500] Setting interface mode on function 'video_gray_live' to 'ap_ctrl_none'.
INFO: [RTGEN 206-100] Finished creating RTL model for 'video_gray_live'.
INFO: [HLS 200-111] Finished Creating RTL model: CPU user time: 0 seconds. CPU system time: 0 seconds. Elapsed time: 0.076 seconds; current allocated memory: 147.980 MB.
INFO: [HLS 200-111] Finished Generating all RTL models: CPU user time: 0 seconds. CPU system time: 0 seconds. Elapsed time: 0.239 seconds; current allocated memory: 152.816 MB.
INFO: [HLS 200-111] Finished Updating report files: CPU user time: 1 seconds. CPU system time: 0 seconds. Elapsed time: 0.253 seconds; current allocated memory: 157.902 MB.
INFO: [VHDL 208-304] Generating VHDL RTL for video_gray_live.
INFO: [VLOG 209-307] Generating Verilog RTL for video_gray_live.
INFO: [HLS 200-790] **** Loop Constraint Status: All loop constraints were satisfied.
INFO: [HLS 200-789] **** Estimated Fmax: 150.31 MHz
INFO: [HLS 200-111] Finished Command csynth_design CPU user time: 1 seconds. CPU system time: 1 seconds. Elapsed time: 11.76 seconds; current allocated memory: 43.289 MB.
==============================================================
Vitis HLS - High-Level Synthesis from C, C++ and OpenCL v2023.2 (64-bit)
Tool Version Limit: 2023.10
Copyright 1986-2022 Xilinx, Inc. All Rights Reserved.
Copyright 2022-2023 Advanced Micro Devices, Inc. All Rights Reserved.

==============================================================
INFO: [SYN 201-201] Setting up clock 'default' with a period of 10ns.
INFO: [HLS 200-1611] Setting target device to 'xc7z020-clg400-1'
INFO: [HLS 200-1505] Using flow_target 'vivado'
INFO: [HLS 200-1464] Running solution command: config_export -format=ip_catalog
INFO: [HLS 200-1464] Running solution command: config_export -output=C:/selected_topics_hdmi/pyzq/hw/hls_gray_ip/hls_export
INFO: [HLS 200-1464] Running solution command: config_export -rtl=verilog
INFO: [HLS 200-1510] Running: set_part xc7z020-clg400-1 
INFO: [HLS 200-1510] Running: create_clock -period 10 -name default 
INFO: [HLS 200-1510] Running: config_export -format ip_catalog -output C:/selected_topics_hdmi/pyzq/hw/hls_gray_ip/hls_export -rtl verilog 
INFO: [HLS 200-1510] Running: source ./video_gray_live_prj/solution1/directives.tcl
INFO: [HLS 200-1510] Running: set_directive_top -name video_gray_live video_gray_live 
INFO: [HLS 200-1510] Running: export_design -rtl verilog -format ip_catalog -output C:/selected_topics_hdmi/pyzq/hw/hls_gray_ip/hls_export 
INFO: [IMPL 213-8] Exporting RTL as a Vivado IP.
INFO: [HLS 200-802] Generated output file hls_export/export.zip
INFO: [HLS 200-111] Finished Command export_design CPU user time: 0 seconds. CPU system time: 1 seconds. Elapsed time: 6.21 seconds; current allocated memory: 7.293 MB.
==============================================================
Vitis HLS - High-Level Synthesis from C, C++ and OpenCL v2023.2 (64-bit)
Tool Version Limit: 2023.10
Copyright 1986-2022 Xilinx, Inc. All Rights Reserved.
Copyright 2022-2023 Advanced Micro Devices, Inc. All Rights Reserved.

==============================================================
INFO: [SYN 201-201] Setting up clock 'default' with a period of 10ns.
INFO: [HLS 200-1611] Setting target device to 'xc7z020-clg400-1'
INFO: [HLS 200-1505] Using flow_target 'vivado'
INFO: [HLS 200-1464] Running solution command: config_export -format=ip_catalog
INFO: [HLS 200-1464] Running solution command: config_export -output=C:/selected_topics_hdmi/pyzq/hw/hls_gray_ip/hls_export
INFO: [HLS 200-1464] Running solution command: config_export -rtl=verilog
INFO: [HLS 200-1510] Running: set_part xc7z020-clg400-1 
INFO: [HLS 200-1510] Running: create_clock -period 10 -name default 
INFO: [HLS 200-1510] Running: config_export -format ip_catalog -output C:/selected_topics_hdmi/pyzq/hw/hls_gray_ip/hls_export -rtl verilog 
INFO: [HLS 200-1510] Running: source ./video_gray_live_prj/solution1/directives.tcl
INFO: [HLS 200-1510] Running: set_directive_top -name video_gray_live video_gray_live 
INFO: [HLS 200-1510] Running: csynth_design 
INFO: [HLS 200-111] Finished File checks and directory preparation: CPU user time: 0 seconds. CPU system time: 0 seconds. Elapsed time: 0.046 seconds; current allocated memory: 109.180 MB.
INFO: [HLS 200-10] Analyzing design file 'video_gray_live.cpp' ... 
INFO: [HLS 200-111] Finished Source Code Analysis and Preprocessing: CPU user time: 0 seconds. CPU system time: 0 seconds. Elapsed time: 2.623 seconds; current allocated memory: 111.477 MB.
INFO: [HLS 200-777] Using interface defaults for 'Vivado' flow target.
INFO: [HLS 200-1995] There were 411 instructions in the design after the 'Compile/Link' phase of compilation. See the Design Size Report for more details: C:/selected_topics_hdmi/pyzq/hw/hls_gray_ip/video_gray_live_prj/solution1/syn/report/csynth_design_size.rpt
INFO: [HLS 200-1995] There were 140 instructions in the design after the 'Unroll/Inline (step 1)' phase of compilation. See the Design Size Report for more details: C:/selected_topics_hdmi/pyzq/hw/hls_gray_ip/video_gray_live_prj/solution1/syn/report/csynth_design_size.rpt
INFO: [HLS 200-1995] There were 111 instructions in the design after the 'Unroll/Inline (step 2)' phase of compilation. See the Design Size Report for more details: C:/selected_topics_hdmi/pyzq/hw/hls_gray_ip/video_gray_live_prj/solution1/syn/report/csynth_design_size.rpt
INFO: [HLS 200-1995] There were 110 instructions in the design after the 'Unroll/Inline (step 3)' phase of compilation. See the Design Size Report for more details: C:/selected_topics_hdmi/pyzq/hw/hls_gray_ip/video_gray_live_prj/solution1/syn/report/csynth_design_size.rpt
INFO: [HLS 200-1995] There were 110 instructions in the design after the 'Unroll/Inline (step 4)' phase of compilation. See the Design Size Report for more details: C:/selected_topics_hdmi/pyzq/hw/hls_gray_ip/video_gray_live_prj/solution1/syn/report/csynth_design_size.rpt
INFO: [HLS 200-1995] There were 110 instructions in the design after the 'Array/Struct (step 1)' phase of compilation. See the Design Size Report for more details: C:/selected_topics_hdmi/pyzq/hw/hls_gray_ip/video_gray_live_prj/solution1/syn/report/csynth_design_size.rpt
INFO: [HLS 200-1995] There were 110 instructions in the design after the 'Array/Struct (step 2)' phase of compilation. See the Design Size Report for more details: C:/selected_topics_hdmi/pyzq/hw/hls_gray_ip/video_gray_live_prj/solution1/syn/report/csynth_design_size.rpt
INFO: [HLS 200-1995] There were 110 instructions in the design after the 'Array/Struct (step 3)' phase of compilation. See the Design Size Report for more details: C:/selected_topics_hdmi/pyzq/hw/hls_gray_ip/video_gray_live_prj/solution1/syn/report/csynth_design_size.rpt
INFO: [HLS 200-1995] There were 110 instructions in the design after the 'Array/Struct (step 4)' phase of compilation. See the Design Size Report for more details: C:/selected_topics_hdmi/pyzq/hw/hls_gray_ip/video_gray_live_prj/solution1/syn/report/csynth_design_size.rpt
INFO: [HLS 200-1995] There were 222 instructions in the design after the 'Array/Struct (step 5)' phase of compilation. See the Design Size Report for more details: C:/selected_topics_hdmi/pyzq/hw/hls_gray_ip/video_gray_live_prj/solution1/syn/report/csynth_design_size.rpt
INFO: [HLS 200-1995] There were 236 instructions in the design after the 'Performance (step 1)' phase of compilation. See the Design Size Report for more details: C:/selected_topics_hdmi/pyzq/hw/hls_gray_ip/video_gray_live_prj/solution1/syn/report/csynth_design_size.rpt
INFO: [HLS 200-1995] There were 222 instructions in the design after the 'Performance (step 2)' phase of compilation. See the Design Size Report for more details: C:/selected_topics_hdmi/pyzq/hw/hls_gray_ip/video_gray_live_prj/solution1/syn/report/csynth_design_size.rpt
INFO: [HLS 200-1995] There were 124 instructions in the design after the 'Performance (step 3)' phase of compilation. See the Design Size Report for more details: C:/selected_topics_hdmi/pyzq/hw/hls_gray_ip/video_gray_live_prj/solution1/syn/report/csynth_design_size.rpt
INFO: [HLS 200-1995] There were 124 instructions in the design after the 'Performance (step 4)' phase of compilation. See the Design Size Report for more details: C:/selected_topics_hdmi/pyzq/hw/hls_gray_ip/video_gray_live_prj/solution1/syn/report/csynth_design_size.rpt
INFO: [HLS 200-1995] There were 84 instructions in the design after the 'HW Transforms (step 1)' phase of compilation. See the Design Size Report for more details: C:/selected_topics_hdmi/pyzq/hw/hls_gray_ip/video_gray_live_prj/solution1/syn/report/csynth_design_size.rpt
INFO: [HLS 200-1995] There were 59 instructions in the design after the 'HW Transforms (step 2)' phase of compilation. See the Design Size Report for more details: C:/selected_topics_hdmi/pyzq/hw/hls_gray_ip/video_gray_live_prj/solution1/syn/report/csynth_design_size.rpt
INFO: [HLS 200-111] Finished Compiling Optimization and Transform: CPU user time: 0 seconds. CPU system time: 0 seconds. Elapsed time: 7.926 seconds; current allocated memory: 113.801 MB.
INFO: [HLS 200-111] Finished Checking Pragmas: CPU user time: 0 seconds. CPU system time: 0 seconds. Elapsed time: 0.001 seconds; current allocated memory: 113.801 MB.
INFO: [HLS 200-10] Starting code transformations ...
INFO: [HLS 200-111] Finished Standard Transforms: CPU user time: 0 seconds. CPU system time: 1 seconds. Elapsed time: 0.088 seconds; current allocated memory: 118.008 MB.
INFO: [HLS 200-10] Checking synthesizability ...
INFO: [HLS 200-111] Finished Checking Synthesizability: CPU user time: 0 seconds. CPU system time: 0 seconds. Elapsed time: 0.02 seconds; current allocated memory: 119.348 MB.
INFO: [HLS 200-111] Finished Loop, function and other optimizations: CPU user time: 0 seconds. CPU system time: 0 seconds. Elapsed time: 0.042 seconds; current allocated memory: 140.547 MB.
WARNING: [XFORM 203-561] 'VITIS_LOOP_17_1' (video_gray_live.cpp:17:22) in function 'video_gray_live' is an infinite loop.
INFO: [HLS 200-111] Finished Architecture Synthesis: CPU user time: 0 seconds. CPU system time: 0 seconds. Elapsed time: 0.04 seconds; current allocated memory: 140.566 MB.
INFO: [HLS 200-10] Starting hardware synthesis ...
INFO: [HLS 200-10] Synthesizing 'video_gray_live' ...
INFO: [HLS 200-10] ----------------------------------------------------------------
INFO: [HLS 200-42] -- Implementing module 'video_gray_live' 
INFO: [HLS 200-10] ----------------------------------------------------------------
INFO: [SCHED 204-11] Starting scheduling ...
INFO: [SCHED 204-61] Pipelining loop 'VITIS_LOOP_17_1'.
INFO: [HLS 200-1470] Pipelining result : Target II = 1, Final II = 1, Depth = 2, loop 'VITIS_LOOP_17_1'
INFO: [SCHED 204-11] Finished scheduling.
INFO: [HLS 200-111] Finished Scheduling: CPU user time: 0 seconds. CPU system time: 0 seconds. Elapsed time: 0.631 seconds; current allocated memory: 140.566 MB.
INFO: [BIND 205-100] Starting micro-architecture generation ...
INFO: [BIND 205-101] Performing variable lifetime analysis.
INFO: [BIND 205-101] Exploring resource sharing.
INFO: [BIND 205-101] Binding ...
INFO: [BIND 205-100] Finished micro-architecture generation.
INFO: [HLS 200-111] Finished Binding: CPU user time: 0 seconds. CPU system time: 0 seconds. Elapsed time: 0.032 seconds; current allocated memory: 140.566 MB.
INFO: [HLS 200-10] ----------------------------------------------------------------
INFO: [HLS 200-10] -- Generating RTL for module 'video_gray_live' 
INFO: [HLS 200-10] ----------------------------------------------------------------
WARNING: [RTGEN 206-101] Design contains AXI ports. Reset is fixed to synchronous and active low.
INFO: [RTGEN 206-500] Setting interface mode on port 'video_gray_live/in_stream_V_data_V' to 'axis' (register, both mode).
INFO: [RTGEN 206-500] Setting interface mode on port 'video_gray_live/in_stream_V_keep_V' to 'axis' (register, both mode).
INFO: [RTGEN 206-500] Setting interface mode on port 'video_gray_live/in_stream_V_strb_V' to 'axis' (register, both mode).
INFO: [RTGEN 206-500] Setting interface mode on port 'video_gray_live/in_stream_V_user_V' to 'axis' (register, both mode).
INFO: [RTGEN 206-500] Setting interface mode on port 'video_gray_live/in_stream_V_last_V' to 'axis' (register, both mode).
INFO: [RTGEN 206-500] Setting interface mode on port 'video_gray_live/in_stream_V_id_V' to 'axis' (register, both mode).
INFO: [RTGEN 206-500] Setting interface mode on port 'video_gray_live/in_stream_V_dest_V' to 'axis' (register, both mode).
INFO: [RTGEN 206-500] Setting interface mode on port 'video_gray_live/out_stream_V_data_V' to 'axis' (register, both mode).
INFO: [RTGEN 206-500] Setting interface mode on port 'video_gray_live/out_stream_V_keep_V' to 'axis' (register, both mode).
INFO: [RTGEN 206-500] Setting interface mode on port 'video_gray_live/out_stream_V_strb_V' to 'axis' (register, both mode).
INFO: [RTGEN 206-500] Setting interface mode on port 'video_gray_live/out_stream_V_user_V' to 'axis' (register, both mode).
INFO: [RTGEN 206-500] Setting interface mode on port 'video_gray_live/out_stream_V_last_V' to 'axis' (register, both mode).
INFO: [RTGEN 206-500] Setting interface mode on port 'video_gray_live/out_stream_V_id_V' to 'axis' (register, both mode).
INFO: [RTGEN 206-500] Setting interface mode on port 'video_gray_live/out_stream_V_dest_V' to 'axis' (register, both mode).
INFO: [RTGEN 206-500] Setting interface mode on function 'video_gray_live' to 'ap_ctrl_none'.
INFO: [RTGEN 206-100] Finished creating RTL model for 'video_gray_live'.
INFO: [HLS 200-111] Finished Creating RTL model: CPU user time: 0 seconds. CPU system time: 0 seconds. Elapsed time: 0.061 seconds; current allocated memory: 141.934 MB.
INFO: [HLS 200-111] Finished Generating all RTL models: CPU user time: 0 seconds. CPU system time: 0 seconds. Elapsed time: 0.179 seconds; current allocated memory: 146.762 MB.
INFO: [HLS 200-111] Finished Updating report files: CPU user time: 0 seconds. CPU system time: 0 seconds. Elapsed time: 0.258 seconds; current allocated memory: 151.496 MB.
INFO: [VHDL 208-304] Generating VHDL RTL for video_gray_live.
INFO: [VLOG 209-307] Generating Verilog RTL for video_gray_live.
INFO: [HLS 200-790] **** Loop Constraint Status: All loop constraints were satisfied.
INFO: [HLS 200-789] **** Estimated Fmax: 203.75 MHz
INFO: [HLS 200-111] Finished Command csynth_design CPU user time: 0 seconds. CPU system time: 1 seconds. Elapsed time: 11.965 seconds; current allocated memory: 42.520 MB.
==============================================================
Vitis HLS - High-Level Synthesis from C, C++ and OpenCL v2023.2 (64-bit)
Tool Version Limit: 2023.10
Copyright 1986-2022 Xilinx, Inc. All Rights Reserved.
Copyright 2022-2023 Advanced Micro Devices, Inc. All Rights Reserved.

==============================================================
INFO: [SYN 201-201] Setting up clock 'default' with a period of 10ns.
INFO: [HLS 200-1611] Setting target device to 'xc7z020-clg400-1'
INFO: [HLS 200-1505] Using flow_target 'vivado'
INFO: [HLS 200-1464] Running solution command: config_export -format=ip_catalog
INFO: [HLS 200-1464] Running solution command: config_export -output=C:/selected_topics_hdmi/pyzq/hw/hls_gray_ip/hls_export
INFO: [HLS 200-1464] Running solution command: config_export -rtl=verilog
INFO: [HLS 200-1510] Running: set_part xc7z020-clg400-1 
INFO: [HLS 200-1510] Running: create_clock -period 10 -name default 
INFO: [HLS 200-1510] Running: config_export -format ip_catalog -output C:/selected_topics_hdmi/pyzq/hw/hls_gray_ip/hls_export -rtl verilog 
INFO: [HLS 200-1510] Running: source ./video_gray_live_prj/solution1/directives.tcl
INFO: [HLS 200-1510] Running: set_directive_top -name video_gray_live video_gray_live 
INFO: [HLS 200-1510] Running: export_design -rtl verilog -format ip_catalog -output C:/selected_topics_hdmi/pyzq/hw/hls_gray_ip/hls_export 
INFO: [IMPL 213-8] Exporting RTL as a Vivado IP.
INFO: [HLS 200-802] Generated output file hls_export/export.zip
INFO: [HLS 200-111] Finished Command export_design CPU user time: 0 seconds. CPU system time: 1 seconds. Elapsed time: 6.467 seconds; current allocated memory: 6.801 MB.
==============================================================
Vitis HLS - High-Level Synthesis from C, C++ and OpenCL v2023.2 (64-bit)
Tool Version Limit: 2023.10
Copyright 1986-2022 Xilinx, Inc. All Rights Reserved.
Copyright 2022-2023 Advanced Micro Devices, Inc. All Rights Reserved.

==============================================================
INFO: [SYN 201-201] Setting up clock 'default' with a period of 10ns.
INFO: [HLS 200-1611] Setting target device to 'xc7z020-clg400-1'
INFO: [HLS 200-1505] Using flow_target 'vivado'
INFO: [HLS 200-1464] Running solution command: config_export -format=ip_catalog
INFO: [HLS 200-1464] Running solution command: config_export -output=C:/selected_topics_hdmi/pyzq/hw/hls_gray_ip/hls_export
INFO: [HLS 200-1464] Running solution command: config_export -rtl=verilog
INFO: [HLS 200-1510] Running: set_part xc7z020-clg400-1 
INFO: [HLS 200-1510] Running: create_clock -period 10 -name default 
INFO: [HLS 200-1510] Running: config_export -format ip_catalog -output C:/selected_topics_hdmi/pyzq/hw/hls_gray_ip/hls_export -rtl verilog 
INFO: [HLS 200-1510] Running: source ./video_gray_live_prj/solution1/directives.tcl
INFO: [HLS 200-1510] Running: set_directive_top -name video_gray_live video_gray_live 
INFO: [HLS 200-1510] Running: csynth_design 
INFO: [HLS 200-111] Finished File checks and directory preparation: CPU user time: 0 seconds. CPU system time: 0 seconds. Elapsed time: 0.046 seconds; current allocated memory: 109.676 MB.
INFO: [HLS 200-10] Analyzing design file 'video_gray_live.cpp' ... 
INFO: [HLS 200-111] Finished Source Code Analysis and Preprocessing: CPU user time: 0 seconds. CPU system time: 1 seconds. Elapsed time: 3.076 seconds; current allocated memory: 111.941 MB.
INFO: [HLS 200-777] Using interface defaults for 'Vivado' flow target.
INFO: [HLS 200-1995] There were 799 instructions in the design after the 'Compile/Link' phase of compilation. See the Design Size Report for more details: C:/selected_topics_hdmi/pyzq/hw/hls_gray_ip/video_gray_live_prj/solution1/syn/report/csynth_design_size.rpt
INFO: [HLS 200-1995] There were 179 instructions in the design after the 'Unroll/Inline (step 1)' phase of compilation. See the Design Size Report for more details: C:/selected_topics_hdmi/pyzq/hw/hls_gray_ip/video_gray_live_prj/solution1/syn/report/csynth_design_size.rpt
INFO: [HLS 200-1995] There were 136 instructions in the design after the 'Unroll/Inline (step 2)' phase of compilation. See the Design Size Report for more details: C:/selected_topics_hdmi/pyzq/hw/hls_gray_ip/video_gray_live_prj/solution1/syn/report/csynth_design_size.rpt
INFO: [HLS 200-1995] There were 135 instructions in the design after the 'Unroll/Inline (step 3)' phase of compilation. See the Design Size Report for more details: C:/selected_topics_hdmi/pyzq/hw/hls_gray_ip/video_gray_live_prj/solution1/syn/report/csynth_design_size.rpt
INFO: [HLS 200-1995] There were 135 instructions in the design after the 'Unroll/Inline (step 4)' phase of compilation. See the Design Size Report for more details: C:/selected_topics_hdmi/pyzq/hw/hls_gray_ip/video_gray_live_prj/solution1/syn/report/csynth_design_size.rpt
INFO: [HLS 200-1995] There were 133 instructions in the design after the 'Array/Struct (step 1)' phase of compilation. See the Design Size Report for more details: C:/selected_topics_hdmi/pyzq/hw/hls_gray_ip/video_gray_live_prj/solution1/syn/report/csynth_design_size.rpt
INFO: [HLS 200-1995] There were 133 instructions in the design after the 'Array/Struct (step 2)' phase of compilation. See the Design Size Report for more details: C:/selected_topics_hdmi/pyzq/hw/hls_gray_ip/video_gray_live_prj/solution1/syn/report/csynth_design_size.rpt
INFO: [HLS 200-1995] There were 133 instructions in the design after the 'Array/Struct (step 3)' phase of compilation. See the Design Size Report for more details: C:/selected_topics_hdmi/pyzq/hw/hls_gray_ip/video_gray_live_prj/solution1/syn/report/csynth_design_size.rpt
INFO: [HLS 200-1995] There were 133 instructions in the design after the 'Array/Struct (step 4)' phase of compilation. See the Design Size Report for more details: C:/selected_topics_hdmi/pyzq/hw/hls_gray_ip/video_gray_live_prj/solution1/syn/report/csynth_design_size.rpt
INFO: [HLS 200-1995] There were 245 instructions in the design after the 'Array/Struct (step 5)' phase of compilation. See the Design Size Report for more details: C:/selected_topics_hdmi/pyzq/hw/hls_gray_ip/video_gray_live_prj/solution1/syn/report/csynth_design_size.rpt
INFO: [HLS 200-1995] There were 259 instructions in the design after the 'Performance (step 1)' phase of compilation. See the Design Size Report for more details: C:/selected_topics_hdmi/pyzq/hw/hls_gray_ip/video_gray_live_prj/solution1/syn/report/csynth_design_size.rpt
INFO: [HLS 200-1995] There were 245 instructions in the design after the 'Performance (step 2)' phase of compilation. See the Design Size Report for more details: C:/selected_topics_hdmi/pyzq/hw/hls_gray_ip/video_gray_live_prj/solution1/syn/report/csynth_design_size.rpt
INFO: [HLS 200-1995] There were 147 instructions in the design after the 'Performance (step 3)' phase of compilation. See the Design Size Report for more details: C:/selected_topics_hdmi/pyzq/hw/hls_gray_ip/video_gray_live_prj/solution1/syn/report/csynth_design_size.rpt
INFO: [HLS 200-1995] There were 147 instructions in the design after the 'Performance (step 4)' phase of compilation. See the Design Size Report for more details: C:/selected_topics_hdmi/pyzq/hw/hls_gray_ip/video_gray_live_prj/solution1/syn/report/csynth_design_size.rpt
INFO: [HLS 200-1995] There were 107 instructions in the design after the 'HW Transforms (step 1)' phase of compilation. See the Design Size Report for more details: C:/selected_topics_hdmi/pyzq/hw/hls_gray_ip/video_gray_live_prj/solution1/syn/report/csynth_design_size.rpt
INFO: [HLS 200-1995] There were 81 instructions in the design after the 'HW Transforms (step 2)' phase of compilation. See the Design Size Report for more details: C:/selected_topics_hdmi/pyzq/hw/hls_gray_ip/video_gray_live_prj/solution1/syn/report/csynth_design_size.rpt
INFO: [HLS 200-111] Finished Compiling Optimization and Transform: CPU user time: 0 seconds. CPU system time: 0 seconds. Elapsed time: 8.224 seconds; current allocated memory: 114.105 MB.
INFO: [HLS 200-111] Finished Checking Pragmas: CPU user time: 0 seconds. CPU system time: 0 seconds. Elapsed time: 0.002 seconds; current allocated memory: 114.105 MB.
INFO: [HLS 200-10] Starting code transformations ...
INFO: [HLS 200-111] Finished Standard Transforms: CPU user time: 0 seconds. CPU system time: 0 seconds. Elapsed time: 0.112 seconds; current allocated memory: 118.812 MB.
INFO: [HLS 200-10] Checking synthesizability ...
INFO: [HLS 200-111] Finished Checking Synthesizability: CPU user time: 0 seconds. CPU system time: 0 seconds. Elapsed time: 0.03 seconds; current allocated memory: 120.426 MB.
INFO: [HLS 200-111] Finished Loop, function and other optimizations: CPU user time: 0 seconds. CPU system time: 0 seconds. Elapsed time: 0.067 seconds; current allocated memory: 141.559 MB.
WARNING: [XFORM 203-561] 'VITIS_LOOP_27_1' (video_gray_live.cpp:27:22) in function 'video_gray_live' is an infinite loop.
INFO: [HLS 200-111] Finished Architecture Synthesis: CPU user time: 0 seconds. CPU system time: 0 seconds. Elapsed time: 0.062 seconds; current allocated memory: 141.566 MB.
INFO: [HLS 200-10] Starting hardware synthesis ...
INFO: [HLS 200-10] Synthesizing 'video_gray_live' ...
INFO: [HLS 200-10] ----------------------------------------------------------------
INFO: [HLS 200-42] -- Implementing module 'video_gray_live' 
INFO: [HLS 200-10] ----------------------------------------------------------------
INFO: [SCHED 204-11] Starting scheduling ...
INFO: [SCHED 204-61] Pipelining loop 'VITIS_LOOP_27_1'.
INFO: [HLS 200-1470] Pipelining result : Target II = 1, Final II = 1, Depth = 3, loop 'VITIS_LOOP_27_1'
INFO: [SCHED 204-11] Finished scheduling.
INFO: [HLS 200-111] Finished Scheduling: CPU user time: 1 seconds. CPU system time: 0 seconds. Elapsed time: 0.565 seconds; current allocated memory: 141.566 MB.
INFO: [BIND 205-100] Starting micro-architecture generation ...
INFO: [BIND 205-101] Performing variable lifetime analysis.
INFO: [BIND 205-101] Exploring resource sharing.
INFO: [BIND 205-101] Binding ...
INFO: [BIND 205-100] Finished micro-architecture generation.
INFO: [HLS 200-111] Finished Binding: CPU user time: 0 seconds. CPU system time: 0 seconds. Elapsed time: 0.055 seconds; current allocated memory: 141.688 MB.
INFO: [HLS 200-10] ----------------------------------------------------------------
INFO: [HLS 200-10] -- Generating RTL for module 'video_gray_live' 
INFO: [HLS 200-10] ----------------------------------------------------------------
WARNING: [RTGEN 206-101] Design contains AXI ports. Reset is fixed to synchronous and active low.
INFO: [RTGEN 206-500] Setting interface mode on port 'video_gray_live/in_stream_V_data_V' to 'axis' (register, both mode).
INFO: [RTGEN 206-500] Setting interface mode on port 'video_gray_live/in_stream_V_keep_V' to 'axis' (register, both mode).
INFO: [RTGEN 206-500] Setting interface mode on port 'video_gray_live/in_stream_V_strb_V' to 'axis' (register, both mode).
INFO: [RTGEN 206-500] Setting interface mode on port 'video_gray_live/in_stream_V_user_V' to 'axis' (register, both mode).
INFO: [RTGEN 206-500] Setting interface mode on port 'video_gray_live/in_stream_V_last_V' to 'axis' (register, both mode).
INFO: [RTGEN 206-500] Setting interface mode on port 'video_gray_live/in_stream_V_id_V' to 'axis' (register, both mode).
INFO: [RTGEN 206-500] Setting interface mode on port 'video_gray_live/in_stream_V_dest_V' to 'axis' (register, both mode).
INFO: [RTGEN 206-500] Setting interface mode on port 'video_gray_live/out_stream_V_data_V' to 'axis' (register, both mode).
INFO: [RTGEN 206-500] Setting interface mode on port 'video_gray_live/out_stream_V_keep_V' to 'axis' (register, both mode).
INFO: [RTGEN 206-500] Setting interface mode on port 'video_gray_live/out_stream_V_strb_V' to 'axis' (register, both mode).
INFO: [RTGEN 206-500] Setting interface mode on port 'video_gray_live/out_stream_V_user_V' to 'axis' (register, both mode).
INFO: [RTGEN 206-500] Setting interface mode on port 'video_gray_live/out_stream_V_last_V' to 'axis' (register, both mode).
INFO: [RTGEN 206-500] Setting interface mode on port 'video_gray_live/out_stream_V_id_V' to 'axis' (register, both mode).
INFO: [RTGEN 206-500] Setting interface mode on port 'video_gray_live/out_stream_V_dest_V' to 'axis' (register, both mode).
INFO: [RTGEN 206-500] Setting interface mode on function 'video_gray_live' to 'ap_ctrl_none'.
INFO: [RTGEN 206-100] Finished creating RTL model for 'video_gray_live'.
INFO: [RTMG 210-278] Implementing memory 'video_gray_live_prev_frame_RAM_2P_BRAM_1R1W' using block RAMs.
INFO: [HLS 200-111] Finished Creating RTL model: CPU user time: 0 seconds. CPU system time: 0 seconds. Elapsed time: 0.343 seconds; current allocated memory: 149.582 MB.
INFO: [HLS 200-111] Finished Generating all RTL models: CPU user time: 0 seconds. CPU system time: 0 seconds. Elapsed time: 0.344 seconds; current allocated memory: 149.691 MB.
INFO: [HLS 200-111] Finished Updating report files: CPU user time: 0 seconds. CPU system time: 0 seconds. Elapsed time: 0.496 seconds; current allocated memory: 154.902 MB.
INFO: [VHDL 208-304] Generating VHDL RTL for video_gray_live.
INFO: [VLOG 209-307] Generating Verilog RTL for video_gray_live.
INFO: [HLS 200-790] **** Loop Constraint Status: All loop constraints were satisfied.
INFO: [HLS 200-789] **** Estimated Fmax: 160.26 MHz
INFO: [HLS 200-111] Finished Command csynth_design CPU user time: 1 seconds. CPU system time: 1 seconds. Elapsed time: 13.45 seconds; current allocated memory: 45.344 MB.
==============================================================
Vitis HLS - High-Level Synthesis from C, C++ and OpenCL v2023.2 (64-bit)
Tool Version Limit: 2023.10
Copyright 1986-2022 Xilinx, Inc. All Rights Reserved.
Copyright 2022-2023 Advanced Micro Devices, Inc. All Rights Reserved.

==============================================================
INFO: [SYN 201-201] Setting up clock 'default' with a period of 10ns.
INFO: [HLS 200-1611] Setting target device to 'xc7z020-clg400-1'
INFO: [HLS 200-1505] Using flow_target 'vivado'
INFO: [HLS 200-1464] Running solution command: config_export -format=ip_catalog
INFO: [HLS 200-1464] Running solution command: config_export -output=C:/selected_topics_hdmi/pyzq/hw/hls_gray_ip/hls_export
INFO: [HLS 200-1464] Running solution command: config_export -rtl=verilog
INFO: [HLS 200-1510] Running: set_part xc7z020-clg400-1 
INFO: [HLS 200-1510] Running: create_clock -period 10 -name default 
INFO: [HLS 200-1510] Running: config_export -format ip_catalog -output C:/selected_topics_hdmi/pyzq/hw/hls_gray_ip/hls_export -rtl verilog 
INFO: [HLS 200-1510] Running: source ./video_gray_live_prj/solution1/directives.tcl
INFO: [HLS 200-1510] Running: set_directive_top -name video_gray_live video_gray_live 
INFO: [HLS 200-1510] Running: export_design -rtl verilog -format ip_catalog -output C:/selected_topics_hdmi/pyzq/hw/hls_gray_ip/hls_export 
INFO: [IMPL 213-8] Exporting RTL as a Vivado IP.
INFO: [HLS 200-802] Generated output file hls_export/export.zip
INFO: [HLS 200-111] Finished Command export_design CPU user time: 0 seconds. CPU system time: 0 seconds. Elapsed time: 9.307 seconds; current allocated memory: 7.535 MB.
==============================================================
Vitis HLS - High-Level Synthesis from C, C++ and OpenCL v2023.2 (64-bit)
Tool Version Limit: 2023.10
Copyright 1986-2022 Xilinx, Inc. All Rights Reserved.
Copyright 2022-2023 Advanced Micro Devices, Inc. All Rights Reserved.

==============================================================
INFO: [SYN 201-201] Setting up clock 'default' with a period of 10ns.
INFO: [HLS 200-1611] Setting target device to 'xc7z020-clg400-1'
INFO: [HLS 200-1505] Using flow_target 'vivado'
INFO: [HLS 200-1464] Running solution command: config_export -format=ip_catalog
INFO: [HLS 200-1464] Running solution command: config_export -output=C:/selected_topics_hdmi/pyzq/hw/hls_gray_ip/hls_export
INFO: [HLS 200-1464] Running solution command: config_export -rtl=verilog
INFO: [HLS 200-1510] Running: set_part xc7z020-clg400-1 
INFO: [HLS 200-1510] Running: create_clock -period 10 -name default 
INFO: [HLS 200-1510] Running: config_export -format ip_catalog -output C:/selected_topics_hdmi/pyzq/hw/hls_gray_ip/hls_export -rtl verilog 
INFO: [HLS 200-1510] Running: source ./video_gray_live_prj/solution1/directives.tcl
INFO: [HLS 200-1510] Running: set_directive_top -name video_gray_live video_gray_live 
INFO: [HLS 200-1510] Running: csynth_design 
INFO: [HLS 200-111] Finished File checks and directory preparation: CPU user time: 0 seconds. CPU system time: 0 seconds. Elapsed time: 0.046 seconds; current allocated memory: 110.391 MB.
INFO: [HLS 200-10] Analyzing design file 'video_gray_live.cpp' ... 
INFO: [HLS 200-111] Finished Source Code Analysis and Preprocessing: CPU user time: 0 seconds. CPU system time: 0 seconds. Elapsed time: 2.954 seconds; current allocated memory: 112.340 MB.
INFO: [HLS 200-777] Using interface defaults for 'Vivado' flow target.
INFO: [HLS 200-1995] There were 1,479 instructions in the design after the 'Compile/Link' phase of compilation. See the Design Size Report for more details: C:/selected_topics_hdmi/pyzq/hw/hls_gray_ip/video_gray_live_prj/solution1/syn/report/csynth_design_size.rpt
INFO: [HLS 200-1995] There were 216 instructions in the design after the 'Unroll/Inline (step 1)' phase of compilation. See the Design Size Report for more details: C:/selected_topics_hdmi/pyzq/hw/hls_gray_ip/video_gray_live_prj/solution1/syn/report/csynth_design_size.rpt
INFO: [HLS 200-1995] There were 168 instructions in the design after the 'Unroll/Inline (step 2)' phase of compilation. See the Design Size Report for more details: C:/selected_topics_hdmi/pyzq/hw/hls_gray_ip/video_gray_live_prj/solution1/syn/report/csynth_design_size.rpt
INFO: [HLS 200-1995] There were 168 instructions in the design after the 'Unroll/Inline (step 3)' phase of compilation. See the Design Size Report for more details: C:/selected_topics_hdmi/pyzq/hw/hls_gray_ip/video_gray_live_prj/solution1/syn/report/csynth_design_size.rpt
INFO: [HLS 200-1995] There were 168 instructions in the design after the 'Unroll/Inline (step 4)' phase of compilation. See the Design Size Report for more details: C:/selected_topics_hdmi/pyzq/hw/hls_gray_ip/video_gray_live_prj/solution1/syn/report/csynth_design_size.rpt
INFO: [HLS 200-1995] There were 165 instructions in the design after the 'Array/Struct (step 1)' phase of compilation. See the Design Size Report for more details: C:/selected_topics_hdmi/pyzq/hw/hls_gray_ip/video_gray_live_prj/solution1/syn/report/csynth_design_size.rpt
INFO: [HLS 200-1995] There were 165 instructions in the design after the 'Array/Struct (step 2)' phase of compilation. See the Design Size Report for more details: C:/selected_topics_hdmi/pyzq/hw/hls_gray_ip/video_gray_live_prj/solution1/syn/report/csynth_design_size.rpt
INFO: [HLS 200-1995] There were 165 instructions in the design after the 'Array/Struct (step 3)' phase of compilation. See the Design Size Report for more details: C:/selected_topics_hdmi/pyzq/hw/hls_gray_ip/video_gray_live_prj/solution1/syn/report/csynth_design_size.rpt
INFO: [HLS 200-1995] There were 165 instructions in the design after the 'Array/Struct (step 4)' phase of compilation. See the Design Size Report for more details: C:/selected_topics_hdmi/pyzq/hw/hls_gray_ip/video_gray_live_prj/solution1/syn/report/csynth_design_size.rpt
INFO: [HLS 200-1995] There were 277 instructions in the design after the 'Array/Struct (step 5)' phase of compilation. See the Design Size Report for more details: C:/selected_topics_hdmi/pyzq/hw/hls_gray_ip/video_gray_live_prj/solution1/syn/report/csynth_design_size.rpt
INFO: [HLS 200-1995] There were 291 instructions in the design after the 'Performance (step 1)' phase of compilation. See the Design Size Report for more details: C:/selected_topics_hdmi/pyzq/hw/hls_gray_ip/video_gray_live_prj/solution1/syn/report/csynth_design_size.rpt
INFO: [HLS 200-1995] There were 277 instructions in the design after the 'Performance (step 2)' phase of compilation. See the Design Size Report for more details: C:/selected_topics_hdmi/pyzq/hw/hls_gray_ip/video_gray_live_prj/solution1/syn/report/csynth_design_size.rpt
INFO: [HLS 200-1995] There were 178 instructions in the design after the 'Performance (step 3)' phase of compilation. See the Design Size Report for more details: C:/selected_topics_hdmi/pyzq/hw/hls_gray_ip/video_gray_live_prj/solution1/syn/report/csynth_design_size.rpt
INFO: [HLS 200-1995] There were 178 instructions in the design after the 'Performance (step 4)' phase of compilation. See the Design Size Report for more details: C:/selected_topics_hdmi/pyzq/hw/hls_gray_ip/video_gray_live_prj/solution1/syn/report/csynth_design_size.rpt
INFO: [HLS 200-1995] There were 138 instructions in the design after the 'HW Transforms (step 1)' phase of compilation. See the Design Size Report for more details: C:/selected_topics_hdmi/pyzq/hw/hls_gray_ip/video_gray_live_prj/solution1/syn/report/csynth_design_size.rpt
INFO: [HLS 200-1995] There were 112 instructions in the design after the 'HW Transforms (step 2)' phase of compilation. See the Design Size Report for more details: C:/selected_topics_hdmi/pyzq/hw/hls_gray_ip/video_gray_live_prj/solution1/syn/report/csynth_design_size.rpt
INFO: [HLS 200-111] Finished Compiling Optimization and Transform: CPU user time: 0 seconds. CPU system time: 0 seconds. Elapsed time: 8.003 seconds; current allocated memory: 114.488 MB.
INFO: [HLS 200-111] Finished Checking Pragmas: CPU user time: 0 seconds. CPU system time: 0 seconds. Elapsed time: 0.001 seconds; current allocated memory: 114.492 MB.
INFO: [HLS 200-10] Starting code transformations ...
INFO: [HLS 200-111] Finished Standard Transforms: CPU user time: 0 seconds. CPU system time: 0 seconds. Elapsed time: 0.099 seconds; current allocated memory: 119.578 MB.
INFO: [HLS 200-10] Checking synthesizability ...
INFO: [HLS 200-111] Finished Checking Synthesizability: CPU user time: 0 seconds. CPU system time: 0 seconds. Elapsed time: 0.023 seconds; current allocated memory: 121.285 MB.
INFO: [HLS 200-111] Finished Loop, function and other optimizations: CPU user time: 0 seconds. CPU system time: 0 seconds. Elapsed time: 0.051 seconds; current allocated memory: 143.125 MB.
WARNING: [XFORM 203-561] 'VITIS_LOOP_33_1' (video_gray_live.cpp:33:22) in function 'video_gray_live' is an infinite loop.
INFO: [HLS 200-111] Finished Architecture Synthesis: CPU user time: 0 seconds. CPU system time: 0 seconds. Elapsed time: 0.049 seconds; current allocated memory: 143.129 MB.
INFO: [HLS 200-10] Starting hardware synthesis ...
INFO: [HLS 200-10] Synthesizing 'video_gray_live' ...
INFO: [HLS 200-10] ----------------------------------------------------------------
INFO: [HLS 200-42] -- Implementing module 'video_gray_live' 
INFO: [HLS 200-10] ----------------------------------------------------------------
INFO: [SCHED 204-11] Starting scheduling ...
INFO: [SCHED 204-61] Pipelining loop 'VITIS_LOOP_33_1'.
INFO: [HLS 200-1470] Pipelining result : Target II = 1, Final II = 1, Depth = 5, loop 'VITIS_LOOP_33_1'
INFO: [SCHED 204-11] Finished scheduling.
INFO: [HLS 200-111] Finished Scheduling: CPU user time: 0 seconds. CPU system time: 0 seconds. Elapsed time: 0.554 seconds; current allocated memory: 143.129 MB.
INFO: [BIND 205-100] Starting micro-architecture generation ...
INFO: [BIND 205-101] Performing variable lifetime analysis.
INFO: [BIND 205-101] Exploring resource sharing.
INFO: [BIND 205-101] Binding ...
INFO: [BIND 205-100] Finished micro-architecture generation.
INFO: [HLS 200-111] Finished Binding: CPU user time: 0 seconds. CPU system time: 0 seconds. Elapsed time: 0.039 seconds; current allocated memory: 143.348 MB.
INFO: [HLS 200-10] ----------------------------------------------------------------
INFO: [HLS 200-10] -- Generating RTL for module 'video_gray_live' 
INFO: [HLS 200-10] ----------------------------------------------------------------
WARNING: [RTGEN 206-101] Design contains AXI ports. Reset is fixed to synchronous and active low.
INFO: [RTGEN 206-500] Setting interface mode on port 'video_gray_live/in_stream_V_data_V' to 'axis' (register, both mode).
INFO: [RTGEN 206-500] Setting interface mode on port 'video_gray_live/in_stream_V_keep_V' to 'axis' (register, both mode).
INFO: [RTGEN 206-500] Setting interface mode on port 'video_gray_live/in_stream_V_strb_V' to 'axis' (register, both mode).
INFO: [RTGEN 206-500] Setting interface mode on port 'video_gray_live/in_stream_V_user_V' to 'axis' (register, both mode).
INFO: [RTGEN 206-500] Setting interface mode on port 'video_gray_live/in_stream_V_last_V' to 'axis' (register, both mode).
INFO: [RTGEN 206-500] Setting interface mode on port 'video_gray_live/in_stream_V_id_V' to 'axis' (register, both mode).
INFO: [RTGEN 206-500] Setting interface mode on port 'video_gray_live/in_stream_V_dest_V' to 'axis' (register, both mode).
INFO: [RTGEN 206-500] Setting interface mode on port 'video_gray_live/out_stream_V_data_V' to 'axis' (register, both mode).
INFO: [RTGEN 206-500] Setting interface mode on port 'video_gray_live/out_stream_V_keep_V' to 'axis' (register, both mode).
INFO: [RTGEN 206-500] Setting interface mode on port 'video_gray_live/out_stream_V_strb_V' to 'axis' (register, both mode).
INFO: [RTGEN 206-500] Setting interface mode on port 'video_gray_live/out_stream_V_user_V' to 'axis' (register, both mode).
INFO: [RTGEN 206-500] Setting interface mode on port 'video_gray_live/out_stream_V_last_V' to 'axis' (register, both mode).
INFO: [RTGEN 206-500] Setting interface mode on port 'video_gray_live/out_stream_V_id_V' to 'axis' (register, both mode).
INFO: [RTGEN 206-500] Setting interface mode on port 'video_gray_live/out_stream_V_dest_V' to 'axis' (register, both mode).
INFO: [RTGEN 206-500] Setting interface mode on function 'video_gray_live' to 'ap_ctrl_none'.
INFO: [RTGEN 206-100] Finished creating RTL model for 'video_gray_live'.
INFO: [RTMG 210-278] Implementing memory 'video_gray_live_prev_frame_RAM_2P_BRAM_1R1W' using block RAMs.
INFO: [HLS 200-111] Finished Creating RTL model: CPU user time: 0 seconds. CPU system time: 0 seconds. Elapsed time: 0.091 seconds; current allocated memory: 146.621 MB.
INFO: [HLS 200-111] Finished Generating all RTL models: CPU user time: 0 seconds. CPU system time: 0 seconds. Elapsed time: 0.252 seconds; current allocated memory: 151.879 MB.
INFO: [HLS 200-111] Finished Updating report files: CPU user time: 1 seconds. CPU system time: 0 seconds. Elapsed time: 0.255 seconds; current allocated memory: 156.586 MB.
INFO: [VHDL 208-304] Generating VHDL RTL for video_gray_live.
INFO: [VLOG 209-307] Generating Verilog RTL for video_gray_live.
INFO: [HLS 200-790] **** Loop Constraint Status: All loop constraints were satisfied.
INFO: [HLS 200-789] **** Estimated Fmax: 171.82 MHz
INFO: [HLS 200-111] Finished Command csynth_design CPU user time: 1 seconds. CPU system time: 0 seconds. Elapsed time: 12.435 seconds; current allocated memory: 46.320 MB.
==============================================================
Vitis HLS - High-Level Synthesis from C, C++ and OpenCL v2023.2 (64-bit)
Tool Version Limit: 2023.10
Copyright 1986-2022 Xilinx, Inc. All Rights Reserved.
Copyright 2022-2023 Advanced Micro Devices, Inc. All Rights Reserved.

==============================================================
INFO: [SYN 201-201] Setting up clock 'default' with a period of 10ns.
INFO: [HLS 200-1611] Setting target device to 'xc7z020-clg400-1'
INFO: [HLS 200-1505] Using flow_target 'vivado'
INFO: [HLS 200-1464] Running solution command: config_export -format=ip_catalog
INFO: [HLS 200-1464] Running solution command: config_export -output=C:/selected_topics_hdmi/pyzq/hw/hls_gray_ip/hls_export
INFO: [HLS 200-1464] Running solution command: config_export -rtl=verilog
INFO: [HLS 200-1510] Running: set_part xc7z020-clg400-1 
INFO: [HLS 200-1510] Running: create_clock -period 10 -name default 
INFO: [HLS 200-1510] Running: config_export -format ip_catalog -output C:/selected_topics_hdmi/pyzq/hw/hls_gray_ip/hls_export -rtl verilog 
INFO: [HLS 200-1510] Running: source ./video_gray_live_prj/solution1/directives.tcl
INFO: [HLS 200-1510] Running: set_directive_top -name video_gray_live video_gray_live 
INFO: [HLS 200-1510] Running: csynth_design 
INFO: [HLS 200-111] Finished File checks and directory preparation: CPU user time: 0 seconds. CPU system time: 0 seconds. Elapsed time: 0.044 seconds; current allocated memory: 110.227 MB.
INFO: [HLS 200-10] Analyzing design file 'video_gray_live.cpp' ... 
INFO: [HLS 200-111] Finished Source Code Analysis and Preprocessing: CPU user time: 0 seconds. CPU system time: 0 seconds. Elapsed time: 2.491 seconds; current allocated memory: 112.410 MB.
INFO: [HLS 200-777] Using interface defaults for 'Vivado' flow target.
INFO: [HLS 200-1995] There were 1,433 instructions in the design after the 'Compile/Link' phase of compilation. See the Design Size Report for more details: C:/selected_topics_hdmi/pyzq/hw/hls_gray_ip/video_gray_live_prj/solution1/syn/report/csynth_design_size.rpt
INFO: [HLS 200-1995] There were 212 instructions in the design after the 'Unroll/Inline (step 1)' phase of compilation. See the Design Size Report for more details: C:/selected_topics_hdmi/pyzq/hw/hls_gray_ip/video_gray_live_prj/solution1/syn/report/csynth_design_size.rpt
INFO: [HLS 200-1995] There were 167 instructions in the design after the 'Unroll/Inline (step 2)' phase of compilation. See the Design Size Report for more details: C:/selected_topics_hdmi/pyzq/hw/hls_gray_ip/video_gray_live_prj/solution1/syn/report/csynth_design_size.rpt
INFO: [HLS 200-1995] There were 167 instructions in the design after the 'Unroll/Inline (step 3)' phase of compilation. See the Design Size Report for more details: C:/selected_topics_hdmi/pyzq/hw/hls_gray_ip/video_gray_live_prj/solution1/syn/report/csynth_design_size.rpt
INFO: [HLS 200-1995] There were 167 instructions in the design after the 'Unroll/Inline (step 4)' phase of compilation. See the Design Size Report for more details: C:/selected_topics_hdmi/pyzq/hw/hls_gray_ip/video_gray_live_prj/solution1/syn/report/csynth_design_size.rpt
INFO: [HLS 200-1995] There were 164 instructions in the design after the 'Array/Struct (step 1)' phase of compilation. See the Design Size Report for more details: C:/selected_topics_hdmi/pyzq/hw/hls_gray_ip/video_gray_live_prj/solution1/syn/report/csynth_design_size.rpt
INFO: [HLS 200-1995] There were 164 instructions in the design after the 'Array/Struct (step 2)' phase of compilation. See the Design Size Report for more details: C:/selected_topics_hdmi/pyzq/hw/hls_gray_ip/video_gray_live_prj/solution1/syn/report/csynth_design_size.rpt
INFO: [HLS 200-1995] There were 164 instructions in the design after the 'Array/Struct (step 3)' phase of compilation. See the Design Size Report for more details: C:/selected_topics_hdmi/pyzq/hw/hls_gray_ip/video_gray_live_prj/solution1/syn/report/csynth_design_size.rpt
INFO: [HLS 200-1995] There were 164 instructions in the design after the 'Array/Struct (step 4)' phase of compilation. See the Design Size Report for more details: C:/selected_topics_hdmi/pyzq/hw/hls_gray_ip/video_gray_live_prj/solution1/syn/report/csynth_design_size.rpt
INFO: [HLS 200-1995] There were 276 instructions in the design after the 'Array/Struct (step 5)' phase of compilation. See the Design Size Report for more details: C:/selected_topics_hdmi/pyzq/hw/hls_gray_ip/video_gray_live_prj/solution1/syn/report/csynth_design_size.rpt
INFO: [HLS 200-1995] There were 290 instructions in the design after the 'Performance (step 1)' phase of compilation. See the Design Size Report for more details: C:/selected_topics_hdmi/pyzq/hw/hls_gray_ip/video_gray_live_prj/solution1/syn/report/csynth_design_size.rpt
INFO: [HLS 200-1995] There were 276 instructions in the design after the 'Performance (step 2)' phase of compilation. See the Design Size Report for more details: C:/selected_topics_hdmi/pyzq/hw/hls_gray_ip/video_gray_live_prj/solution1/syn/report/csynth_design_size.rpt
INFO: [HLS 200-1995] There were 177 instructions in the design after the 'Performance (step 3)' phase of compilation. See the Design Size Report for more details: C:/selected_topics_hdmi/pyzq/hw/hls_gray_ip/video_gray_live_prj/solution1/syn/report/csynth_design_size.rpt
INFO: [HLS 200-1995] There were 177 instructions in the design after the 'Performance (step 4)' phase of compilation. See the Design Size Report for more details: C:/selected_topics_hdmi/pyzq/hw/hls_gray_ip/video_gray_live_prj/solution1/syn/report/csynth_design_size.rpt
INFO: [HLS 200-1995] There were 137 instructions in the design after the 'HW Transforms (step 1)' phase of compilation. See the Design Size Report for more details: C:/selected_topics_hdmi/pyzq/hw/hls_gray_ip/video_gray_live_prj/solution1/syn/report/csynth_design_size.rpt
INFO: [HLS 200-1995] There were 111 instructions in the design after the 'HW Transforms (step 2)' phase of compilation. See the Design Size Report for more details: C:/selected_topics_hdmi/pyzq/hw/hls_gray_ip/video_gray_live_prj/solution1/syn/report/csynth_design_size.rpt
INFO: [HLS 200-111] Finished Compiling Optimization and Transform: CPU user time: 0 seconds. CPU system time: 0 seconds. Elapsed time: 7.829 seconds; current allocated memory: 114.711 MB.
INFO: [HLS 200-111] Finished Checking Pragmas: CPU user time: 0 seconds. CPU system time: 0 seconds. Elapsed time: 0.001 seconds; current allocated memory: 114.711 MB.
INFO: [HLS 200-10] Starting code transformations ...
INFO: [HLS 200-111] Finished Standard Transforms: CPU user time: 0 seconds. CPU system time: 0 seconds. Elapsed time: 0.011 seconds; current allocated memory: 119.559 MB.
INFO: [HLS 200-10] Checking synthesizability ...
INFO: [HLS 200-111] Finished Checking Synthesizability: CPU user time: 0 seconds. CPU system time: 0 seconds. Elapsed time: 0.009 seconds; current allocated memory: 121.262 MB.
INFO: [HLS 200-111] Finished Loop, function and other optimizations: CPU user time: 0 seconds. CPU system time: 1 seconds. Elapsed time: 0.03 seconds; current allocated memory: 142.984 MB.
WARNING: [XFORM 203-561] 'VITIS_LOOP_34_1' (video_gray_live.cpp:34:22) in function 'video_gray_live' is an infinite loop.
INFO: [HLS 200-111] Finished Architecture Synthesis: CPU user time: 0 seconds. CPU system time: 0 seconds. Elapsed time: 0.024 seconds; current allocated memory: 142.992 MB.
INFO: [HLS 200-10] Starting hardware synthesis ...
INFO: [HLS 200-10] Synthesizing 'video_gray_live' ...
INFO: [HLS 200-10] ----------------------------------------------------------------
INFO: [HLS 200-42] -- Implementing module 'video_gray_live' 
INFO: [HLS 200-10] ----------------------------------------------------------------
INFO: [SCHED 204-11] Starting scheduling ...
INFO: [SCHED 204-61] Pipelining loop 'VITIS_LOOP_34_1'.
INFO: [HLS 200-1470] Pipelining result : Target II = 1, Final II = 1, Depth = 5, loop 'VITIS_LOOP_34_1'
INFO: [SCHED 204-11] Finished scheduling.
INFO: [HLS 200-111] Finished Scheduling: CPU user time: 0 seconds. CPU system time: 0 seconds. Elapsed time: 0.213 seconds; current allocated memory: 142.992 MB.
INFO: [BIND 205-100] Starting micro-architecture generation ...
INFO: [BIND 205-101] Performing variable lifetime analysis.
INFO: [BIND 205-101] Exploring resource sharing.
INFO: [BIND 205-101] Binding ...
INFO: [BIND 205-100] Finished micro-architecture generation.
INFO: [HLS 200-111] Finished Binding: CPU user time: 0 seconds. CPU system time: 0 seconds. Elapsed time: 0.023 seconds; current allocated memory: 143.297 MB.
INFO: [HLS 200-10] ----------------------------------------------------------------
INFO: [HLS 200-10] -- Generating RTL for module 'video_gray_live' 
INFO: [HLS 200-10] ----------------------------------------------------------------
WARNING: [RTGEN 206-101] Design contains AXI ports. Reset is fixed to synchronous and active low.
INFO: [RTGEN 206-500] Setting interface mode on port 'video_gray_live/in_stream_V_data_V' to 'axis' (register, both mode).
INFO: [RTGEN 206-500] Setting interface mode on port 'video_gray_live/in_stream_V_keep_V' to 'axis' (register, both mode).
INFO: [RTGEN 206-500] Setting interface mode on port 'video_gray_live/in_stream_V_strb_V' to 'axis' (register, both mode).
INFO: [RTGEN 206-500] Setting interface mode on port 'video_gray_live/in_stream_V_user_V' to 'axis' (register, both mode).
INFO: [RTGEN 206-500] Setting interface mode on port 'video_gray_live/in_stream_V_last_V' to 'axis' (register, both mode).
INFO: [RTGEN 206-500] Setting interface mode on port 'video_gray_live/in_stream_V_id_V' to 'axis' (register, both mode).
INFO: [RTGEN 206-500] Setting interface mode on port 'video_gray_live/in_stream_V_dest_V' to 'axis' (register, both mode).
INFO: [RTGEN 206-500] Setting interface mode on port 'video_gray_live/out_stream_V_data_V' to 'axis' (register, both mode).
INFO: [RTGEN 206-500] Setting interface mode on port 'video_gray_live/out_stream_V_keep_V' to 'axis' (register, both mode).
INFO: [RTGEN 206-500] Setting interface mode on port 'video_gray_live/out_stream_V_strb_V' to 'axis' (register, both mode).
INFO: [RTGEN 206-500] Setting interface mode on port 'video_gray_live/out_stream_V_user_V' to 'axis' (register, both mode).
INFO: [RTGEN 206-500] Setting interface mode on port 'video_gray_live/out_stream_V_last_V' to 'axis' (register, both mode).
INFO: [RTGEN 206-500] Setting interface mode on port 'video_gray_live/out_stream_V_id_V' to 'axis' (register, both mode).
INFO: [RTGEN 206-500] Setting interface mode on port 'video_gray_live/out_stream_V_dest_V' to 'axis' (register, both mode).
INFO: [RTGEN 206-500] Setting interface mode on function 'video_gray_live' to 'ap_ctrl_none'.
INFO: [RTGEN 206-100] Finished creating RTL model for 'video_gray_live'.
INFO: [RTMG 210-278] Implementing memory 'video_gray_live_prev_frame_RAM_2P_BRAM_1R1W' using block RAMs.
INFO: [HLS 200-111] Finished Creating RTL model: CPU user time: 0 seconds. CPU system time: 0 seconds. Elapsed time: 0.061 seconds; current allocated memory: 146.633 MB.
INFO: [HLS 200-111] Finished Generating all RTL models: CPU user time: 0 seconds. CPU system time: 0 seconds. Elapsed time: 0.219 seconds; current allocated memory: 151.762 MB.
INFO: [HLS 200-111] Finished Updating report files: CPU user time: 1 seconds. CPU system time: 0 seconds. Elapsed time: 0.261 seconds; current allocated memory: 156.789 MB.
INFO: [VHDL 208-304] Generating VHDL RTL for video_gray_live.
INFO: [VLOG 209-307] Generating Verilog RTL for video_gray_live.
INFO: [HLS 200-790] **** Loop Constraint Status: All loop constraints were satisfied.
INFO: [HLS 200-789] **** Estimated Fmax: 171.82 MHz
INFO: [HLS 200-111] Finished Command csynth_design CPU user time: 1 seconds. CPU system time: 1 seconds. Elapsed time: 11.232 seconds; current allocated memory: 46.668 MB.
==============================================================
Vitis HLS - High-Level Synthesis from C, C++ and OpenCL v2023.2 (64-bit)
Tool Version Limit: 2023.10
Copyright 1986-2022 Xilinx, Inc. All Rights Reserved.
Copyright 2022-2023 Advanced Micro Devices, Inc. All Rights Reserved.

==============================================================
INFO: [SYN 201-201] Setting up clock 'default' with a period of 10ns.
INFO: [HLS 200-1611] Setting target device to 'xc7z020-clg400-1'
INFO: [HLS 200-1505] Using flow_target 'vivado'
INFO: [HLS 200-1464] Running solution command: config_export -format=ip_catalog
INFO: [HLS 200-1464] Running solution command: config_export -output=C:/selected_topics_hdmi/pyzq/hw/hls_gray_ip/hls_export
INFO: [HLS 200-1464] Running solution command: config_export -rtl=verilog
INFO: [HLS 200-1510] Running: set_part xc7z020-clg400-1 
INFO: [HLS 200-1510] Running: create_clock -period 10 -name default 
INFO: [HLS 200-1510] Running: config_export -format ip_catalog -output C:/selected_topics_hdmi/pyzq/hw/hls_gray_ip/hls_export -rtl verilog 
INFO: [HLS 200-1510] Running: source ./video_gray_live_prj/solution1/directives.tcl
INFO: [HLS 200-1510] Running: set_directive_top -name video_gray_live video_gray_live 
INFO: [HLS 200-1510] Running: export_design -rtl verilog -format ip_catalog -output C:/selected_topics_hdmi/pyzq/hw/hls_gray_ip/hls_export 
INFO: [IMPL 213-8] Exporting RTL as a Vivado IP.
INFO: [HLS 200-802] Generated output file hls_export/export.zip
INFO: [HLS 200-111] Finished Command export_design CPU user time: 0 seconds. CPU system time: 1 seconds. Elapsed time: 8.61 seconds; current allocated memory: 7.539 MB.
==============================================================
Vitis HLS - High-Level Synthesis from C, C++ and OpenCL v2023.2 (64-bit)
Tool Version Limit: 2023.10
Copyright 1986-2022 Xilinx, Inc. All Rights Reserved.
Copyright 2022-2023 Advanced Micro Devices, Inc. All Rights Reserved.

==============================================================
INFO: [SYN 201-201] Setting up clock 'default' with a period of 10ns.
INFO: [HLS 200-1611] Setting target device to 'xc7z020-clg400-1'
INFO: [HLS 200-1505] Using flow_target 'vivado'
INFO: [HLS 200-1464] Running solution command: config_export -format=ip_catalog
INFO: [HLS 200-1464] Running solution command: config_export -output=C:/selected_topics_hdmi/pyzq/hw/hls_gray_ip/hls_export
INFO: [HLS 200-1464] Running solution command: config_export -rtl=verilog
INFO: [HLS 200-1510] Running: set_part xc7z020-clg400-1 
INFO: [HLS 200-1510] Running: create_clock -period 10 -name default 
INFO: [HLS 200-1510] Running: config_export -format ip_catalog -output C:/selected_topics_hdmi/pyzq/hw/hls_gray_ip/hls_export -rtl verilog 
INFO: [HLS 200-1510] Running: source ./video_gray_live_prj/solution1/directives.tcl
INFO: [HLS 200-1510] Running: set_directive_top -name video_gray_live video_gray_live 
INFO: [HLS 200-1510] Running: csynth_design 
INFO: [HLS 200-111] Finished File checks and directory preparation: CPU user time: 0 seconds. CPU system time: 0 seconds. Elapsed time: 0.045 seconds; current allocated memory: 109.668 MB.
INFO: [HLS 200-10] Analyzing design file 'video_gray_live.cpp' ... 
INFO: [HLS 200-111] Finished Source Code Analysis and Preprocessing: CPU user time: 0 seconds. CPU system time: 0 seconds. Elapsed time: 2.781 seconds; current allocated memory: 111.797 MB.
INFO: [HLS 200-777] Using interface defaults for 'Vivado' flow target.
INFO: [HLS 200-1995] There were 1,345 instructions in the design after the 'Compile/Link' phase of compilation. See the Design Size Report for more details: C:/selected_topics_hdmi/pyzq/hw/hls_gray_ip/video_gray_live_prj/solution1/syn/report/csynth_design_size.rpt
INFO: [HLS 200-1995] There were 183 instructions in the design after the 'Unroll/Inline (step 1)' phase of compilation. See the Design Size Report for more details: C:/selected_topics_hdmi/pyzq/hw/hls_gray_ip/video_gray_live_prj/solution1/syn/report/csynth_design_size.rpt
INFO: [HLS 200-1995] There were 114 instructions in the design after the 'Unroll/Inline (step 2)' phase of compilation. See the Design Size Report for more details: C:/selected_topics_hdmi/pyzq/hw/hls_gray_ip/video_gray_live_prj/solution1/syn/report/csynth_design_size.rpt
INFO: [HLS 200-1995] There were 113 instructions in the design after the 'Unroll/Inline (step 3)' phase of compilation. See the Design Size Report for more details: C:/selected_topics_hdmi/pyzq/hw/hls_gray_ip/video_gray_live_prj/solution1/syn/report/csynth_design_size.rpt
INFO: [HLS 200-1995] There were 113 instructions in the design after the 'Unroll/Inline (step 4)' phase of compilation. See the Design Size Report for more details: C:/selected_topics_hdmi/pyzq/hw/hls_gray_ip/video_gray_live_prj/solution1/syn/report/csynth_design_size.rpt
INFO: [HLS 200-1995] There were 113 instructions in the design after the 'Array/Struct (step 1)' phase of compilation. See the Design Size Report for more details: C:/selected_topics_hdmi/pyzq/hw/hls_gray_ip/video_gray_live_prj/solution1/syn/report/csynth_design_size.rpt
INFO: [HLS 200-1995] There were 113 instructions in the design after the 'Array/Struct (step 2)' phase of compilation. See the Design Size Report for more details: C:/selected_topics_hdmi/pyzq/hw/hls_gray_ip/video_gray_live_prj/solution1/syn/report/csynth_design_size.rpt
INFO: [HLS 200-1995] There were 113 instructions in the design after the 'Array/Struct (step 3)' phase of compilation. See the Design Size Report for more details: C:/selected_topics_hdmi/pyzq/hw/hls_gray_ip/video_gray_live_prj/solution1/syn/report/csynth_design_size.rpt
INFO: [HLS 200-1995] There were 113 instructions in the design after the 'Array/Struct (step 4)' phase of compilation. See the Design Size Report for more details: C:/selected_topics_hdmi/pyzq/hw/hls_gray_ip/video_gray_live_prj/solution1/syn/report/csynth_design_size.rpt
INFO: [HLS 200-1995] There were 225 instructions in the design after the 'Array/Struct (step 5)' phase of compilation. See the Design Size Report for more details: C:/selected_topics_hdmi/pyzq/hw/hls_gray_ip/video_gray_live_prj/solution1/syn/report/csynth_design_size.rpt
INFO: [HLS 200-1995] There were 239 instructions in the design after the 'Performance (step 1)' phase of compilation. See the Design Size Report for more details: C:/selected_topics_hdmi/pyzq/hw/hls_gray_ip/video_gray_live_prj/solution1/syn/report/csynth_design_size.rpt
INFO: [HLS 200-1995] There were 225 instructions in the design after the 'Performance (step 2)' phase of compilation. See the Design Size Report for more details: C:/selected_topics_hdmi/pyzq/hw/hls_gray_ip/video_gray_live_prj/solution1/syn/report/csynth_design_size.rpt
INFO: [HLS 200-1995] There were 127 instructions in the design after the 'Performance (step 3)' phase of compilation. See the Design Size Report for more details: C:/selected_topics_hdmi/pyzq/hw/hls_gray_ip/video_gray_live_prj/solution1/syn/report/csynth_design_size.rpt
INFO: [HLS 200-1995] There were 127 instructions in the design after the 'Performance (step 4)' phase of compilation. See the Design Size Report for more details: C:/selected_topics_hdmi/pyzq/hw/hls_gray_ip/video_gray_live_prj/solution1/syn/report/csynth_design_size.rpt
INFO: [HLS 200-1995] There were 87 instructions in the design after the 'HW Transforms (step 1)' phase of compilation. See the Design Size Report for more details: C:/selected_topics_hdmi/pyzq/hw/hls_gray_ip/video_gray_live_prj/solution1/syn/report/csynth_design_size.rpt
INFO: [HLS 200-1995] There were 61 instructions in the design after the 'HW Transforms (step 2)' phase of compilation. See the Design Size Report for more details: C:/selected_topics_hdmi/pyzq/hw/hls_gray_ip/video_gray_live_prj/solution1/syn/report/csynth_design_size.rpt
INFO: [HLS 200-111] Finished Compiling Optimization and Transform: CPU user time: 0 seconds. CPU system time: 0 seconds. Elapsed time: 7.994 seconds; current allocated memory: 114.070 MB.
INFO: [HLS 200-111] Finished Checking Pragmas: CPU user time: 0 seconds. CPU system time: 0 seconds. Elapsed time: 0.001 seconds; current allocated memory: 114.070 MB.
INFO: [HLS 200-10] Starting code transformations ...
INFO: [HLS 200-111] Finished Standard Transforms: CPU user time: 0 seconds. CPU system time: 0 seconds. Elapsed time: 0.092 seconds; current allocated memory: 118.387 MB.
INFO: [HLS 200-10] Checking synthesizability ...
INFO: [HLS 200-111] Finished Checking Synthesizability: CPU user time: 0 seconds. CPU system time: 0 seconds. Elapsed time: 0.022 seconds; current allocated memory: 119.875 MB.
INFO: [HLS 200-111] Finished Loop, function and other optimizations: CPU user time: 0 seconds. CPU system time: 0 seconds. Elapsed time: 0.042 seconds; current allocated memory: 140.957 MB.
WARNING: [XFORM 203-561] 'VITIS_LOOP_31_1' (video_gray_live.cpp:31:22) in function 'video_gray_live' is an infinite loop.
INFO: [HLS 200-111] Finished Architecture Synthesis: CPU user time: 0 seconds. CPU system time: 0 seconds. Elapsed time: 0.044 seconds; current allocated memory: 140.965 MB.
INFO: [HLS 200-10] Starting hardware synthesis ...
INFO: [HLS 200-10] Synthesizing 'video_gray_live' ...
INFO: [HLS 200-10] ----------------------------------------------------------------
INFO: [HLS 200-42] -- Implementing module 'video_gray_live' 
INFO: [HLS 200-10] ----------------------------------------------------------------
INFO: [SCHED 204-11] Starting scheduling ...
INFO: [SCHED 204-61] Pipelining loop 'VITIS_LOOP_31_1'.
INFO: [HLS 200-1470] Pipelining result : Target II = 1, Final II = 1, Depth = 2, loop 'VITIS_LOOP_31_1'
INFO: [SCHED 204-11] Finished scheduling.
INFO: [HLS 200-111] Finished Scheduling: CPU user time: 0 seconds. CPU system time: 0 seconds. Elapsed time: 0.487 seconds; current allocated memory: 140.965 MB.
INFO: [BIND 205-100] Starting micro-architecture generation ...
INFO: [BIND 205-101] Performing variable lifetime analysis.
INFO: [BIND 205-101] Exploring resource sharing.
INFO: [BIND 205-101] Binding ...
INFO: [BIND 205-100] Finished micro-architecture generation.
INFO: [HLS 200-111] Finished Binding: CPU user time: 0 seconds. CPU system time: 0 seconds. Elapsed time: 0.031 seconds; current allocated memory: 140.965 MB.
INFO: [HLS 200-10] ----------------------------------------------------------------
INFO: [HLS 200-10] -- Generating RTL for module 'video_gray_live' 
INFO: [HLS 200-10] ----------------------------------------------------------------
WARNING: [RTGEN 206-101] Design contains AXI ports. Reset is fixed to synchronous and active low.
INFO: [RTGEN 206-500] Setting interface mode on port 'video_gray_live/in_stream_V_data_V' to 'axis' (register, both mode).
INFO: [RTGEN 206-500] Setting interface mode on port 'video_gray_live/in_stream_V_keep_V' to 'axis' (register, both mode).
INFO: [RTGEN 206-500] Setting interface mode on port 'video_gray_live/in_stream_V_strb_V' to 'axis' (register, both mode).
INFO: [RTGEN 206-500] Setting interface mode on port 'video_gray_live/in_stream_V_user_V' to 'axis' (register, both mode).
INFO: [RTGEN 206-500] Setting interface mode on port 'video_gray_live/in_stream_V_last_V' to 'axis' (register, both mode).
INFO: [RTGEN 206-500] Setting interface mode on port 'video_gray_live/in_stream_V_id_V' to 'axis' (register, both mode).
INFO: [RTGEN 206-500] Setting interface mode on port 'video_gray_live/in_stream_V_dest_V' to 'axis' (register, both mode).
INFO: [RTGEN 206-500] Setting interface mode on port 'video_gray_live/out_stream_V_data_V' to 'axis' (register, both mode).
INFO: [RTGEN 206-500] Setting interface mode on port 'video_gray_live/out_stream_V_keep_V' to 'axis' (register, both mode).
INFO: [RTGEN 206-500] Setting interface mode on port 'video_gray_live/out_stream_V_strb_V' to 'axis' (register, both mode).
INFO: [RTGEN 206-500] Setting interface mode on port 'video_gray_live/out_stream_V_user_V' to 'axis' (register, both mode).
INFO: [RTGEN 206-500] Setting interface mode on port 'video_gray_live/out_stream_V_last_V' to 'axis' (register, both mode).
INFO: [RTGEN 206-500] Setting interface mode on port 'video_gray_live/out_stream_V_id_V' to 'axis' (register, both mode).
INFO: [RTGEN 206-500] Setting interface mode on port 'video_gray_live/out_stream_V_dest_V' to 'axis' (register, both mode).
INFO: [RTGEN 206-500] Setting interface mode on function 'video_gray_live' to 'ap_ctrl_none'.
INFO: [RTGEN 206-100] Finished creating RTL model for 'video_gray_live'.
INFO: [HLS 200-111] Finished Creating RTL model: CPU user time: 0 seconds. CPU system time: 0 seconds. Elapsed time: 0.058 seconds; current allocated memory: 142.430 MB.
INFO: [HLS 200-111] Finished Generating all RTL models: CPU user time: 0 seconds. CPU system time: 1 seconds. Elapsed time: 0.182 seconds; current allocated memory: 147.070 MB.
INFO: [HLS 200-111] Finished Updating report files: CPU user time: 1 seconds. CPU system time: 0 seconds. Elapsed time: 0.248 seconds; current allocated memory: 151.957 MB.
INFO: [VHDL 208-304] Generating VHDL RTL for video_gray_live.
INFO: [VLOG 209-307] Generating Verilog RTL for video_gray_live.
INFO: [HLS 200-790] **** Loop Constraint Status: All loop constraints were satisfied.
INFO: [HLS 200-789] **** Estimated Fmax: 203.75 MHz
INFO: [HLS 200-111] Finished Command csynth_design CPU user time: 1 seconds. CPU system time: 1 seconds. Elapsed time: 12.042 seconds; current allocated memory: 42.777 MB.
==============================================================
Vitis HLS - High-Level Synthesis from C, C++ and OpenCL v2023.2 (64-bit)
Tool Version Limit: 2023.10
Copyright 1986-2022 Xilinx, Inc. All Rights Reserved.
Copyright 2022-2023 Advanced Micro Devices, Inc. All Rights Reserved.

==============================================================
INFO: [SYN 201-201] Setting up clock 'default' with a period of 10ns.
INFO: [HLS 200-1611] Setting target device to 'xc7z020-clg400-1'
INFO: [HLS 200-1505] Using flow_target 'vivado'
INFO: [HLS 200-1464] Running solution command: config_export -format=ip_catalog
INFO: [HLS 200-1464] Running solution command: config_export -output=C:/selected_topics_hdmi/pyzq/hw/hls_gray_ip/hls_export
INFO: [HLS 200-1464] Running solution command: config_export -rtl=verilog
INFO: [HLS 200-1510] Running: set_part xc7z020-clg400-1 
INFO: [HLS 200-1510] Running: create_clock -period 10 -name default 
INFO: [HLS 200-1510] Running: config_export -format ip_catalog -output C:/selected_topics_hdmi/pyzq/hw/hls_gray_ip/hls_export -rtl verilog 
INFO: [HLS 200-1510] Running: source ./video_gray_live_prj/solution1/directives.tcl
INFO: [HLS 200-1510] Running: set_directive_top -name video_gray_live video_gray_live 
INFO: [HLS 200-1510] Running: export_design -rtl verilog -format ip_catalog -output C:/selected_topics_hdmi/pyzq/hw/hls_gray_ip/hls_export 
INFO: [IMPL 213-8] Exporting RTL as a Vivado IP.
INFO: [HLS 200-802] Generated output file hls_export/export.zip
INFO: [HLS 200-111] Finished Command export_design CPU user time: 0 seconds. CPU system time: 0 seconds. Elapsed time: 6.558 seconds; current allocated memory: 7.863 MB.
==============================================================
Vitis HLS - High-Level Synthesis from C, C++ and OpenCL v2023.2 (64-bit)
Tool Version Limit: 2023.10
Copyright 1986-2022 Xilinx, Inc. All Rights Reserved.
Copyright 2022-2023 Advanced Micro Devices, Inc. All Rights Reserved.

==============================================================
INFO: [SYN 201-201] Setting up clock 'default' with a period of 10ns.
INFO: [HLS 200-1611] Setting target device to 'xc7z020-clg400-1'
INFO: [HLS 200-1505] Using flow_target 'vivado'
INFO: [HLS 200-1464] Running solution command: config_export -format=ip_catalog
INFO: [HLS 200-1464] Running solution command: config_export -output=C:/selected_topics_hdmi/pyzq/hw/hls_gray_ip/hls_export
INFO: [HLS 200-1464] Running solution command: config_export -rtl=verilog
INFO: [HLS 200-1510] Running: set_part xc7z020-clg400-1 
INFO: [HLS 200-1510] Running: create_clock -period 10 -name default 
INFO: [HLS 200-1510] Running: config_export -format ip_catalog -output C:/selected_topics_hdmi/pyzq/hw/hls_gray_ip/hls_export -rtl verilog 
INFO: [HLS 200-1510] Running: source ./video_gray_live_prj/solution1/directives.tcl
INFO: [HLS 200-1510] Running: set_directive_top -name video_gray_live video_gray_live 
INFO: [HLS 200-1510] Running: csynth_design 
INFO: [HLS 200-111] Finished File checks and directory preparation: CPU user time: 0 seconds. CPU system time: 0 seconds. Elapsed time: 0.046 seconds; current allocated memory: 110.137 MB.
INFO: [HLS 200-10] Analyzing design file 'video_gray_live.cpp' ... 
INFO: [HLS 200-111] Finished Source Code Analysis and Preprocessing: CPU user time: 0 seconds. CPU system time: 0 seconds. Elapsed time: 2.714 seconds; current allocated memory: 112.145 MB.
INFO: [HLS 200-777] Using interface defaults for 'Vivado' flow target.
INFO: [HLS 200-1995] There were 1,409 instructions in the design after the 'Compile/Link' phase of compilation. See the Design Size Report for more details: C:/selected_topics_hdmi/pyzq/hw/hls_gray_ip/video_gray_live_prj/solution1/syn/report/csynth_design_size.rpt
INFO: [HLS 200-1995] There were 201 instructions in the design after the 'Unroll/Inline (step 1)' phase of compilation. See the Design Size Report for more details: C:/selected_topics_hdmi/pyzq/hw/hls_gray_ip/video_gray_live_prj/solution1/syn/report/csynth_design_size.rpt
INFO: [HLS 200-1995] There were 159 instructions in the design after the 'Unroll/Inline (step 2)' phase of compilation. See the Design Size Report for more details: C:/selected_topics_hdmi/pyzq/hw/hls_gray_ip/video_gray_live_prj/solution1/syn/report/csynth_design_size.rpt
INFO: [HLS 200-1995] There were 159 instructions in the design after the 'Unroll/Inline (step 3)' phase of compilation. See the Design Size Report for more details: C:/selected_topics_hdmi/pyzq/hw/hls_gray_ip/video_gray_live_prj/solution1/syn/report/csynth_design_size.rpt
INFO: [HLS 200-1995] There were 159 instructions in the design after the 'Unroll/Inline (step 4)' phase of compilation. See the Design Size Report for more details: C:/selected_topics_hdmi/pyzq/hw/hls_gray_ip/video_gray_live_prj/solution1/syn/report/csynth_design_size.rpt
INFO: [HLS 200-1995] There were 113 instructions in the design after the 'Array/Struct (step 1)' phase of compilation. See the Design Size Report for more details: C:/selected_topics_hdmi/pyzq/hw/hls_gray_ip/video_gray_live_prj/solution1/syn/report/csynth_design_size.rpt
INFO: [HLS 200-1995] There were 113 instructions in the design after the 'Array/Struct (step 2)' phase of compilation. See the Design Size Report for more details: C:/selected_topics_hdmi/pyzq/hw/hls_gray_ip/video_gray_live_prj/solution1/syn/report/csynth_design_size.rpt
INFO: [HLS 200-1995] There were 113 instructions in the design after the 'Array/Struct (step 3)' phase of compilation. See the Design Size Report for more details: C:/selected_topics_hdmi/pyzq/hw/hls_gray_ip/video_gray_live_prj/solution1/syn/report/csynth_design_size.rpt
INFO: [HLS 200-1995] There were 113 instructions in the design after the 'Array/Struct (step 4)' phase of compilation. See the Design Size Report for more details: C:/selected_topics_hdmi/pyzq/hw/hls_gray_ip/video_gray_live_prj/solution1/syn/report/csynth_design_size.rpt
INFO: [HLS 200-1995] There were 225 instructions in the design after the 'Array/Struct (step 5)' phase of compilation. See the Design Size Report for more details: C:/selected_topics_hdmi/pyzq/hw/hls_gray_ip/video_gray_live_prj/solution1/syn/report/csynth_design_size.rpt
INFO: [HLS 200-1995] There were 239 instructions in the design after the 'Performance (step 1)' phase of compilation. See the Design Size Report for more details: C:/selected_topics_hdmi/pyzq/hw/hls_gray_ip/video_gray_live_prj/solution1/syn/report/csynth_design_size.rpt
INFO: [HLS 200-1995] There were 225 instructions in the design after the 'Performance (step 2)' phase of compilation. See the Design Size Report for more details: C:/selected_topics_hdmi/pyzq/hw/hls_gray_ip/video_gray_live_prj/solution1/syn/report/csynth_design_size.rpt
INFO: [HLS 200-1995] There were 127 instructions in the design after the 'Performance (step 3)' phase of compilation. See the Design Size Report for more details: C:/selected_topics_hdmi/pyzq/hw/hls_gray_ip/video_gray_live_prj/solution1/syn/report/csynth_design_size.rpt
INFO: [HLS 200-1995] There were 127 instructions in the design after the 'Performance (step 4)' phase of compilation. See the Design Size Report for more details: C:/selected_topics_hdmi/pyzq/hw/hls_gray_ip/video_gray_live_prj/solution1/syn/report/csynth_design_size.rpt
INFO: [HLS 200-1995] There were 87 instructions in the design after the 'HW Transforms (step 1)' phase of compilation. See the Design Size Report for more details: C:/selected_topics_hdmi/pyzq/hw/hls_gray_ip/video_gray_live_prj/solution1/syn/report/csynth_design_size.rpt
INFO: [HLS 200-1995] There were 61 instructions in the design after the 'HW Transforms (step 2)' phase of compilation. See the Design Size Report for more details: C:/selected_topics_hdmi/pyzq/hw/hls_gray_ip/video_gray_live_prj/solution1/syn/report/csynth_design_size.rpt
INFO: [HLS 200-111] Finished Compiling Optimization and Transform: CPU user time: 0 seconds. CPU system time: 0 seconds. Elapsed time: 7.955 seconds; current allocated memory: 114.309 MB.
INFO: [HLS 200-111] Finished Checking Pragmas: CPU user time: 0 seconds. CPU system time: 0 seconds. Elapsed time: 0.001 seconds; current allocated memory: 114.312 MB.
INFO: [HLS 200-10] Starting code transformations ...
INFO: [HLS 200-111] Finished Standard Transforms: CPU user time: 0 seconds. CPU system time: 0 seconds. Elapsed time: 0.094 seconds; current allocated memory: 118.871 MB.
INFO: [HLS 200-10] Checking synthesizability ...
INFO: [HLS 200-111] Finished Checking Synthesizability: CPU user time: 0 seconds. CPU system time: 0 seconds. Elapsed time: 0.024 seconds; current allocated memory: 120.609 MB.
INFO: [HLS 200-111] Finished Loop, function and other optimizations: CPU user time: 0 seconds. CPU system time: 0 seconds. Elapsed time: 0.038 seconds; current allocated memory: 141.609 MB.
WARNING: [XFORM 203-561] 'VITIS_LOOP_31_1' (video_gray_live.cpp:31:22) in function 'video_gray_live' is an infinite loop.
INFO: [HLS 200-111] Finished Architecture Synthesis: CPU user time: 0 seconds. CPU system time: 0 seconds. Elapsed time: 0.041 seconds; current allocated memory: 141.617 MB.
INFO: [HLS 200-10] Starting hardware synthesis ...
INFO: [HLS 200-10] Synthesizing 'video_gray_live' ...
INFO: [HLS 200-10] ----------------------------------------------------------------
INFO: [HLS 200-42] -- Implementing module 'video_gray_live' 
INFO: [HLS 200-10] ----------------------------------------------------------------
INFO: [SCHED 204-11] Starting scheduling ...
INFO: [SCHED 204-61] Pipelining loop 'VITIS_LOOP_31_1'.
INFO: [HLS 200-1470] Pipelining result : Target II = 1, Final II = 1, Depth = 2, loop 'VITIS_LOOP_31_1'
INFO: [SCHED 204-11] Finished scheduling.
INFO: [HLS 200-111] Finished Scheduling: CPU user time: 0 seconds. CPU system time: 0 seconds. Elapsed time: 0.619 seconds; current allocated memory: 141.617 MB.
INFO: [BIND 205-100] Starting micro-architecture generation ...
INFO: [BIND 205-101] Performing variable lifetime analysis.
INFO: [BIND 205-101] Exploring resource sharing.
INFO: [BIND 205-101] Binding ...
INFO: [BIND 205-100] Finished micro-architecture generation.
INFO: [HLS 200-111] Finished Binding: CPU user time: 0 seconds. CPU system time: 0 seconds. Elapsed time: 0.03 seconds; current allocated memory: 141.617 MB.
INFO: [HLS 200-10] ----------------------------------------------------------------
INFO: [HLS 200-10] -- Generating RTL for module 'video_gray_live' 
INFO: [HLS 200-10] ----------------------------------------------------------------
WARNING: [RTGEN 206-101] Design contains AXI ports. Reset is fixed to synchronous and active low.
INFO: [RTGEN 206-500] Setting interface mode on port 'video_gray_live/in_stream_V_data_V' to 'axis' (register, both mode).
INFO: [RTGEN 206-500] Setting interface mode on port 'video_gray_live/in_stream_V_keep_V' to 'axis' (register, both mode).
INFO: [RTGEN 206-500] Setting interface mode on port 'video_gray_live/in_stream_V_strb_V' to 'axis' (register, both mode).
INFO: [RTGEN 206-500] Setting interface mode on port 'video_gray_live/in_stream_V_user_V' to 'axis' (register, both mode).
INFO: [RTGEN 206-500] Setting interface mode on port 'video_gray_live/in_stream_V_last_V' to 'axis' (register, both mode).
INFO: [RTGEN 206-500] Setting interface mode on port 'video_gray_live/in_stream_V_id_V' to 'axis' (register, both mode).
INFO: [RTGEN 206-500] Setting interface mode on port 'video_gray_live/in_stream_V_dest_V' to 'axis' (register, both mode).
INFO: [RTGEN 206-500] Setting interface mode on port 'video_gray_live/out_stream_V_data_V' to 'axis' (register, both mode).
INFO: [RTGEN 206-500] Setting interface mode on port 'video_gray_live/out_stream_V_keep_V' to 'axis' (register, both mode).
INFO: [RTGEN 206-500] Setting interface mode on port 'video_gray_live/out_stream_V_strb_V' to 'axis' (register, both mode).
INFO: [RTGEN 206-500] Setting interface mode on port 'video_gray_live/out_stream_V_user_V' to 'axis' (register, both mode).
INFO: [RTGEN 206-500] Setting interface mode on port 'video_gray_live/out_stream_V_last_V' to 'axis' (register, both mode).
INFO: [RTGEN 206-500] Setting interface mode on port 'video_gray_live/out_stream_V_id_V' to 'axis' (register, both mode).
INFO: [RTGEN 206-500] Setting interface mode on port 'video_gray_live/out_stream_V_dest_V' to 'axis' (register, both mode).
INFO: [RTGEN 206-500] Setting interface mode on function 'video_gray_live' to 'ap_ctrl_none'.
INFO: [RTGEN 206-100] Finished creating RTL model for 'video_gray_live'.
INFO: [HLS 200-111] Finished Creating RTL model: CPU user time: 0 seconds. CPU system time: 0 seconds. Elapsed time: 0.052 seconds; current allocated memory: 142.797 MB.
INFO: [HLS 200-111] Finished Generating all RTL models: CPU user time: 0 seconds. CPU system time: 1 seconds. Elapsed time: 0.177 seconds; current allocated memory: 147.852 MB.
INFO: [HLS 200-111] Finished Updating report files: CPU user time: 0 seconds. CPU system time: 0 seconds. Elapsed time: 0.245 seconds; current allocated memory: 152.387 MB.
INFO: [VHDL 208-304] Generating VHDL RTL for video_gray_live.
INFO: [VLOG 209-307] Generating Verilog RTL for video_gray_live.
INFO: [HLS 200-790] **** Loop Constraint Status: All loop constraints were satisfied.
INFO: [HLS 200-789] **** Estimated Fmax: 203.75 MHz
INFO: [HLS 200-111] Finished Command csynth_design CPU user time: 0 seconds. CPU system time: 1 seconds. Elapsed time: 12.053 seconds; current allocated memory: 42.648 MB.
==============================================================
Vitis HLS - High-Level Synthesis from C, C++ and OpenCL v2023.2 (64-bit)
Tool Version Limit: 2023.10
Copyright 1986-2022 Xilinx, Inc. All Rights Reserved.
Copyright 2022-2023 Advanced Micro Devices, Inc. All Rights Reserved.

==============================================================
INFO: [SYN 201-201] Setting up clock 'default' with a period of 10ns.
INFO: [HLS 200-1611] Setting target device to 'xc7z020-clg400-1'
INFO: [HLS 200-1505] Using flow_target 'vivado'
INFO: [HLS 200-1464] Running solution command: config_export -format=ip_catalog
INFO: [HLS 200-1464] Running solution command: config_export -output=C:/selected_topics_hdmi/pyzq/hw/hls_gray_ip/hls_export
INFO: [HLS 200-1464] Running solution command: config_export -rtl=verilog
INFO: [HLS 200-1510] Running: set_part xc7z020-clg400-1 
INFO: [HLS 200-1510] Running: create_clock -period 10 -name default 
INFO: [HLS 200-1510] Running: config_export -format ip_catalog -output C:/selected_topics_hdmi/pyzq/hw/hls_gray_ip/hls_export -rtl verilog 
INFO: [HLS 200-1510] Running: source ./video_gray_live_prj/solution1/directives.tcl
INFO: [HLS 200-1510] Running: set_directive_top -name video_gray_live video_gray_live 
INFO: [HLS 200-1510] Running: export_design -rtl verilog -format ip_catalog -output C:/selected_topics_hdmi/pyzq/hw/hls_gray_ip/hls_export 
INFO: [IMPL 213-8] Exporting RTL as a Vivado IP.
INFO: [HLS 200-802] Generated output file hls_export/export.zip
INFO: [HLS 200-111] Finished Command export_design CPU user time: 0 seconds. CPU system time: 0 seconds. Elapsed time: 9.307 seconds; current allocated memory: 7.410 MB.
==============================================================
Vitis HLS - High-Level Synthesis from C, C++ and OpenCL v2023.2 (64-bit)
Tool Version Limit: 2023.10
Copyright 1986-2022 Xilinx, Inc. All Rights Reserved.
Copyright 2022-2023 Advanced Micro Devices, Inc. All Rights Reserved.

==============================================================
INFO: [SYN 201-201] Setting up clock 'default' with a period of 10ns.
INFO: [HLS 200-1611] Setting target device to 'xc7z020-clg400-1'
INFO: [HLS 200-1505] Using flow_target 'vivado'
INFO: [HLS 200-1464] Running solution command: config_export -format=ip_catalog
INFO: [HLS 200-1464] Running solution command: config_export -output=C:/selected_topics_hdmi/pyzq/hw/hls_gray_ip/hls_export
INFO: [HLS 200-1464] Running solution command: config_export -rtl=verilog
INFO: [HLS 200-1510] Running: set_part xc7z020-clg400-1 
INFO: [HLS 200-1510] Running: create_clock -period 10 -name default 
INFO: [HLS 200-1510] Running: config_export -format ip_catalog -output C:/selected_topics_hdmi/pyzq/hw/hls_gray_ip/hls_export -rtl verilog 
INFO: [HLS 200-1510] Running: source ./video_gray_live_prj/solution1/directives.tcl
INFO: [HLS 200-1510] Running: set_directive_top -name video_gray_live video_gray_live 
INFO: [HLS 200-1510] Running: csynth_design 
INFO: [HLS 200-111] Finished File checks and directory preparation: CPU user time: 0 seconds. CPU system time: 0 seconds. Elapsed time: 0.046 seconds; current allocated memory: 109.539 MB.
INFO: [HLS 200-10] Analyzing design file 'video_gray_live.cpp' ... 
INFO: [HLS 200-111] Finished Source Code Analysis and Preprocessing: CPU user time: 0 seconds. CPU system time: 0 seconds. Elapsed time: 2.747 seconds; current allocated memory: 112.086 MB.
INFO: [HLS 200-777] Using interface defaults for 'Vivado' flow target.
INFO: [HLS 200-1995] There were 1,553 instructions in the design after the 'Compile/Link' phase of compilation. See the Design Size Report for more details: C:/selected_topics_hdmi/pyzq/hw/hls_gray_ip/video_gray_live_prj/solution1/syn/report/csynth_design_size.rpt
INFO: [HLS 200-1995] There were 224 instructions in the design after the 'Unroll/Inline (step 1)' phase of compilation. See the Design Size Report for more details: C:/selected_topics_hdmi/pyzq/hw/hls_gray_ip/video_gray_live_prj/solution1/syn/report/csynth_design_size.rpt
INFO: [HLS 200-1995] There were 174 instructions in the design after the 'Unroll/Inline (step 2)' phase of compilation. See the Design Size Report for more details: C:/selected_topics_hdmi/pyzq/hw/hls_gray_ip/video_gray_live_prj/solution1/syn/report/csynth_design_size.rpt
INFO: [HLS 200-1995] There were 174 instructions in the design after the 'Unroll/Inline (step 3)' phase of compilation. See the Design Size Report for more details: C:/selected_topics_hdmi/pyzq/hw/hls_gray_ip/video_gray_live_prj/solution1/syn/report/csynth_design_size.rpt
INFO: [HLS 200-1995] There were 174 instructions in the design after the 'Unroll/Inline (step 4)' phase of compilation. See the Design Size Report for more details: C:/selected_topics_hdmi/pyzq/hw/hls_gray_ip/video_gray_live_prj/solution1/syn/report/csynth_design_size.rpt
INFO: [HLS 200-1995] There were 170 instructions in the design after the 'Array/Struct (step 1)' phase of compilation. See the Design Size Report for more details: C:/selected_topics_hdmi/pyzq/hw/hls_gray_ip/video_gray_live_prj/solution1/syn/report/csynth_design_size.rpt
INFO: [HLS 200-1995] There were 170 instructions in the design after the 'Array/Struct (step 2)' phase of compilation. See the Design Size Report for more details: C:/selected_topics_hdmi/pyzq/hw/hls_gray_ip/video_gray_live_prj/solution1/syn/report/csynth_design_size.rpt
INFO: [HLS 200-1995] There were 170 instructions in the design after the 'Array/Struct (step 3)' phase of compilation. See the Design Size Report for more details: C:/selected_topics_hdmi/pyzq/hw/hls_gray_ip/video_gray_live_prj/solution1/syn/report/csynth_design_size.rpt
INFO: [HLS 200-1995] There were 170 instructions in the design after the 'Array/Struct (step 4)' phase of compilation. See the Design Size Report for more details: C:/selected_topics_hdmi/pyzq/hw/hls_gray_ip/video_gray_live_prj/solution1/syn/report/csynth_design_size.rpt
INFO: [HLS 200-1995] There were 282 instructions in the design after the 'Array/Struct (step 5)' phase of compilation. See the Design Size Report for more details: C:/selected_topics_hdmi/pyzq/hw/hls_gray_ip/video_gray_live_prj/solution1/syn/report/csynth_design_size.rpt
INFO: [HLS 200-1995] There were 296 instructions in the design after the 'Performance (step 1)' phase of compilation. See the Design Size Report for more details: C:/selected_topics_hdmi/pyzq/hw/hls_gray_ip/video_gray_live_prj/solution1/syn/report/csynth_design_size.rpt
INFO: [HLS 200-1995] There were 282 instructions in the design after the 'Performance (step 2)' phase of compilation. See the Design Size Report for more details: C:/selected_topics_hdmi/pyzq/hw/hls_gray_ip/video_gray_live_prj/solution1/syn/report/csynth_design_size.rpt
INFO: [HLS 200-1995] There were 183 instructions in the design after the 'Performance (step 3)' phase of compilation. See the Design Size Report for more details: C:/selected_topics_hdmi/pyzq/hw/hls_gray_ip/video_gray_live_prj/solution1/syn/report/csynth_design_size.rpt
INFO: [HLS 200-1995] There were 183 instructions in the design after the 'Performance (step 4)' phase of compilation. See the Design Size Report for more details: C:/selected_topics_hdmi/pyzq/hw/hls_gray_ip/video_gray_live_prj/solution1/syn/report/csynth_design_size.rpt
INFO: [HLS 200-1995] There were 143 instructions in the design after the 'HW Transforms (step 1)' phase of compilation. See the Design Size Report for more details: C:/selected_topics_hdmi/pyzq/hw/hls_gray_ip/video_gray_live_prj/solution1/syn/report/csynth_design_size.rpt
INFO: [HLS 200-1995] There were 117 instructions in the design after the 'HW Transforms (step 2)' phase of compilation. See the Design Size Report for more details: C:/selected_topics_hdmi/pyzq/hw/hls_gray_ip/video_gray_live_prj/solution1/syn/report/csynth_design_size.rpt
INFO: [HLS 200-111] Finished Compiling Optimization and Transform: CPU user time: 0 seconds. CPU system time: 0 seconds. Elapsed time: 8.064 seconds; current allocated memory: 114.520 MB.
INFO: [HLS 200-111] Finished Checking Pragmas: CPU user time: 0 seconds. CPU system time: 0 seconds. Elapsed time: 0.001 seconds; current allocated memory: 114.520 MB.
INFO: [HLS 200-10] Starting code transformations ...
INFO: [HLS 200-111] Finished Standard Transforms: CPU user time: 0 seconds. CPU system time: 0 seconds. Elapsed time: 0.092 seconds; current allocated memory: 119.324 MB.
INFO: [HLS 200-10] Checking synthesizability ...
INFO: [HLS 200-111] Finished Checking Synthesizability: CPU user time: 0 seconds. CPU system time: 0 seconds. Elapsed time: 0.023 seconds; current allocated memory: 121.051 MB.
INFO: [HLS 200-111] Finished Loop, function and other optimizations: CPU user time: 0 seconds. CPU system time: 0 seconds. Elapsed time: 0.048 seconds; current allocated memory: 142.641 MB.
WARNING: [XFORM 203-561] 'VITIS_LOOP_34_1' (video_gray_live.cpp:34:22) in function 'video_gray_live' is an infinite loop.
INFO: [HLS 200-111] Finished Architecture Synthesis: CPU user time: 0 seconds. CPU system time: 0 seconds. Elapsed time: 0.048 seconds; current allocated memory: 142.645 MB.
INFO: [HLS 200-10] Starting hardware synthesis ...
INFO: [HLS 200-10] Synthesizing 'video_gray_live' ...
INFO: [HLS 200-10] ----------------------------------------------------------------
INFO: [HLS 200-42] -- Implementing module 'video_gray_live' 
INFO: [HLS 200-10] ----------------------------------------------------------------
INFO: [SCHED 204-11] Starting scheduling ...
INFO: [SCHED 204-61] Pipelining loop 'VITIS_LOOP_34_1'.
INFO: [HLS 200-1470] Pipelining result : Target II = 1, Final II = 1, Depth = 6, loop 'VITIS_LOOP_34_1'
INFO: [SCHED 204-11] Finished scheduling.
INFO: [HLS 200-111] Finished Scheduling: CPU user time: 0 seconds. CPU system time: 1 seconds. Elapsed time: 0.532 seconds; current allocated memory: 142.645 MB.
INFO: [BIND 205-100] Starting micro-architecture generation ...
INFO: [BIND 205-101] Performing variable lifetime analysis.
INFO: [BIND 205-101] Exploring resource sharing.
INFO: [BIND 205-101] Binding ...
INFO: [BIND 205-100] Finished micro-architecture generation.
INFO: [HLS 200-111] Finished Binding: CPU user time: 0 seconds. CPU system time: 0 seconds. Elapsed time: 0.04 seconds; current allocated memory: 143.621 MB.
INFO: [HLS 200-10] ----------------------------------------------------------------
INFO: [HLS 200-10] -- Generating RTL for module 'video_gray_live' 
INFO: [HLS 200-10] ----------------------------------------------------------------
WARNING: [RTGEN 206-101] Design contains AXI ports. Reset is fixed to synchronous and active low.
INFO: [RTGEN 206-500] Setting interface mode on port 'video_gray_live/in_stream_V_data_V' to 'axis' (register, both mode).
INFO: [RTGEN 206-500] Setting interface mode on port 'video_gray_live/in_stream_V_keep_V' to 'axis' (register, both mode).
INFO: [RTGEN 206-500] Setting interface mode on port 'video_gray_live/in_stream_V_strb_V' to 'axis' (register, both mode).
INFO: [RTGEN 206-500] Setting interface mode on port 'video_gray_live/in_stream_V_user_V' to 'axis' (register, both mode).
INFO: [RTGEN 206-500] Setting interface mode on port 'video_gray_live/in_stream_V_last_V' to 'axis' (register, both mode).
INFO: [RTGEN 206-500] Setting interface mode on port 'video_gray_live/in_stream_V_id_V' to 'axis' (register, both mode).
INFO: [RTGEN 206-500] Setting interface mode on port 'video_gray_live/in_stream_V_dest_V' to 'axis' (register, both mode).
INFO: [RTGEN 206-500] Setting interface mode on port 'video_gray_live/out_stream_V_data_V' to 'axis' (register, both mode).
INFO: [RTGEN 206-500] Setting interface mode on port 'video_gray_live/out_stream_V_keep_V' to 'axis' (register, both mode).
INFO: [RTGEN 206-500] Setting interface mode on port 'video_gray_live/out_stream_V_strb_V' to 'axis' (register, both mode).
INFO: [RTGEN 206-500] Setting interface mode on port 'video_gray_live/out_stream_V_user_V' to 'axis' (register, both mode).
INFO: [RTGEN 206-500] Setting interface mode on port 'video_gray_live/out_stream_V_last_V' to 'axis' (register, both mode).
INFO: [RTGEN 206-500] Setting interface mode on port 'video_gray_live/out_stream_V_id_V' to 'axis' (register, both mode).
INFO: [RTGEN 206-500] Setting interface mode on port 'video_gray_live/out_stream_V_dest_V' to 'axis' (register, both mode).
INFO: [RTGEN 206-500] Setting interface mode on function 'video_gray_live' to 'ap_ctrl_none'.
INFO: [RTGEN 206-100] Finished creating RTL model for 'video_gray_live'.
INFO: [RTMG 210-278] Implementing memory 'video_gray_live_prev_frame_RAM_2P_BRAM_1R1W' using block RAMs.
INFO: [HLS 200-111] Finished Creating RTL model: CPU user time: 0 seconds. CPU system time: 0 seconds. Elapsed time: 0.097 seconds; current allocated memory: 146.676 MB.
INFO: [HLS 200-111] Finished Generating all RTL models: CPU user time: 0 seconds. CPU system time: 0 seconds. Elapsed time: 0.238 seconds; current allocated memory: 152.355 MB.
INFO: [HLS 200-111] Finished Updating report files: CPU user time: 1 seconds. CPU system time: 0 seconds. Elapsed time: 0.264 seconds; current allocated memory: 157.289 MB.
INFO: [VHDL 208-304] Generating VHDL RTL for video_gray_live.
INFO: [VLOG 209-307] Generating Verilog RTL for video_gray_live.
INFO: [HLS 200-790] **** Loop Constraint Status: All loop constraints were satisfied.
INFO: [HLS 200-789] **** Estimated Fmax: 167.11 MHz
INFO: [HLS 200-111] Finished Command csynth_design CPU user time: 1 seconds. CPU system time: 1 seconds. Elapsed time: 12.256 seconds; current allocated memory: 47.879 MB.
==============================================================
Vitis HLS - High-Level Synthesis from C, C++ and OpenCL v2023.2 (64-bit)
Tool Version Limit: 2023.10
Copyright 1986-2022 Xilinx, Inc. All Rights Reserved.
Copyright 2022-2023 Advanced Micro Devices, Inc. All Rights Reserved.

==============================================================
INFO: [SYN 201-201] Setting up clock 'default' with a period of 10ns.
INFO: [HLS 200-1611] Setting target device to 'xc7z020-clg400-1'
INFO: [HLS 200-1505] Using flow_target 'vivado'
INFO: [HLS 200-1464] Running solution command: config_export -format=ip_catalog
INFO: [HLS 200-1464] Running solution command: config_export -output=C:/selected_topics_hdmi/pyzq/hw/hls_gray_ip/hls_export
INFO: [HLS 200-1464] Running solution command: config_export -rtl=verilog
INFO: [HLS 200-1510] Running: set_part xc7z020-clg400-1 
INFO: [HLS 200-1510] Running: create_clock -period 10 -name default 
INFO: [HLS 200-1510] Running: config_export -format ip_catalog -output C:/selected_topics_hdmi/pyzq/hw/hls_gray_ip/hls_export -rtl verilog 
INFO: [HLS 200-1510] Running: source ./video_gray_live_prj/solution1/directives.tcl
INFO: [HLS 200-1510] Running: set_directive_top -name video_gray_live video_gray_live 
INFO: [HLS 200-1510] Running: export_design -rtl verilog -format ip_catalog -output C:/selected_topics_hdmi/pyzq/hw/hls_gray_ip/hls_export 
INFO: [IMPL 213-8] Exporting RTL as a Vivado IP.
INFO: [HLS 200-802] Generated output file hls_export/export.zip
INFO: [HLS 200-111] Finished Command export_design CPU user time: 0 seconds. CPU system time: 1 seconds. Elapsed time: 8.485 seconds; current allocated memory: 7.191 MB.
==============================================================
Vitis HLS - High-Level Synthesis from C, C++ and OpenCL v2023.2 (64-bit)
Tool Version Limit: 2023.10
Copyright 1986-2022 Xilinx, Inc. All Rights Reserved.
Copyright 2022-2023 Advanced Micro Devices, Inc. All Rights Reserved.

==============================================================
INFO: [SYN 201-201] Setting up clock 'default' with a period of 10ns.
INFO: [HLS 200-1611] Setting target device to 'xc7z020-clg400-1'
INFO: [HLS 200-1505] Using flow_target 'vivado'
INFO: [HLS 200-1464] Running solution command: config_export -format=ip_catalog
INFO: [HLS 200-1464] Running solution command: config_export -output=C:/selected_topics_hdmi/pyzq/hw/hls_gray_ip/hls_export
INFO: [HLS 200-1464] Running solution command: config_export -rtl=verilog
INFO: [HLS 200-1510] Running: set_part xc7z020-clg400-1 
INFO: [HLS 200-1510] Running: create_clock -period 10 -name default 
INFO: [HLS 200-1510] Running: config_export -format ip_catalog -output C:/selected_topics_hdmi/pyzq/hw/hls_gray_ip/hls_export -rtl verilog 
INFO: [HLS 200-1510] Running: source ./video_gray_live_prj/solution1/directives.tcl
INFO: [HLS 200-1510] Running: set_directive_top -name video_gray_live video_gray_live 
INFO: [HLS 200-1510] Running: csynth_design 
INFO: [HLS 200-111] Finished File checks and directory preparation: CPU user time: 0 seconds. CPU system time: 0 seconds. Elapsed time: 0.047 seconds; current allocated memory: 110.117 MB.
INFO: [HLS 200-10] Analyzing design file 'video_gray_live.cpp' ... 
INFO: [HLS 200-111] Finished Source Code Analysis and Preprocessing: CPU user time: 0 seconds. CPU system time: 0 seconds. Elapsed time: 2.981 seconds; current allocated memory: 112.070 MB.
INFO: [HLS 200-777] Using interface defaults for 'Vivado' flow target.
INFO: [HLS 200-1995] There were 1,529 instructions in the design after the 'Compile/Link' phase of compilation. See the Design Size Report for more details: C:/selected_topics_hdmi/pyzq/hw/hls_gray_ip/video_gray_live_prj/solution1/syn/report/csynth_design_size.rpt
INFO: [HLS 200-1995] There were 220 instructions in the design after the 'Unroll/Inline (step 1)' phase of compilation. See the Design Size Report for more details: C:/selected_topics_hdmi/pyzq/hw/hls_gray_ip/video_gray_live_prj/solution1/syn/report/csynth_design_size.rpt
INFO: [HLS 200-1995] There were 172 instructions in the design after the 'Unroll/Inline (step 2)' phase of compilation. See the Design Size Report for more details: C:/selected_topics_hdmi/pyzq/hw/hls_gray_ip/video_gray_live_prj/solution1/syn/report/csynth_design_size.rpt
INFO: [HLS 200-1995] There were 172 instructions in the design after the 'Unroll/Inline (step 3)' phase of compilation. See the Design Size Report for more details: C:/selected_topics_hdmi/pyzq/hw/hls_gray_ip/video_gray_live_prj/solution1/syn/report/csynth_design_size.rpt
INFO: [HLS 200-1995] There were 170 instructions in the design after the 'Unroll/Inline (step 4)' phase of compilation. See the Design Size Report for more details: C:/selected_topics_hdmi/pyzq/hw/hls_gray_ip/video_gray_live_prj/solution1/syn/report/csynth_design_size.rpt
INFO: [HLS 200-1995] There were 167 instructions in the design after the 'Array/Struct (step 1)' phase of compilation. See the Design Size Report for more details: C:/selected_topics_hdmi/pyzq/hw/hls_gray_ip/video_gray_live_prj/solution1/syn/report/csynth_design_size.rpt
INFO: [HLS 200-1995] There were 167 instructions in the design after the 'Array/Struct (step 2)' phase of compilation. See the Design Size Report for more details: C:/selected_topics_hdmi/pyzq/hw/hls_gray_ip/video_gray_live_prj/solution1/syn/report/csynth_design_size.rpt
INFO: [HLS 200-1995] There were 167 instructions in the design after the 'Array/Struct (step 3)' phase of compilation. See the Design Size Report for more details: C:/selected_topics_hdmi/pyzq/hw/hls_gray_ip/video_gray_live_prj/solution1/syn/report/csynth_design_size.rpt
INFO: [HLS 200-1995] There were 167 instructions in the design after the 'Array/Struct (step 4)' phase of compilation. See the Design Size Report for more details: C:/selected_topics_hdmi/pyzq/hw/hls_gray_ip/video_gray_live_prj/solution1/syn/report/csynth_design_size.rpt
INFO: [HLS 200-1995] There were 279 instructions in the design after the 'Array/Struct (step 5)' phase of compilation. See the Design Size Report for more details: C:/selected_topics_hdmi/pyzq/hw/hls_gray_ip/video_gray_live_prj/solution1/syn/report/csynth_design_size.rpt
INFO: [HLS 200-1995] There were 293 instructions in the design after the 'Performance (step 1)' phase of compilation. See the Design Size Report for more details: C:/selected_topics_hdmi/pyzq/hw/hls_gray_ip/video_gray_live_prj/solution1/syn/report/csynth_design_size.rpt
INFO: [HLS 200-1995] There were 279 instructions in the design after the 'Performance (step 2)' phase of compilation. See the Design Size Report for more details: C:/selected_topics_hdmi/pyzq/hw/hls_gray_ip/video_gray_live_prj/solution1/syn/report/csynth_design_size.rpt
INFO: [HLS 200-1995] There were 180 instructions in the design after the 'Performance (step 3)' phase of compilation. See the Design Size Report for more details: C:/selected_topics_hdmi/pyzq/hw/hls_gray_ip/video_gray_live_prj/solution1/syn/report/csynth_design_size.rpt
INFO: [HLS 200-1995] There were 180 instructions in the design after the 'Performance (step 4)' phase of compilation. See the Design Size Report for more details: C:/selected_topics_hdmi/pyzq/hw/hls_gray_ip/video_gray_live_prj/solution1/syn/report/csynth_design_size.rpt
INFO: [HLS 200-1995] There were 140 instructions in the design after the 'HW Transforms (step 1)' phase of compilation. See the Design Size Report for more details: C:/selected_topics_hdmi/pyzq/hw/hls_gray_ip/video_gray_live_prj/solution1/syn/report/csynth_design_size.rpt
INFO: [HLS 200-1995] There were 114 instructions in the design after the 'HW Transforms (step 2)' phase of compilation. See the Design Size Report for more details: C:/selected_topics_hdmi/pyzq/hw/hls_gray_ip/video_gray_live_prj/solution1/syn/report/csynth_design_size.rpt
INFO: [HLS 200-111] Finished Compiling Optimization and Transform: CPU user time: 0 seconds. CPU system time: 0 seconds. Elapsed time: 8.24 seconds; current allocated memory: 114.070 MB.
INFO: [HLS 200-111] Finished Checking Pragmas: CPU user time: 0 seconds. CPU system time: 0 seconds. Elapsed time: 0.002 seconds; current allocated memory: 114.070 MB.
INFO: [HLS 200-10] Starting code transformations ...
INFO: [HLS 200-111] Finished Standard Transforms: CPU user time: 0 seconds. CPU system time: 0 seconds. Elapsed time: 0.142 seconds; current allocated memory: 118.871 MB.
INFO: [HLS 200-10] Checking synthesizability ...
INFO: [HLS 200-111] Finished Checking Synthesizability: CPU user time: 0 seconds. CPU system time: 0 seconds. Elapsed time: 0.042 seconds; current allocated memory: 120.676 MB.
INFO: [HLS 200-111] Finished Loop, function and other optimizations: CPU user time: 0 seconds. CPU system time: 0 seconds. Elapsed time: 0.091 seconds; current allocated memory: 142.406 MB.
WARNING: [XFORM 203-561] 'VITIS_LOOP_32_1' (video_gray_live.cpp:32:22) in function 'video_gray_live' is an infinite loop.
INFO: [HLS 200-111] Finished Architecture Synthesis: CPU user time: 0 seconds. CPU system time: 0 seconds. Elapsed time: 0.088 seconds; current allocated memory: 142.414 MB.
INFO: [HLS 200-10] Starting hardware synthesis ...
INFO: [HLS 200-10] Synthesizing 'video_gray_live' ...
INFO: [HLS 200-10] ----------------------------------------------------------------
INFO: [HLS 200-42] -- Implementing module 'video_gray_live' 
INFO: [HLS 200-10] ----------------------------------------------------------------
INFO: [SCHED 204-11] Starting scheduling ...
INFO: [SCHED 204-61] Pipelining loop 'VITIS_LOOP_32_1'.
INFO: [HLS 200-1470] Pipelining result : Target II = 1, Final II = 1, Depth = 5, loop 'VITIS_LOOP_32_1'
INFO: [SCHED 204-11] Finished scheduling.
INFO: [HLS 200-111] Finished Scheduling: CPU user time: 0 seconds. CPU system time: 0 seconds. Elapsed time: 0.681 seconds; current allocated memory: 142.414 MB.
INFO: [BIND 205-100] Starting micro-architecture generation ...
INFO: [BIND 205-101] Performing variable lifetime analysis.
INFO: [BIND 205-101] Exploring resource sharing.
INFO: [BIND 205-101] Binding ...
INFO: [BIND 205-100] Finished micro-architecture generation.
INFO: [HLS 200-111] Finished Binding: CPU user time: 0 seconds. CPU system time: 0 seconds. Elapsed time: 0.059 seconds; current allocated memory: 142.859 MB.
INFO: [HLS 200-10] ----------------------------------------------------------------
INFO: [HLS 200-10] -- Generating RTL for module 'video_gray_live' 
INFO: [HLS 200-10] ----------------------------------------------------------------
WARNING: [RTGEN 206-101] Design contains AXI ports. Reset is fixed to synchronous and active low.
INFO: [RTGEN 206-500] Setting interface mode on port 'video_gray_live/in_stream_V_data_V' to 'axis' (register, both mode).
INFO: [RTGEN 206-500] Setting interface mode on port 'video_gray_live/in_stream_V_keep_V' to 'axis' (register, both mode).
INFO: [RTGEN 206-500] Setting interface mode on port 'video_gray_live/in_stream_V_strb_V' to 'axis' (register, both mode).
INFO: [RTGEN 206-500] Setting interface mode on port 'video_gray_live/in_stream_V_user_V' to 'axis' (register, both mode).
INFO: [RTGEN 206-500] Setting interface mode on port 'video_gray_live/in_stream_V_last_V' to 'axis' (register, both mode).
INFO: [RTGEN 206-500] Setting interface mode on port 'video_gray_live/in_stream_V_id_V' to 'axis' (register, both mode).
INFO: [RTGEN 206-500] Setting interface mode on port 'video_gray_live/in_stream_V_dest_V' to 'axis' (register, both mode).
INFO: [RTGEN 206-500] Setting interface mode on port 'video_gray_live/out_stream_V_data_V' to 'axis' (register, both mode).
INFO: [RTGEN 206-500] Setting interface mode on port 'video_gray_live/out_stream_V_keep_V' to 'axis' (register, both mode).
INFO: [RTGEN 206-500] Setting interface mode on port 'video_gray_live/out_stream_V_strb_V' to 'axis' (register, both mode).
INFO: [RTGEN 206-500] Setting interface mode on port 'video_gray_live/out_stream_V_user_V' to 'axis' (register, both mode).
INFO: [RTGEN 206-500] Setting interface mode on port 'video_gray_live/out_stream_V_last_V' to 'axis' (register, both mode).
INFO: [RTGEN 206-500] Setting interface mode on port 'video_gray_live/out_stream_V_id_V' to 'axis' (register, both mode).
INFO: [RTGEN 206-500] Setting interface mode on port 'video_gray_live/out_stream_V_dest_V' to 'axis' (register, both mode).
INFO: [RTGEN 206-500] Setting interface mode on function 'video_gray_live' to 'ap_ctrl_none'.
INFO: [RTGEN 206-100] Finished creating RTL model for 'video_gray_live'.
INFO: [RTMG 210-278] Implementing memory 'video_gray_live_prev_frame_RAM_2P_BRAM_1R1W' using block RAMs.
INFO: [HLS 200-111] Finished Creating RTL model: CPU user time: 1 seconds. CPU system time: 0 seconds. Elapsed time: 0.154 seconds; current allocated memory: 146.031 MB.
INFO: [HLS 200-111] Finished Generating all RTL models: CPU user time: 0 seconds. CPU system time: 0 seconds. Elapsed time: 0.439 seconds; current allocated memory: 151.832 MB.
INFO: [HLS 200-111] Finished Updating report files: CPU user time: 0 seconds. CPU system time: 0 seconds. Elapsed time: 0.482 seconds; current allocated memory: 156.336 MB.
INFO: [VHDL 208-304] Generating VHDL RTL for video_gray_live.
INFO: [VLOG 209-307] Generating Verilog RTL for video_gray_live.
INFO: [HLS 200-790] **** Loop Constraint Status: All loop constraints were satisfied.
INFO: [HLS 200-789] **** Estimated Fmax: 167.11 MHz
INFO: [HLS 200-111] Finished Command csynth_design CPU user time: 1 seconds. CPU system time: 0 seconds. Elapsed time: 13.482 seconds; current allocated memory: 46.422 MB.
==============================================================
Vitis HLS - High-Level Synthesis from C, C++ and OpenCL v2023.2 (64-bit)
Tool Version Limit: 2023.10
Copyright 1986-2022 Xilinx, Inc. All Rights Reserved.
Copyright 2022-2023 Advanced Micro Devices, Inc. All Rights Reserved.

==============================================================
INFO: [SYN 201-201] Setting up clock 'default' with a period of 10ns.
INFO: [HLS 200-1611] Setting target device to 'xc7z020-clg400-1'
INFO: [HLS 200-1505] Using flow_target 'vivado'
INFO: [HLS 200-1464] Running solution command: config_export -format=ip_catalog
INFO: [HLS 200-1464] Running solution command: config_export -output=C:/selected_topics_hdmi/pyzq/hw/hls_gray_ip/hls_export
INFO: [HLS 200-1464] Running solution command: config_export -rtl=verilog
INFO: [HLS 200-1510] Running: set_part xc7z020-clg400-1 
INFO: [HLS 200-1510] Running: create_clock -period 10 -name default 
INFO: [HLS 200-1510] Running: config_export -format ip_catalog -output C:/selected_topics_hdmi/pyzq/hw/hls_gray_ip/hls_export -rtl verilog 
INFO: [HLS 200-1510] Running: source ./video_gray_live_prj/solution1/directives.tcl
INFO: [HLS 200-1510] Running: set_directive_top -name video_gray_live video_gray_live 
INFO: [HLS 200-1510] Running: export_design -rtl verilog -format ip_catalog -output C:/selected_topics_hdmi/pyzq/hw/hls_gray_ip/hls_export 
INFO: [IMPL 213-8] Exporting RTL as a Vivado IP.
INFO: [HLS 200-802] Generated output file hls_export/export.zip
INFO: [HLS 200-111] Finished Command export_design CPU user time: 0 seconds. CPU system time: 0 seconds. Elapsed time: 8.868 seconds; current allocated memory: 7.820 MB.
==============================================================
Vitis HLS - High-Level Synthesis from C, C++ and OpenCL v2023.2 (64-bit)
Tool Version Limit: 2023.10
Copyright 1986-2022 Xilinx, Inc. All Rights Reserved.
Copyright 2022-2023 Advanced Micro Devices, Inc. All Rights Reserved.

==============================================================
INFO: [SYN 201-201] Setting up clock 'default' with a period of 10ns.
INFO: [HLS 200-1611] Setting target device to 'xc7z020-clg400-1'
INFO: [HLS 200-1505] Using flow_target 'vivado'
INFO: [HLS 200-1464] Running solution command: config_export -format=ip_catalog
INFO: [HLS 200-1464] Running solution command: config_export -output=C:/selected_topics_hdmi/pyzq/hw/hls_gray_ip/hls_export
INFO: [HLS 200-1464] Running solution command: config_export -rtl=verilog
INFO: [HLS 200-1510] Running: set_part xc7z020-clg400-1 
INFO: [HLS 200-1510] Running: create_clock -period 10 -name default 
INFO: [HLS 200-1510] Running: config_export -format ip_catalog -output C:/selected_topics_hdmi/pyzq/hw/hls_gray_ip/hls_export -rtl verilog 
INFO: [HLS 200-1510] Running: source ./video_gray_live_prj/solution1/directives.tcl
INFO: [HLS 200-1510] Running: set_directive_top -name video_gray_live video_gray_live 
INFO: [HLS 200-1510] Running: csynth_design 
INFO: [HLS 200-111] Finished File checks and directory preparation: CPU user time: 0 seconds. CPU system time: 0 seconds. Elapsed time: 0.046 seconds; current allocated memory: 109.426 MB.
INFO: [HLS 200-10] Analyzing design file 'video_gray_live.cpp' ... 
INFO: [HLS 200-111] Finished Source Code Analysis and Preprocessing: CPU user time: 0 seconds. CPU system time: 0 seconds. Elapsed time: 2.936 seconds; current allocated memory: 111.449 MB.
INFO: [HLS 200-777] Using interface defaults for 'Vivado' flow target.
INFO: [HLS 200-1995] There were 1,471 instructions in the design after the 'Compile/Link' phase of compilation. See the Design Size Report for more details: C:/selected_topics_hdmi/pyzq/hw/hls_gray_ip/video_gray_live_prj/solution1/syn/report/csynth_design_size.rpt
INFO: [HLS 200-1995] There were 216 instructions in the design after the 'Unroll/Inline (step 1)' phase of compilation. See the Design Size Report for more details: C:/selected_topics_hdmi/pyzq/hw/hls_gray_ip/video_gray_live_prj/solution1/syn/report/csynth_design_size.rpt
INFO: [HLS 200-1995] There were 166 instructions in the design after the 'Unroll/Inline (step 2)' phase of compilation. See the Design Size Report for more details: C:/selected_topics_hdmi/pyzq/hw/hls_gray_ip/video_gray_live_prj/solution1/syn/report/csynth_design_size.rpt
INFO: [HLS 200-1995] There were 166 instructions in the design after the 'Unroll/Inline (step 3)' phase of compilation. See the Design Size Report for more details: C:/selected_topics_hdmi/pyzq/hw/hls_gray_ip/video_gray_live_prj/solution1/syn/report/csynth_design_size.rpt
INFO: [HLS 200-1995] There were 166 instructions in the design after the 'Unroll/Inline (step 4)' phase of compilation. See the Design Size Report for more details: C:/selected_topics_hdmi/pyzq/hw/hls_gray_ip/video_gray_live_prj/solution1/syn/report/csynth_design_size.rpt
INFO: [HLS 200-1995] There were 163 instructions in the design after the 'Array/Struct (step 1)' phase of compilation. See the Design Size Report for more details: C:/selected_topics_hdmi/pyzq/hw/hls_gray_ip/video_gray_live_prj/solution1/syn/report/csynth_design_size.rpt
INFO: [HLS 200-1995] There were 163 instructions in the design after the 'Array/Struct (step 2)' phase of compilation. See the Design Size Report for more details: C:/selected_topics_hdmi/pyzq/hw/hls_gray_ip/video_gray_live_prj/solution1/syn/report/csynth_design_size.rpt
INFO: [HLS 200-1995] There were 163 instructions in the design after the 'Array/Struct (step 3)' phase of compilation. See the Design Size Report for more details: C:/selected_topics_hdmi/pyzq/hw/hls_gray_ip/video_gray_live_prj/solution1/syn/report/csynth_design_size.rpt
INFO: [HLS 200-1995] There were 163 instructions in the design after the 'Array/Struct (step 4)' phase of compilation. See the Design Size Report for more details: C:/selected_topics_hdmi/pyzq/hw/hls_gray_ip/video_gray_live_prj/solution1/syn/report/csynth_design_size.rpt
INFO: [HLS 200-1995] There were 275 instructions in the design after the 'Array/Struct (step 5)' phase of compilation. See the Design Size Report for more details: C:/selected_topics_hdmi/pyzq/hw/hls_gray_ip/video_gray_live_prj/solution1/syn/report/csynth_design_size.rpt
INFO: [HLS 200-1995] There were 289 instructions in the design after the 'Performance (step 1)' phase of compilation. See the Design Size Report for more details: C:/selected_topics_hdmi/pyzq/hw/hls_gray_ip/video_gray_live_prj/solution1/syn/report/csynth_design_size.rpt
INFO: [HLS 200-1995] There were 275 instructions in the design after the 'Performance (step 2)' phase of compilation. See the Design Size Report for more details: C:/selected_topics_hdmi/pyzq/hw/hls_gray_ip/video_gray_live_prj/solution1/syn/report/csynth_design_size.rpt
INFO: [HLS 200-1995] There were 176 instructions in the design after the 'Performance (step 3)' phase of compilation. See the Design Size Report for more details: C:/selected_topics_hdmi/pyzq/hw/hls_gray_ip/video_gray_live_prj/solution1/syn/report/csynth_design_size.rpt
INFO: [HLS 200-1995] There were 176 instructions in the design after the 'Performance (step 4)' phase of compilation. See the Design Size Report for more details: C:/selected_topics_hdmi/pyzq/hw/hls_gray_ip/video_gray_live_prj/solution1/syn/report/csynth_design_size.rpt
INFO: [HLS 200-1995] There were 136 instructions in the design after the 'HW Transforms (step 1)' phase of compilation. See the Design Size Report for more details: C:/selected_topics_hdmi/pyzq/hw/hls_gray_ip/video_gray_live_prj/solution1/syn/report/csynth_design_size.rpt
INFO: [HLS 200-1995] There were 110 instructions in the design after the 'HW Transforms (step 2)' phase of compilation. See the Design Size Report for more details: C:/selected_topics_hdmi/pyzq/hw/hls_gray_ip/video_gray_live_prj/solution1/syn/report/csynth_design_size.rpt
INFO: [HLS 200-111] Finished Compiling Optimization and Transform: CPU user time: 0 seconds. CPU system time: 0 seconds. Elapsed time: 8.315 seconds; current allocated memory: 113.680 MB.
INFO: [HLS 200-111] Finished Checking Pragmas: CPU user time: 0 seconds. CPU system time: 0 seconds. Elapsed time: 0.003 seconds; current allocated memory: 113.680 MB.
INFO: [HLS 200-10] Starting code transformations ...
INFO: [HLS 200-111] Finished Standard Transforms: CPU user time: 0 seconds. CPU system time: 0 seconds. Elapsed time: 0.138 seconds; current allocated memory: 118.453 MB.
INFO: [HLS 200-10] Checking synthesizability ...
INFO: [HLS 200-111] Finished Checking Synthesizability: CPU user time: 0 seconds. CPU system time: 0 seconds. Elapsed time: 0.04 seconds; current allocated memory: 120.090 MB.
INFO: [HLS 200-111] Finished Loop, function and other optimizations: CPU user time: 0 seconds. CPU system time: 0 seconds. Elapsed time: 0.082 seconds; current allocated memory: 141.828 MB.
WARNING: [XFORM 203-561] 'VITIS_LOOP_32_1' (video_gray_live.cpp:32:22) in function 'video_gray_live' is an infinite loop.
INFO: [HLS 200-111] Finished Architecture Synthesis: CPU user time: 0 seconds. CPU system time: 0 seconds. Elapsed time: 0.081 seconds; current allocated memory: 141.832 MB.
INFO: [HLS 200-10] Starting hardware synthesis ...
INFO: [HLS 200-10] Synthesizing 'video_gray_live' ...
INFO: [HLS 200-10] ----------------------------------------------------------------
INFO: [HLS 200-42] -- Implementing module 'video_gray_live' 
INFO: [HLS 200-10] ----------------------------------------------------------------
INFO: [SCHED 204-11] Starting scheduling ...
INFO: [SCHED 204-61] Pipelining loop 'VITIS_LOOP_32_1'.
INFO: [HLS 200-1470] Pipelining result : Target II = 1, Final II = 1, Depth = 5, loop 'VITIS_LOOP_32_1'
INFO: [SCHED 204-11] Finished scheduling.
INFO: [HLS 200-111] Finished Scheduling: CPU user time: 0 seconds. CPU system time: 0 seconds. Elapsed time: 0.655 seconds; current allocated memory: 141.832 MB.
INFO: [BIND 205-100] Starting micro-architecture generation ...
INFO: [BIND 205-101] Performing variable lifetime analysis.
INFO: [BIND 205-101] Exploring resource sharing.
INFO: [BIND 205-101] Binding ...
INFO: [BIND 205-100] Finished micro-architecture generation.
INFO: [HLS 200-111] Finished Binding: CPU user time: 0 seconds. CPU system time: 0 seconds. Elapsed time: 0.062 seconds; current allocated memory: 142.406 MB.
INFO: [HLS 200-10] ----------------------------------------------------------------
INFO: [HLS 200-10] -- Generating RTL for module 'video_gray_live' 
INFO: [HLS 200-10] ----------------------------------------------------------------
WARNING: [RTGEN 206-101] Design contains AXI ports. Reset is fixed to synchronous and active low.
INFO: [RTGEN 206-500] Setting interface mode on port 'video_gray_live/in_stream_V_data_V' to 'axis' (register, both mode).
INFO: [RTGEN 206-500] Setting interface mode on port 'video_gray_live/in_stream_V_keep_V' to 'axis' (register, both mode).
INFO: [RTGEN 206-500] Setting interface mode on port 'video_gray_live/in_stream_V_strb_V' to 'axis' (register, both mode).
INFO: [RTGEN 206-500] Setting interface mode on port 'video_gray_live/in_stream_V_user_V' to 'axis' (register, both mode).
INFO: [RTGEN 206-500] Setting interface mode on port 'video_gray_live/in_stream_V_last_V' to 'axis' (register, both mode).
INFO: [RTGEN 206-500] Setting interface mode on port 'video_gray_live/in_stream_V_id_V' to 'axis' (register, both mode).
INFO: [RTGEN 206-500] Setting interface mode on port 'video_gray_live/in_stream_V_dest_V' to 'axis' (register, both mode).
INFO: [RTGEN 206-500] Setting interface mode on port 'video_gray_live/out_stream_V_data_V' to 'axis' (register, both mode).
INFO: [RTGEN 206-500] Setting interface mode on port 'video_gray_live/out_stream_V_keep_V' to 'axis' (register, both mode).
INFO: [RTGEN 206-500] Setting interface mode on port 'video_gray_live/out_stream_V_strb_V' to 'axis' (register, both mode).
INFO: [RTGEN 206-500] Setting interface mode on port 'video_gray_live/out_stream_V_user_V' to 'axis' (register, both mode).
INFO: [RTGEN 206-500] Setting interface mode on port 'video_gray_live/out_stream_V_last_V' to 'axis' (register, both mode).
INFO: [RTGEN 206-500] Setting interface mode on port 'video_gray_live/out_stream_V_id_V' to 'axis' (register, both mode).
INFO: [RTGEN 206-500] Setting interface mode on port 'video_gray_live/out_stream_V_dest_V' to 'axis' (register, both mode).
INFO: [RTGEN 206-500] Setting interface mode on function 'video_gray_live' to 'ap_ctrl_none'.
INFO: [RTGEN 206-100] Finished creating RTL model for 'video_gray_live'.
INFO: [RTMG 210-278] Implementing memory 'video_gray_live_prev_frame_RAM_2P_BRAM_1R1W' using block RAMs.
INFO: [HLS 200-111] Finished Creating RTL model: CPU user time: 1 seconds. CPU system time: 0 seconds. Elapsed time: 0.163 seconds; current allocated memory: 145.578 MB.
INFO: [HLS 200-111] Finished Generating all RTL models: CPU user time: 0 seconds. CPU system time: 0 seconds. Elapsed time: 0.41 seconds; current allocated memory: 151.375 MB.
INFO: [HLS 200-111] Finished Updating report files: CPU user time: 0 seconds. CPU system time: 0 seconds. Elapsed time: 0.267 seconds; current allocated memory: 155.996 MB.
INFO: [VHDL 208-304] Generating VHDL RTL for video_gray_live.
INFO: [VLOG 209-307] Generating Verilog RTL for video_gray_live.
INFO: [HLS 200-790] **** Loop Constraint Status: All loop constraints were satisfied.
INFO: [HLS 200-789] **** Estimated Fmax: 167.11 MHz
INFO: [HLS 200-111] Finished Command csynth_design CPU user time: 1 seconds. CPU system time: 0 seconds. Elapsed time: 13.228 seconds; current allocated memory: 46.766 MB.
==============================================================
Vitis HLS - High-Level Synthesis from C, C++ and OpenCL v2023.2 (64-bit)
Tool Version Limit: 2023.10
Copyright 1986-2022 Xilinx, Inc. All Rights Reserved.
Copyright 2022-2023 Advanced Micro Devices, Inc. All Rights Reserved.

==============================================================
INFO: [SYN 201-201] Setting up clock 'default' with a period of 10ns.
INFO: [HLS 200-1611] Setting target device to 'xc7z020-clg400-1'
INFO: [HLS 200-1505] Using flow_target 'vivado'
INFO: [HLS 200-1464] Running solution command: config_export -format=ip_catalog
INFO: [HLS 200-1464] Running solution command: config_export -output=C:/selected_topics_hdmi/pyzq/hw/hls_gray_ip/hls_export
INFO: [HLS 200-1464] Running solution command: config_export -rtl=verilog
INFO: [HLS 200-1510] Running: set_part xc7z020-clg400-1 
INFO: [HLS 200-1510] Running: create_clock -period 10 -name default 
INFO: [HLS 200-1510] Running: config_export -format ip_catalog -output C:/selected_topics_hdmi/pyzq/hw/hls_gray_ip/hls_export -rtl verilog 
INFO: [HLS 200-1510] Running: source ./video_gray_live_prj/solution1/directives.tcl
INFO: [HLS 200-1510] Running: set_directive_top -name video_gray_live video_gray_live 
INFO: [HLS 200-1510] Running: export_design -rtl verilog -format ip_catalog -output C:/selected_topics_hdmi/pyzq/hw/hls_gray_ip/hls_export 
INFO: [IMPL 213-8] Exporting RTL as a Vivado IP.
INFO: [HLS 200-802] Generated output file hls_export/export.zip
INFO: [HLS 200-111] Finished Command export_design CPU user time: 0 seconds. CPU system time: 1 seconds. Elapsed time: 8.017 seconds; current allocated memory: 6.781 MB.
==============================================================
Vitis HLS - High-Level Synthesis from C, C++ and OpenCL v2023.2 (64-bit)
Tool Version Limit: 2023.10
Copyright 1986-2022 Xilinx, Inc. All Rights Reserved.
Copyright 2022-2023 Advanced Micro Devices, Inc. All Rights Reserved.

==============================================================
INFO: [SYN 201-201] Setting up clock 'default' with a period of 10ns.
INFO: [HLS 200-1611] Setting target device to 'xc7z020-clg400-1'
INFO: [HLS 200-1505] Using flow_target 'vivado'
INFO: [HLS 200-1464] Running solution command: config_export -format=ip_catalog
INFO: [HLS 200-1464] Running solution command: config_export -output=C:/selected_topics_hdmi/pyzq/hw/hls_gray_ip/hls_export
INFO: [HLS 200-1464] Running solution command: config_export -rtl=verilog
INFO: [HLS 200-1510] Running: set_part xc7z020-clg400-1 
INFO: [HLS 200-1510] Running: create_clock -period 10 -name default 
INFO: [HLS 200-1510] Running: config_export -format ip_catalog -output C:/selected_topics_hdmi/pyzq/hw/hls_gray_ip/hls_export -rtl verilog 
INFO: [HLS 200-1510] Running: source ./video_gray_live_prj/solution1/directives.tcl
INFO: [HLS 200-1510] Running: set_directive_top -name video_gray_live video_gray_live 
INFO: [HLS 200-1510] Running: csynth_design 
INFO: [HLS 200-111] Finished File checks and directory preparation: CPU user time: 0 seconds. CPU system time: 0 seconds. Elapsed time: 0.045 seconds; current allocated memory: 109.953 MB.
INFO: [HLS 200-10] Analyzing design file 'video_gray_live.cpp' ... 
INFO: [HLS 200-111] Finished Source Code Analysis and Preprocessing: CPU user time: 0 seconds. CPU system time: 1 seconds. Elapsed time: 2.806 seconds; current allocated memory: 112.281 MB.
INFO: [HLS 200-777] Using interface defaults for 'Vivado' flow target.
INFO: [HLS 200-1995] There were 1,529 instructions in the design after the 'Compile/Link' phase of compilation. See the Design Size Report for more details: C:/selected_topics_hdmi/pyzq/hw/hls_gray_ip/video_gray_live_prj/solution1/syn/report/csynth_design_size.rpt
INFO: [HLS 200-1995] There were 220 instructions in the design after the 'Unroll/Inline (step 1)' phase of compilation. See the Design Size Report for more details: C:/selected_topics_hdmi/pyzq/hw/hls_gray_ip/video_gray_live_prj/solution1/syn/report/csynth_design_size.rpt
INFO: [HLS 200-1995] There were 172 instructions in the design after the 'Unroll/Inline (step 2)' phase of compilation. See the Design Size Report for more details: C:/selected_topics_hdmi/pyzq/hw/hls_gray_ip/video_gray_live_prj/solution1/syn/report/csynth_design_size.rpt
INFO: [HLS 200-1995] There were 172 instructions in the design after the 'Unroll/Inline (step 3)' phase of compilation. See the Design Size Report for more details: C:/selected_topics_hdmi/pyzq/hw/hls_gray_ip/video_gray_live_prj/solution1/syn/report/csynth_design_size.rpt
INFO: [HLS 200-1995] There were 170 instructions in the design after the 'Unroll/Inline (step 4)' phase of compilation. See the Design Size Report for more details: C:/selected_topics_hdmi/pyzq/hw/hls_gray_ip/video_gray_live_prj/solution1/syn/report/csynth_design_size.rpt
INFO: [HLS 200-1995] There were 167 instructions in the design after the 'Array/Struct (step 1)' phase of compilation. See the Design Size Report for more details: C:/selected_topics_hdmi/pyzq/hw/hls_gray_ip/video_gray_live_prj/solution1/syn/report/csynth_design_size.rpt
INFO: [HLS 200-1995] There were 167 instructions in the design after the 'Array/Struct (step 2)' phase of compilation. See the Design Size Report for more details: C:/selected_topics_hdmi/pyzq/hw/hls_gray_ip/video_gray_live_prj/solution1/syn/report/csynth_design_size.rpt
INFO: [HLS 200-1995] There were 167 instructions in the design after the 'Array/Struct (step 3)' phase of compilation. See the Design Size Report for more details: C:/selected_topics_hdmi/pyzq/hw/hls_gray_ip/video_gray_live_prj/solution1/syn/report/csynth_design_size.rpt
INFO: [HLS 200-1995] There were 167 instructions in the design after the 'Array/Struct (step 4)' phase of compilation. See the Design Size Report for more details: C:/selected_topics_hdmi/pyzq/hw/hls_gray_ip/video_gray_live_prj/solution1/syn/report/csynth_design_size.rpt
INFO: [HLS 200-1995] There were 279 instructions in the design after the 'Array/Struct (step 5)' phase of compilation. See the Design Size Report for more details: C:/selected_topics_hdmi/pyzq/hw/hls_gray_ip/video_gray_live_prj/solution1/syn/report/csynth_design_size.rpt
INFO: [HLS 200-1995] There were 293 instructions in the design after the 'Performance (step 1)' phase of compilation. See the Design Size Report for more details: C:/selected_topics_hdmi/pyzq/hw/hls_gray_ip/video_gray_live_prj/solution1/syn/report/csynth_design_size.rpt
INFO: [HLS 200-1995] There were 279 instructions in the design after the 'Performance (step 2)' phase of compilation. See the Design Size Report for more details: C:/selected_topics_hdmi/pyzq/hw/hls_gray_ip/video_gray_live_prj/solution1/syn/report/csynth_design_size.rpt
INFO: [HLS 200-1995] There were 180 instructions in the design after the 'Performance (step 3)' phase of compilation. See the Design Size Report for more details: C:/selected_topics_hdmi/pyzq/hw/hls_gray_ip/video_gray_live_prj/solution1/syn/report/csynth_design_size.rpt
INFO: [HLS 200-1995] There were 180 instructions in the design after the 'Performance (step 4)' phase of compilation. See the Design Size Report for more details: C:/selected_topics_hdmi/pyzq/hw/hls_gray_ip/video_gray_live_prj/solution1/syn/report/csynth_design_size.rpt
INFO: [HLS 200-1995] There were 140 instructions in the design after the 'HW Transforms (step 1)' phase of compilation. See the Design Size Report for more details: C:/selected_topics_hdmi/pyzq/hw/hls_gray_ip/video_gray_live_prj/solution1/syn/report/csynth_design_size.rpt
INFO: [HLS 200-1995] There were 114 instructions in the design after the 'HW Transforms (step 2)' phase of compilation. See the Design Size Report for more details: C:/selected_topics_hdmi/pyzq/hw/hls_gray_ip/video_gray_live_prj/solution1/syn/report/csynth_design_size.rpt
INFO: [HLS 200-111] Finished Compiling Optimization and Transform: CPU user time: 0 seconds. CPU system time: 0 seconds. Elapsed time: 8.172 seconds; current allocated memory: 114.195 MB.
INFO: [HLS 200-111] Finished Checking Pragmas: CPU user time: 0 seconds. CPU system time: 0 seconds. Elapsed time: 0.001 seconds; current allocated memory: 114.195 MB.
INFO: [HLS 200-10] Starting code transformations ...
INFO: [HLS 200-111] Finished Standard Transforms: CPU user time: 0 seconds. CPU system time: 0 seconds. Elapsed time: 0.102 seconds; current allocated memory: 119.332 MB.
INFO: [HLS 200-10] Checking synthesizability ...
INFO: [HLS 200-111] Finished Checking Synthesizability: CPU user time: 0 seconds. CPU system time: 0 seconds. Elapsed time: 0.023 seconds; current allocated memory: 121.125 MB.
INFO: [HLS 200-111] Finished Loop, function and other optimizations: CPU user time: 0 seconds. CPU system time: 0 seconds. Elapsed time: 0.051 seconds; current allocated memory: 142.750 MB.
WARNING: [XFORM 203-561] 'VITIS_LOOP_32_1' (video_gray_live.cpp:32:22) in function 'video_gray_live' is an infinite loop.
INFO: [HLS 200-111] Finished Architecture Synthesis: CPU user time: 0 seconds. CPU system time: 0 seconds. Elapsed time: 0.048 seconds; current allocated memory: 142.750 MB.
INFO: [HLS 200-10] Starting hardware synthesis ...
INFO: [HLS 200-10] Synthesizing 'video_gray_live' ...
INFO: [HLS 200-10] ----------------------------------------------------------------
INFO: [HLS 200-42] -- Implementing module 'video_gray_live' 
INFO: [HLS 200-10] ----------------------------------------------------------------
INFO: [SCHED 204-11] Starting scheduling ...
INFO: [SCHED 204-61] Pipelining loop 'VITIS_LOOP_32_1'.
INFO: [HLS 200-1470] Pipelining result : Target II = 1, Final II = 1, Depth = 4, loop 'VITIS_LOOP_32_1'
INFO: [SCHED 204-11] Finished scheduling.
INFO: [HLS 200-111] Finished Scheduling: CPU user time: 0 seconds. CPU system time: 0 seconds. Elapsed time: 0.547 seconds; current allocated memory: 142.750 MB.
INFO: [BIND 205-100] Starting micro-architecture generation ...
INFO: [BIND 205-101] Performing variable lifetime analysis.
INFO: [BIND 205-101] Exploring resource sharing.
INFO: [BIND 205-101] Binding ...
INFO: [BIND 205-100] Finished micro-architecture generation.
INFO: [HLS 200-111] Finished Binding: CPU user time: 0 seconds. CPU system time: 0 seconds. Elapsed time: 0.04 seconds; current allocated memory: 143.387 MB.
INFO: [HLS 200-10] ----------------------------------------------------------------
INFO: [HLS 200-10] -- Generating RTL for module 'video_gray_live' 
INFO: [HLS 200-10] ----------------------------------------------------------------
WARNING: [RTGEN 206-101] Design contains AXI ports. Reset is fixed to synchronous and active low.
INFO: [RTGEN 206-500] Setting interface mode on port 'video_gray_live/in_stream_V_data_V' to 'axis' (register, both mode).
INFO: [RTGEN 206-500] Setting interface mode on port 'video_gray_live/in_stream_V_keep_V' to 'axis' (register, both mode).
INFO: [RTGEN 206-500] Setting interface mode on port 'video_gray_live/in_stream_V_strb_V' to 'axis' (register, both mode).
INFO: [RTGEN 206-500] Setting interface mode on port 'video_gray_live/in_stream_V_user_V' to 'axis' (register, both mode).
INFO: [RTGEN 206-500] Setting interface mode on port 'video_gray_live/in_stream_V_last_V' to 'axis' (register, both mode).
INFO: [RTGEN 206-500] Setting interface mode on port 'video_gray_live/in_stream_V_id_V' to 'axis' (register, both mode).
INFO: [RTGEN 206-500] Setting interface mode on port 'video_gray_live/in_stream_V_dest_V' to 'axis' (register, both mode).
INFO: [RTGEN 206-500] Setting interface mode on port 'video_gray_live/out_stream_V_data_V' to 'axis' (register, both mode).
INFO: [RTGEN 206-500] Setting interface mode on port 'video_gray_live/out_stream_V_keep_V' to 'axis' (register, both mode).
INFO: [RTGEN 206-500] Setting interface mode on port 'video_gray_live/out_stream_V_strb_V' to 'axis' (register, both mode).
INFO: [RTGEN 206-500] Setting interface mode on port 'video_gray_live/out_stream_V_user_V' to 'axis' (register, both mode).
INFO: [RTGEN 206-500] Setting interface mode on port 'video_gray_live/out_stream_V_last_V' to 'axis' (register, both mode).
INFO: [RTGEN 206-500] Setting interface mode on port 'video_gray_live/out_stream_V_id_V' to 'axis' (register, both mode).
INFO: [RTGEN 206-500] Setting interface mode on port 'video_gray_live/out_stream_V_dest_V' to 'axis' (register, both mode).
INFO: [RTGEN 206-500] Setting interface mode on function 'video_gray_live' to 'ap_ctrl_none'.
INFO: [RTGEN 206-100] Finished creating RTL model for 'video_gray_live'.
INFO: [RTMG 210-278] Implementing memory 'video_gray_live_prev_frame_RAM_2P_LUTRAM_1R1W' using distributed RAMs.
INFO: [HLS 200-111] Finished Creating RTL model: CPU user time: 0 seconds. CPU system time: 0 seconds. Elapsed time: 0.093 seconds; current allocated memory: 146.492 MB.
INFO: [HLS 200-111] Finished Generating all RTL models: CPU user time: 0 seconds. CPU system time: 0 seconds. Elapsed time: 0.239 seconds; current allocated memory: 151.988 MB.
INFO: [HLS 200-111] Finished Updating report files: CPU user time: 1 seconds. CPU system time: 0 seconds. Elapsed time: 0.273 seconds; current allocated memory: 156.711 MB.
INFO: [VHDL 208-304] Generating VHDL RTL for video_gray_live.
INFO: [VLOG 209-307] Generating Verilog RTL for video_gray_live.
INFO: [HLS 200-790] **** Loop Constraint Status: All loop constraints were satisfied.
INFO: [HLS 200-789] **** Estimated Fmax: 144.86 MHz
INFO: [HLS 200-111] Finished Command csynth_design CPU user time: 1 seconds. CPU system time: 1 seconds. Elapsed time: 12.456 seconds; current allocated memory: 46.906 MB.
==============================================================
Vitis HLS - High-Level Synthesis from C, C++ and OpenCL v2023.2 (64-bit)
Tool Version Limit: 2023.10
Copyright 1986-2022 Xilinx, Inc. All Rights Reserved.
Copyright 2022-2023 Advanced Micro Devices, Inc. All Rights Reserved.

==============================================================
INFO: [SYN 201-201] Setting up clock 'default' with a period of 10ns.
INFO: [HLS 200-1611] Setting target device to 'xc7z020-clg400-1'
INFO: [HLS 200-1505] Using flow_target 'vivado'
INFO: [HLS 200-1464] Running solution command: config_export -format=ip_catalog
INFO: [HLS 200-1464] Running solution command: config_export -output=C:/selected_topics_hdmi/pyzq/hw/hls_gray_ip/hls_export
INFO: [HLS 200-1464] Running solution command: config_export -rtl=verilog
INFO: [HLS 200-1510] Running: set_part xc7z020-clg400-1 
INFO: [HLS 200-1510] Running: create_clock -period 10 -name default 
INFO: [HLS 200-1510] Running: config_export -format ip_catalog -output C:/selected_topics_hdmi/pyzq/hw/hls_gray_ip/hls_export -rtl verilog 
INFO: [HLS 200-1510] Running: source ./video_gray_live_prj/solution1/directives.tcl
INFO: [HLS 200-1510] Running: set_directive_top -name video_gray_live video_gray_live 
INFO: [HLS 200-1510] Running: export_design -rtl verilog -format ip_catalog -output C:/selected_topics_hdmi/pyzq/hw/hls_gray_ip/hls_export 
INFO: [IMPL 213-8] Exporting RTL as a Vivado IP.
INFO: [HLS 200-802] Generated output file hls_export/export.zip
INFO: [HLS 200-111] Finished Command export_design CPU user time: 0 seconds. CPU system time: 1 seconds. Elapsed time: 8.603 seconds; current allocated memory: 6.809 MB.
==============================================================
Vitis HLS - High-Level Synthesis from C, C++ and OpenCL v2023.2 (64-bit)
Tool Version Limit: 2023.10
Copyright 1986-2022 Xilinx, Inc. All Rights Reserved.
Copyright 2022-2023 Advanced Micro Devices, Inc. All Rights Reserved.

==============================================================
INFO: [SYN 201-201] Setting up clock 'default' with a period of 10ns.
INFO: [HLS 200-1611] Setting target device to 'xc7z020-clg400-1'
INFO: [HLS 200-1505] Using flow_target 'vivado'
INFO: [HLS 200-1464] Running solution command: config_export -format=ip_catalog
INFO: [HLS 200-1464] Running solution command: config_export -output=C:/selected_topics_hdmi/pyzq/hw/hls_gray_ip/hls_export
INFO: [HLS 200-1464] Running solution command: config_export -rtl=verilog
INFO: [HLS 200-1510] Running: set_part xc7z020-clg400-1 
INFO: [HLS 200-1510] Running: create_clock -period 10 -name default 
INFO: [HLS 200-1510] Running: config_export -format ip_catalog -output C:/selected_topics_hdmi/pyzq/hw/hls_gray_ip/hls_export -rtl verilog 
INFO: [HLS 200-1510] Running: source ./video_gray_live_prj/solution1/directives.tcl
INFO: [HLS 200-1510] Running: set_directive_top -name video_gray_live video_gray_live 
INFO: [HLS 200-1510] Running: csynth_design 
INFO: [HLS 200-111] Finished File checks and directory preparation: CPU user time: 0 seconds. CPU system time: 1 seconds. Elapsed time: 0.043 seconds; current allocated memory: 110.176 MB.
INFO: [HLS 200-10] Analyzing design file 'video_gray_live.cpp' ... 
INFO: [HLS 200-111] Finished Source Code Analysis and Preprocessing: CPU user time: 0 seconds. CPU system time: 0 seconds. Elapsed time: 2.806 seconds; current allocated memory: 112.555 MB.
INFO: [HLS 200-777] Using interface defaults for 'Vivado' flow target.
INFO: [HLS 200-1995] There were 1,553 instructions in the design after the 'Compile/Link' phase of compilation. See the Design Size Report for more details: C:/selected_topics_hdmi/pyzq/hw/hls_gray_ip/video_gray_live_prj/solution1/syn/report/csynth_design_size.rpt
INFO: [HLS 200-1995] There were 224 instructions in the design after the 'Unroll/Inline (step 1)' phase of compilation. See the Design Size Report for more details: C:/selected_topics_hdmi/pyzq/hw/hls_gray_ip/video_gray_live_prj/solution1/syn/report/csynth_design_size.rpt
INFO: [HLS 200-1995] There were 174 instructions in the design after the 'Unroll/Inline (step 2)' phase of compilation. See the Design Size Report for more details: C:/selected_topics_hdmi/pyzq/hw/hls_gray_ip/video_gray_live_prj/solution1/syn/report/csynth_design_size.rpt
INFO: [HLS 200-1995] There were 174 instructions in the design after the 'Unroll/Inline (step 3)' phase of compilation. See the Design Size Report for more details: C:/selected_topics_hdmi/pyzq/hw/hls_gray_ip/video_gray_live_prj/solution1/syn/report/csynth_design_size.rpt
INFO: [HLS 200-1995] There were 174 instructions in the design after the 'Unroll/Inline (step 4)' phase of compilation. See the Design Size Report for more details: C:/selected_topics_hdmi/pyzq/hw/hls_gray_ip/video_gray_live_prj/solution1/syn/report/csynth_design_size.rpt
INFO: [HLS 200-1995] There were 170 instructions in the design after the 'Array/Struct (step 1)' phase of compilation. See the Design Size Report for more details: C:/selected_topics_hdmi/pyzq/hw/hls_gray_ip/video_gray_live_prj/solution1/syn/report/csynth_design_size.rpt
INFO: [HLS 200-1995] There were 170 instructions in the design after the 'Array/Struct (step 2)' phase of compilation. See the Design Size Report for more details: C:/selected_topics_hdmi/pyzq/hw/hls_gray_ip/video_gray_live_prj/solution1/syn/report/csynth_design_size.rpt
INFO: [HLS 200-1995] There were 170 instructions in the design after the 'Array/Struct (step 3)' phase of compilation. See the Design Size Report for more details: C:/selected_topics_hdmi/pyzq/hw/hls_gray_ip/video_gray_live_prj/solution1/syn/report/csynth_design_size.rpt
INFO: [HLS 200-1995] There were 170 instructions in the design after the 'Array/Struct (step 4)' phase of compilation. See the Design Size Report for more details: C:/selected_topics_hdmi/pyzq/hw/hls_gray_ip/video_gray_live_prj/solution1/syn/report/csynth_design_size.rpt
INFO: [HLS 200-1995] There were 282 instructions in the design after the 'Array/Struct (step 5)' phase of compilation. See the Design Size Report for more details: C:/selected_topics_hdmi/pyzq/hw/hls_gray_ip/video_gray_live_prj/solution1/syn/report/csynth_design_size.rpt
INFO: [HLS 200-1995] There were 296 instructions in the design after the 'Performance (step 1)' phase of compilation. See the Design Size Report for more details: C:/selected_topics_hdmi/pyzq/hw/hls_gray_ip/video_gray_live_prj/solution1/syn/report/csynth_design_size.rpt
INFO: [HLS 200-1995] There were 282 instructions in the design after the 'Performance (step 2)' phase of compilation. See the Design Size Report for more details: C:/selected_topics_hdmi/pyzq/hw/hls_gray_ip/video_gray_live_prj/solution1/syn/report/csynth_design_size.rpt
INFO: [HLS 200-1995] There were 183 instructions in the design after the 'Performance (step 3)' phase of compilation. See the Design Size Report for more details: C:/selected_topics_hdmi/pyzq/hw/hls_gray_ip/video_gray_live_prj/solution1/syn/report/csynth_design_size.rpt
INFO: [HLS 200-1995] There were 183 instructions in the design after the 'Performance (step 4)' phase of compilation. See the Design Size Report for more details: C:/selected_topics_hdmi/pyzq/hw/hls_gray_ip/video_gray_live_prj/solution1/syn/report/csynth_design_size.rpt
INFO: [HLS 200-1995] There were 143 instructions in the design after the 'HW Transforms (step 1)' phase of compilation. See the Design Size Report for more details: C:/selected_topics_hdmi/pyzq/hw/hls_gray_ip/video_gray_live_prj/solution1/syn/report/csynth_design_size.rpt
INFO: [HLS 200-1995] There were 117 instructions in the design after the 'HW Transforms (step 2)' phase of compilation. See the Design Size Report for more details: C:/selected_topics_hdmi/pyzq/hw/hls_gray_ip/video_gray_live_prj/solution1/syn/report/csynth_design_size.rpt
INFO: [HLS 200-111] Finished Compiling Optimization and Transform: CPU user time: 0 seconds. CPU system time: 0 seconds. Elapsed time: 7.573 seconds; current allocated memory: 114.656 MB.
INFO: [HLS 200-111] Finished Checking Pragmas: CPU user time: 0 seconds. CPU system time: 0 seconds. Elapsed time: 0.001 seconds; current allocated memory: 114.656 MB.
INFO: [HLS 200-10] Starting code transformations ...
INFO: [HLS 200-111] Finished Standard Transforms: CPU user time: 0 seconds. CPU system time: 0 seconds. Elapsed time: 0.084 seconds; current allocated memory: 119.543 MB.
INFO: [HLS 200-10] Checking synthesizability ...
INFO: [HLS 200-111] Finished Checking Synthesizability: CPU user time: 0 seconds. CPU system time: 0 seconds. Elapsed time: 0.021 seconds; current allocated memory: 121.348 MB.
INFO: [HLS 200-111] Finished Loop, function and other optimizations: CPU user time: 0 seconds. CPU system time: 0 seconds. Elapsed time: 0.049 seconds; current allocated memory: 142.922 MB.
WARNING: [XFORM 203-561] 'VITIS_LOOP_33_1' (video_gray_live.cpp:33:22) in function 'video_gray_live' is an infinite loop.
INFO: [HLS 200-111] Finished Architecture Synthesis: CPU user time: 0 seconds. CPU system time: 0 seconds. Elapsed time: 0.045 seconds; current allocated memory: 142.922 MB.
INFO: [HLS 200-10] Starting hardware synthesis ...
INFO: [HLS 200-10] Synthesizing 'video_gray_live' ...
INFO: [HLS 200-10] ----------------------------------------------------------------
INFO: [HLS 200-42] -- Implementing module 'video_gray_live' 
INFO: [HLS 200-10] ----------------------------------------------------------------
INFO: [SCHED 204-11] Starting scheduling ...
INFO: [SCHED 204-61] Pipelining loop 'VITIS_LOOP_33_1'.
INFO: [HLS 200-1470] Pipelining result : Target II = 1, Final II = 1, Depth = 4, loop 'VITIS_LOOP_33_1'
INFO: [SCHED 204-11] Finished scheduling.
INFO: [HLS 200-111] Finished Scheduling: CPU user time: 0 seconds. CPU system time: 0 seconds. Elapsed time: 0.365 seconds; current allocated memory: 142.922 MB.
INFO: [BIND 205-100] Starting micro-architecture generation ...
INFO: [BIND 205-101] Performing variable lifetime analysis.
INFO: [BIND 205-101] Exploring resource sharing.
INFO: [BIND 205-101] Binding ...
INFO: [BIND 205-100] Finished micro-architecture generation.
INFO: [HLS 200-111] Finished Binding: CPU user time: 0 seconds. CPU system time: 0 seconds. Elapsed time: 0.035 seconds; current allocated memory: 143.762 MB.
INFO: [HLS 200-10] ----------------------------------------------------------------
INFO: [HLS 200-10] -- Generating RTL for module 'video_gray_live' 
INFO: [HLS 200-10] ----------------------------------------------------------------
WARNING: [RTGEN 206-101] Design contains AXI ports. Reset is fixed to synchronous and active low.
INFO: [RTGEN 206-500] Setting interface mode on port 'video_gray_live/in_stream_V_data_V' to 'axis' (register, both mode).
INFO: [RTGEN 206-500] Setting interface mode on port 'video_gray_live/in_stream_V_keep_V' to 'axis' (register, both mode).
INFO: [RTGEN 206-500] Setting interface mode on port 'video_gray_live/in_stream_V_strb_V' to 'axis' (register, both mode).
INFO: [RTGEN 206-500] Setting interface mode on port 'video_gray_live/in_stream_V_user_V' to 'axis' (register, both mode).
INFO: [RTGEN 206-500] Setting interface mode on port 'video_gray_live/in_stream_V_last_V' to 'axis' (register, both mode).
INFO: [RTGEN 206-500] Setting interface mode on port 'video_gray_live/in_stream_V_id_V' to 'axis' (register, both mode).
INFO: [RTGEN 206-500] Setting interface mode on port 'video_gray_live/in_stream_V_dest_V' to 'axis' (register, both mode).
INFO: [RTGEN 206-500] Setting interface mode on port 'video_gray_live/out_stream_V_data_V' to 'axis' (register, both mode).
INFO: [RTGEN 206-500] Setting interface mode on port 'video_gray_live/out_stream_V_keep_V' to 'axis' (register, both mode).
INFO: [RTGEN 206-500] Setting interface mode on port 'video_gray_live/out_stream_V_strb_V' to 'axis' (register, both mode).
INFO: [RTGEN 206-500] Setting interface mode on port 'video_gray_live/out_stream_V_user_V' to 'axis' (register, both mode).
INFO: [RTGEN 206-500] Setting interface mode on port 'video_gray_live/out_stream_V_last_V' to 'axis' (register, both mode).
INFO: [RTGEN 206-500] Setting interface mode on port 'video_gray_live/out_stream_V_id_V' to 'axis' (register, both mode).
INFO: [RTGEN 206-500] Setting interface mode on port 'video_gray_live/out_stream_V_dest_V' to 'axis' (register, both mode).
INFO: [RTGEN 206-500] Setting interface mode on function 'video_gray_live' to 'ap_ctrl_none'.
INFO: [RTGEN 206-100] Finished creating RTL model for 'video_gray_live'.
INFO: [RTMG 210-278] Implementing memory 'video_gray_live_prev_frame_RAM_2P_LUTRAM_1R1W' using distributed RAMs.
INFO: [HLS 200-111] Finished Creating RTL model: CPU user time: 0 seconds. CPU system time: 0 seconds. Elapsed time: 0.097 seconds; current allocated memory: 146.762 MB.
INFO: [HLS 200-111] Finished Generating all RTL models: CPU user time: 0 seconds. CPU system time: 0 seconds. Elapsed time: 0.273 seconds; current allocated memory: 152.680 MB.
INFO: [HLS 200-111] Finished Updating report files: CPU user time: 1 seconds. CPU system time: 0 seconds. Elapsed time: 0.259 seconds; current allocated memory: 157.277 MB.
INFO: [VHDL 208-304] Generating VHDL RTL for video_gray_live.
INFO: [VLOG 209-307] Generating Verilog RTL for video_gray_live.
INFO: [HLS 200-790] **** Loop Constraint Status: All loop constraints were satisfied.
INFO: [HLS 200-789] **** Estimated Fmax: 144.86 MHz
INFO: [HLS 200-111] Finished Command csynth_design CPU user time: 1 seconds. CPU system time: 1 seconds. Elapsed time: 11.667 seconds; current allocated memory: 47.398 MB.
==============================================================
Vitis HLS - High-Level Synthesis from C, C++ and OpenCL v2023.2 (64-bit)
Tool Version Limit: 2023.10
Copyright 1986-2022 Xilinx, Inc. All Rights Reserved.
Copyright 2022-2023 Advanced Micro Devices, Inc. All Rights Reserved.

==============================================================
INFO: [SYN 201-201] Setting up clock 'default' with a period of 10ns.
INFO: [HLS 200-1611] Setting target device to 'xc7z020-clg400-1'
INFO: [HLS 200-1505] Using flow_target 'vivado'
INFO: [HLS 200-1464] Running solution command: config_export -format=ip_catalog
INFO: [HLS 200-1464] Running solution command: config_export -output=C:/selected_topics_hdmi/pyzq/hw/hls_gray_ip/hls_export
INFO: [HLS 200-1464] Running solution command: config_export -rtl=verilog
INFO: [HLS 200-1510] Running: set_part xc7z020-clg400-1 
INFO: [HLS 200-1510] Running: create_clock -period 10 -name default 
INFO: [HLS 200-1510] Running: config_export -format ip_catalog -output C:/selected_topics_hdmi/pyzq/hw/hls_gray_ip/hls_export -rtl verilog 
INFO: [HLS 200-1510] Running: source ./video_gray_live_prj/solution1/directives.tcl
INFO: [HLS 200-1510] Running: set_directive_top -name video_gray_live video_gray_live 
INFO: [HLS 200-1510] Running: export_design -rtl verilog -format ip_catalog -output C:/selected_topics_hdmi/pyzq/hw/hls_gray_ip/hls_export 
INFO: [IMPL 213-8] Exporting RTL as a Vivado IP.
INFO: [HLS 200-802] Generated output file hls_export/export.zip
INFO: [HLS 200-111] Finished Command export_design CPU user time: 0 seconds. CPU system time: 1 seconds. Elapsed time: 10.391 seconds; current allocated memory: 7.320 MB.
==============================================================
Vitis HLS - High-Level Synthesis from C, C++ and OpenCL v2023.2 (64-bit)
Tool Version Limit: 2023.10
Copyright 1986-2022 Xilinx, Inc. All Rights Reserved.
Copyright 2022-2023 Advanced Micro Devices, Inc. All Rights Reserved.

==============================================================
INFO: [SYN 201-201] Setting up clock 'default' with a period of 10ns.
INFO: [HLS 200-1611] Setting target device to 'xc7z020-clg400-1'
INFO: [HLS 200-1505] Using flow_target 'vivado'
INFO: [HLS 200-1464] Running solution command: config_export -format=ip_catalog
INFO: [HLS 200-1464] Running solution command: config_export -output=C:/selected_topics_hdmi/pyzq/hw/hls_gray_ip/hls_export
INFO: [HLS 200-1464] Running solution command: config_export -rtl=verilog
INFO: [HLS 200-1510] Running: set_part xc7z020-clg400-1 
INFO: [HLS 200-1510] Running: create_clock -period 10 -name default 
INFO: [HLS 200-1510] Running: config_export -format ip_catalog -output C:/selected_topics_hdmi/pyzq/hw/hls_gray_ip/hls_export -rtl verilog 
INFO: [HLS 200-1510] Running: source ./video_gray_live_prj/solution1/directives.tcl
INFO: [HLS 200-1510] Running: set_directive_top -name video_gray_live video_gray_live 
INFO: [HLS 200-1510] Running: csynth_design 
INFO: [HLS 200-111] Finished File checks and directory preparation: CPU user time: 0 seconds. CPU system time: 0 seconds. Elapsed time: 0.046 seconds; current allocated memory: 109.867 MB.
INFO: [HLS 200-10] Analyzing design file 'video_gray_live.cpp' ... 
INFO: [HLS 200-111] Finished Source Code Analysis and Preprocessing: CPU user time: 0 seconds. CPU system time: 0 seconds. Elapsed time: 3.186 seconds; current allocated memory: 111.664 MB.
INFO: [HLS 200-777] Using interface defaults for 'Vivado' flow target.
INFO: [HLS 200-1995] There were 1,304 instructions in the design after the 'Compile/Link' phase of compilation. See the Design Size Report for more details: C:/selected_topics_hdmi/pyzq/hw/hls_gray_ip/video_gray_live_prj/solution1/syn/report/csynth_design_size.rpt
INFO: [HLS 200-1995] There were 223 instructions in the design after the 'Unroll/Inline (step 1)' phase of compilation. See the Design Size Report for more details: C:/selected_topics_hdmi/pyzq/hw/hls_gray_ip/video_gray_live_prj/solution1/syn/report/csynth_design_size.rpt
INFO: [HLS 200-1995] There were 169 instructions in the design after the 'Unroll/Inline (step 2)' phase of compilation. See the Design Size Report for more details: C:/selected_topics_hdmi/pyzq/hw/hls_gray_ip/video_gray_live_prj/solution1/syn/report/csynth_design_size.rpt
INFO: [HLS 200-1995] There were 169 instructions in the design after the 'Unroll/Inline (step 3)' phase of compilation. See the Design Size Report for more details: C:/selected_topics_hdmi/pyzq/hw/hls_gray_ip/video_gray_live_prj/solution1/syn/report/csynth_design_size.rpt
INFO: [HLS 200-1995] There were 169 instructions in the design after the 'Unroll/Inline (step 4)' phase of compilation. See the Design Size Report for more details: C:/selected_topics_hdmi/pyzq/hw/hls_gray_ip/video_gray_live_prj/solution1/syn/report/csynth_design_size.rpt
INFO: [HLS 200-1995] There were 164 instructions in the design after the 'Array/Struct (step 1)' phase of compilation. See the Design Size Report for more details: C:/selected_topics_hdmi/pyzq/hw/hls_gray_ip/video_gray_live_prj/solution1/syn/report/csynth_design_size.rpt
INFO: [HLS 200-1995] There were 164 instructions in the design after the 'Array/Struct (step 2)' phase of compilation. See the Design Size Report for more details: C:/selected_topics_hdmi/pyzq/hw/hls_gray_ip/video_gray_live_prj/solution1/syn/report/csynth_design_size.rpt
INFO: [HLS 200-1995] There were 164 instructions in the design after the 'Array/Struct (step 3)' phase of compilation. See the Design Size Report for more details: C:/selected_topics_hdmi/pyzq/hw/hls_gray_ip/video_gray_live_prj/solution1/syn/report/csynth_design_size.rpt
INFO: [HLS 200-1995] There were 164 instructions in the design after the 'Array/Struct (step 4)' phase of compilation. See the Design Size Report for more details: C:/selected_topics_hdmi/pyzq/hw/hls_gray_ip/video_gray_live_prj/solution1/syn/report/csynth_design_size.rpt
INFO: [HLS 200-1995] There were 276 instructions in the design after the 'Array/Struct (step 5)' phase of compilation. See the Design Size Report for more details: C:/selected_topics_hdmi/pyzq/hw/hls_gray_ip/video_gray_live_prj/solution1/syn/report/csynth_design_size.rpt
INFO: [HLS 200-1995] There were 290 instructions in the design after the 'Performance (step 1)' phase of compilation. See the Design Size Report for more details: C:/selected_topics_hdmi/pyzq/hw/hls_gray_ip/video_gray_live_prj/solution1/syn/report/csynth_design_size.rpt
INFO: [HLS 200-1995] There were 276 instructions in the design after the 'Performance (step 2)' phase of compilation. See the Design Size Report for more details: C:/selected_topics_hdmi/pyzq/hw/hls_gray_ip/video_gray_live_prj/solution1/syn/report/csynth_design_size.rpt
INFO: [HLS 200-1995] There were 177 instructions in the design after the 'Performance (step 3)' phase of compilation. See the Design Size Report for more details: C:/selected_topics_hdmi/pyzq/hw/hls_gray_ip/video_gray_live_prj/solution1/syn/report/csynth_design_size.rpt
INFO: [HLS 200-1995] There were 177 instructions in the design after the 'Performance (step 4)' phase of compilation. See the Design Size Report for more details: C:/selected_topics_hdmi/pyzq/hw/hls_gray_ip/video_gray_live_prj/solution1/syn/report/csynth_design_size.rpt
INFO: [HLS 200-1995] There were 137 instructions in the design after the 'HW Transforms (step 1)' phase of compilation. See the Design Size Report for more details: C:/selected_topics_hdmi/pyzq/hw/hls_gray_ip/video_gray_live_prj/solution1/syn/report/csynth_design_size.rpt
INFO: [HLS 200-1995] There were 111 instructions in the design after the 'HW Transforms (step 2)' phase of compilation. See the Design Size Report for more details: C:/selected_topics_hdmi/pyzq/hw/hls_gray_ip/video_gray_live_prj/solution1/syn/report/csynth_design_size.rpt
INFO: [HLS 200-111] Finished Compiling Optimization and Transform: CPU user time: 0 seconds. CPU system time: 0 seconds. Elapsed time: 7.916 seconds; current allocated memory: 113.984 MB.
INFO: [HLS 200-111] Finished Checking Pragmas: CPU user time: 0 seconds. CPU system time: 0 seconds. Elapsed time: 0.002 seconds; current allocated memory: 113.984 MB.
INFO: [HLS 200-10] Starting code transformations ...
INFO: [HLS 200-111] Finished Standard Transforms: CPU user time: 0 seconds. CPU system time: 0 seconds. Elapsed time: 0.026 seconds; current allocated memory: 118.781 MB.
INFO: [HLS 200-10] Checking synthesizability ...
INFO: [HLS 200-111] Finished Checking Synthesizability: CPU user time: 0 seconds. CPU system time: 0 seconds. Elapsed time: 0.02 seconds; current allocated memory: 120.320 MB.
INFO: [HLS 200-111] Finished Loop, function and other optimizations: CPU user time: 0 seconds. CPU system time: 0 seconds. Elapsed time: 0.069 seconds; current allocated memory: 141.520 MB.
WARNING: [XFORM 203-561] 'VITIS_LOOP_34_1' (video_gray_live.cpp:34:22) in function 'video_gray_live' is an infinite loop.
INFO: [HLS 200-111] Finished Architecture Synthesis: CPU user time: 0 seconds. CPU system time: 0 seconds. Elapsed time: 0.054 seconds; current allocated memory: 141.527 MB.
INFO: [HLS 200-10] Starting hardware synthesis ...
INFO: [HLS 200-10] Synthesizing 'video_gray_live' ...
INFO: [HLS 200-10] ----------------------------------------------------------------
INFO: [HLS 200-42] -- Implementing module 'video_gray_live' 
INFO: [HLS 200-10] ----------------------------------------------------------------
INFO: [SCHED 204-11] Starting scheduling ...
INFO: [SCHED 204-61] Pipelining loop 'VITIS_LOOP_34_1'.
INFO: [HLS 200-1470] Pipelining result : Target II = 1, Final II = 1, Depth = 3, loop 'VITIS_LOOP_34_1'
INFO: [SCHED 204-11] Finished scheduling.
INFO: [HLS 200-111] Finished Scheduling: CPU user time: 0 seconds. CPU system time: 0 seconds. Elapsed time: 0.558 seconds; current allocated memory: 141.527 MB.
INFO: [BIND 205-100] Starting micro-architecture generation ...
INFO: [BIND 205-101] Performing variable lifetime analysis.
INFO: [BIND 205-101] Exploring resource sharing.
INFO: [BIND 205-101] Binding ...
INFO: [BIND 205-100] Finished micro-architecture generation.
INFO: [HLS 200-111] Finished Binding: CPU user time: 0 seconds. CPU system time: 0 seconds. Elapsed time: 0.069 seconds; current allocated memory: 142.824 MB.
INFO: [HLS 200-10] ----------------------------------------------------------------
INFO: [HLS 200-10] -- Generating RTL for module 'video_gray_live' 
INFO: [HLS 200-10] ----------------------------------------------------------------
WARNING: [RTGEN 206-101] Design contains AXI ports. Reset is fixed to synchronous and active low.
INFO: [RTGEN 206-500] Setting interface mode on port 'video_gray_live/in_stream_V_data_V' to 'axis' (register, both mode).
INFO: [RTGEN 206-500] Setting interface mode on port 'video_gray_live/in_stream_V_keep_V' to 'axis' (register, both mode).
INFO: [RTGEN 206-500] Setting interface mode on port 'video_gray_live/in_stream_V_strb_V' to 'axis' (register, both mode).
INFO: [RTGEN 206-500] Setting interface mode on port 'video_gray_live/in_stream_V_user_V' to 'axis' (register, both mode).
INFO: [RTGEN 206-500] Setting interface mode on port 'video_gray_live/in_stream_V_last_V' to 'axis' (register, both mode).
INFO: [RTGEN 206-500] Setting interface mode on port 'video_gray_live/in_stream_V_id_V' to 'axis' (register, both mode).
INFO: [RTGEN 206-500] Setting interface mode on port 'video_gray_live/in_stream_V_dest_V' to 'axis' (register, both mode).
INFO: [RTGEN 206-500] Setting interface mode on port 'video_gray_live/out_stream_V_data_V' to 'axis' (register, both mode).
INFO: [RTGEN 206-500] Setting interface mode on port 'video_gray_live/out_stream_V_keep_V' to 'axis' (register, both mode).
INFO: [RTGEN 206-500] Setting interface mode on port 'video_gray_live/out_stream_V_strb_V' to 'axis' (register, both mode).
INFO: [RTGEN 206-500] Setting interface mode on port 'video_gray_live/out_stream_V_user_V' to 'axis' (register, both mode).
INFO: [RTGEN 206-500] Setting interface mode on port 'video_gray_live/out_stream_V_last_V' to 'axis' (register, both mode).
INFO: [RTGEN 206-500] Setting interface mode on port 'video_gray_live/out_stream_V_id_V' to 'axis' (register, both mode).
INFO: [RTGEN 206-500] Setting interface mode on port 'video_gray_live/out_stream_V_dest_V' to 'axis' (register, both mode).
INFO: [RTGEN 206-500] Setting interface mode on function 'video_gray_live' to 'ap_ctrl_none'.
INFO: [RTGEN 206-100] Finished creating RTL model for 'video_gray_live'.
INFO: [RTMG 210-278] Implementing memory 'video_gray_live_prev_frame_RAM_2P_LUTRAM_1R1W' using distributed RAMs.
INFO: [HLS 200-111] Finished Creating RTL model: CPU user time: 0 seconds. CPU system time: 0 seconds. Elapsed time: 0.068 seconds; current allocated memory: 145.992 MB.
INFO: [HLS 200-111] Finished Generating all RTL models: CPU user time: 0 seconds. CPU system time: 0 seconds. Elapsed time: 0.218 seconds; current allocated memory: 151.562 MB.
INFO: [HLS 200-111] Finished Updating report files: CPU user time: 0 seconds. CPU system time: 0 seconds. Elapsed time: 0.247 seconds; current allocated memory: 156.145 MB.
INFO: [VHDL 208-304] Generating VHDL RTL for video_gray_live.
INFO: [VLOG 209-307] Generating Verilog RTL for video_gray_live.
INFO: [HLS 200-790] **** Loop Constraint Status: All loop constraints were satisfied.
INFO: [HLS 200-789] **** Estimated Fmax: 156.39 MHz
INFO: [HLS 200-111] Finished Command csynth_design CPU user time: 1 seconds. CPU system time: 0 seconds. Elapsed time: 12.511 seconds; current allocated memory: 46.395 MB.
==============================================================
Vitis HLS - High-Level Synthesis from C, C++ and OpenCL v2023.2 (64-bit)
Tool Version Limit: 2023.10
Copyright 1986-2022 Xilinx, Inc. All Rights Reserved.
Copyright 2022-2023 Advanced Micro Devices, Inc. All Rights Reserved.

==============================================================
INFO: [SYN 201-201] Setting up clock 'default' with a period of 10ns.
INFO: [HLS 200-1611] Setting target device to 'xc7z020-clg400-1'
INFO: [HLS 200-1505] Using flow_target 'vivado'
INFO: [HLS 200-1464] Running solution command: config_export -format=ip_catalog
INFO: [HLS 200-1464] Running solution command: config_export -output=C:/selected_topics_hdmi/pyzq/hw/hls_gray_ip/hls_export
INFO: [HLS 200-1464] Running solution command: config_export -rtl=verilog
INFO: [HLS 200-1510] Running: set_part xc7z020-clg400-1 
INFO: [HLS 200-1510] Running: create_clock -period 10 -name default 
INFO: [HLS 200-1510] Running: config_export -format ip_catalog -output C:/selected_topics_hdmi/pyzq/hw/hls_gray_ip/hls_export -rtl verilog 
INFO: [HLS 200-1510] Running: source ./video_gray_live_prj/solution1/directives.tcl
INFO: [HLS 200-1510] Running: set_directive_top -name video_gray_live video_gray_live 
INFO: [HLS 200-1510] Running: export_design -rtl verilog -format ip_catalog -output C:/selected_topics_hdmi/pyzq/hw/hls_gray_ip/hls_export 
INFO: [IMPL 213-8] Exporting RTL as a Vivado IP.
INFO: [HLS 200-802] Generated output file hls_export/export.zip
INFO: [HLS 200-111] Finished Command export_design CPU user time: 0 seconds. CPU system time: 0 seconds. Elapsed time: 8.413 seconds; current allocated memory: 7.590 MB.
==============================================================
Vitis HLS - High-Level Synthesis from C, C++ and OpenCL v2023.2 (64-bit)
Tool Version Limit: 2023.10
Copyright 1986-2022 Xilinx, Inc. All Rights Reserved.
Copyright 2022-2023 Advanced Micro Devices, Inc. All Rights Reserved.

==============================================================
INFO: [SYN 201-201] Setting up clock 'default' with a period of 10ns.
INFO: [HLS 200-1611] Setting target device to 'xc7z020-clg400-1'
INFO: [HLS 200-1505] Using flow_target 'vivado'
INFO: [HLS 200-1464] Running solution command: config_export -format=ip_catalog
INFO: [HLS 200-1464] Running solution command: config_export -output=C:/selected_topics_hdmi/pyzq/hw/hls_gray_ip/hls_export
INFO: [HLS 200-1464] Running solution command: config_export -rtl=verilog
INFO: [HLS 200-1510] Running: set_part xc7z020-clg400-1 
INFO: [HLS 200-1510] Running: create_clock -period 10 -name default 
INFO: [HLS 200-1510] Running: config_export -format ip_catalog -output C:/selected_topics_hdmi/pyzq/hw/hls_gray_ip/hls_export -rtl verilog 
INFO: [HLS 200-1510] Running: source ./video_gray_live_prj/solution1/directives.tcl
INFO: [HLS 200-1510] Running: set_directive_top -name video_gray_live video_gray_live 
INFO: [HLS 200-1510] Running: csynth_design 
INFO: [HLS 200-111] Finished File checks and directory preparation: CPU user time: 0 seconds. CPU system time: 0 seconds. Elapsed time: 0.042 seconds; current allocated memory: 109.895 MB.
INFO: [HLS 200-10] Analyzing design file 'video_gray_live.cpp' ... 
INFO: [HLS 200-111] Finished Source Code Analysis and Preprocessing: CPU user time: 0 seconds. CPU system time: 0 seconds. Elapsed time: 2.479 seconds; current allocated memory: 112.180 MB.
INFO: [HLS 200-777] Using interface defaults for 'Vivado' flow target.
INFO: [HLS 200-1995] There were 1,115 instructions in the design after the 'Compile/Link' phase of compilation. See the Design Size Report for more details: C:/selected_topics_hdmi/pyzq/hw/hls_gray_ip/video_gray_live_prj/solution1/syn/report/csynth_design_size.rpt
INFO: [HLS 200-1995] There were 198 instructions in the design after the 'Unroll/Inline (step 1)' phase of compilation. See the Design Size Report for more details: C:/selected_topics_hdmi/pyzq/hw/hls_gray_ip/video_gray_live_prj/solution1/syn/report/csynth_design_size.rpt
INFO: [HLS 200-1995] There were 124 instructions in the design after the 'Unroll/Inline (step 2)' phase of compilation. See the Design Size Report for more details: C:/selected_topics_hdmi/pyzq/hw/hls_gray_ip/video_gray_live_prj/solution1/syn/report/csynth_design_size.rpt
INFO: [HLS 200-1995] There were 112 instructions in the design after the 'Unroll/Inline (step 3)' phase of compilation. See the Design Size Report for more details: C:/selected_topics_hdmi/pyzq/hw/hls_gray_ip/video_gray_live_prj/solution1/syn/report/csynth_design_size.rpt
INFO: [HLS 200-1995] There were 112 instructions in the design after the 'Unroll/Inline (step 4)' phase of compilation. See the Design Size Report for more details: C:/selected_topics_hdmi/pyzq/hw/hls_gray_ip/video_gray_live_prj/solution1/syn/report/csynth_design_size.rpt
INFO: [HLS 200-1995] There were 112 instructions in the design after the 'Array/Struct (step 1)' phase of compilation. See the Design Size Report for more details: C:/selected_topics_hdmi/pyzq/hw/hls_gray_ip/video_gray_live_prj/solution1/syn/report/csynth_design_size.rpt
INFO: [HLS 200-1995] There were 112 instructions in the design after the 'Array/Struct (step 2)' phase of compilation. See the Design Size Report for more details: C:/selected_topics_hdmi/pyzq/hw/hls_gray_ip/video_gray_live_prj/solution1/syn/report/csynth_design_size.rpt
INFO: [HLS 200-1995] There were 112 instructions in the design after the 'Array/Struct (step 3)' phase of compilation. See the Design Size Report for more details: C:/selected_topics_hdmi/pyzq/hw/hls_gray_ip/video_gray_live_prj/solution1/syn/report/csynth_design_size.rpt
INFO: [HLS 200-1995] There were 112 instructions in the design after the 'Array/Struct (step 4)' phase of compilation. See the Design Size Report for more details: C:/selected_topics_hdmi/pyzq/hw/hls_gray_ip/video_gray_live_prj/solution1/syn/report/csynth_design_size.rpt
INFO: [HLS 200-1995] There were 224 instructions in the design after the 'Array/Struct (step 5)' phase of compilation. See the Design Size Report for more details: C:/selected_topics_hdmi/pyzq/hw/hls_gray_ip/video_gray_live_prj/solution1/syn/report/csynth_design_size.rpt
INFO: [HLS 200-1995] There were 238 instructions in the design after the 'Performance (step 1)' phase of compilation. See the Design Size Report for more details: C:/selected_topics_hdmi/pyzq/hw/hls_gray_ip/video_gray_live_prj/solution1/syn/report/csynth_design_size.rpt
INFO: [HLS 200-1995] There were 224 instructions in the design after the 'Performance (step 2)' phase of compilation. See the Design Size Report for more details: C:/selected_topics_hdmi/pyzq/hw/hls_gray_ip/video_gray_live_prj/solution1/syn/report/csynth_design_size.rpt
INFO: [HLS 200-1995] There were 126 instructions in the design after the 'Performance (step 3)' phase of compilation. See the Design Size Report for more details: C:/selected_topics_hdmi/pyzq/hw/hls_gray_ip/video_gray_live_prj/solution1/syn/report/csynth_design_size.rpt
INFO: [HLS 200-1995] There were 126 instructions in the design after the 'Performance (step 4)' phase of compilation. See the Design Size Report for more details: C:/selected_topics_hdmi/pyzq/hw/hls_gray_ip/video_gray_live_prj/solution1/syn/report/csynth_design_size.rpt
INFO: [HLS 200-1995] There were 86 instructions in the design after the 'HW Transforms (step 1)' phase of compilation. See the Design Size Report for more details: C:/selected_topics_hdmi/pyzq/hw/hls_gray_ip/video_gray_live_prj/solution1/syn/report/csynth_design_size.rpt
INFO: [HLS 200-1995] There were 60 instructions in the design after the 'HW Transforms (step 2)' phase of compilation. See the Design Size Report for more details: C:/selected_topics_hdmi/pyzq/hw/hls_gray_ip/video_gray_live_prj/solution1/syn/report/csynth_design_size.rpt
INFO: [HLS 200-111] Finished Compiling Optimization and Transform: CPU user time: 0 seconds. CPU system time: 0 seconds. Elapsed time: 7.353 seconds; current allocated memory: 114.059 MB.
INFO: [HLS 200-111] Finished Checking Pragmas: CPU user time: 0 seconds. CPU system time: 0 seconds. Elapsed time: 0.001 seconds; current allocated memory: 114.066 MB.
INFO: [HLS 200-10] Starting code transformations ...
INFO: [HLS 200-111] Finished Standard Transforms: CPU user time: 0 seconds. CPU system time: 0 seconds. Elapsed time: 0.01 seconds; current allocated memory: 118.320 MB.
INFO: [HLS 200-10] Checking synthesizability ...
INFO: [HLS 200-111] Finished Checking Synthesizability: CPU user time: 0 seconds. CPU system time: 0 seconds. Elapsed time: 0.01 seconds; current allocated memory: 119.980 MB.
INFO: [HLS 200-111] Finished Loop, function and other optimizations: CPU user time: 0 seconds. CPU system time: 0 seconds. Elapsed time: 0.024 seconds; current allocated memory: 141.336 MB.
WARNING: [XFORM 203-561] 'VITIS_LOOP_32_1' (video_gray_live.cpp:32:22) in function 'video_gray_live' is an infinite loop.
INFO: [HLS 200-111] Finished Architecture Synthesis: CPU user time: 0 seconds. CPU system time: 0 seconds. Elapsed time: 0.017 seconds; current allocated memory: 141.344 MB.
INFO: [HLS 200-10] Starting hardware synthesis ...
INFO: [HLS 200-10] Synthesizing 'video_gray_live' ...
INFO: [HLS 200-10] ----------------------------------------------------------------
INFO: [HLS 200-42] -- Implementing module 'video_gray_live' 
INFO: [HLS 200-10] ----------------------------------------------------------------
INFO: [SCHED 204-11] Starting scheduling ...
INFO: [SCHED 204-61] Pipelining loop 'VITIS_LOOP_32_1'.
INFO: [HLS 200-1470] Pipelining result : Target II = 1, Final II = 1, Depth = 2, loop 'VITIS_LOOP_32_1'
INFO: [SCHED 204-11] Finished scheduling.
INFO: [HLS 200-111] Finished Scheduling: CPU user time: 0 seconds. CPU system time: 0 seconds. Elapsed time: 0.434 seconds; current allocated memory: 141.344 MB.
INFO: [BIND 205-100] Starting micro-architecture generation ...
INFO: [BIND 205-101] Performing variable lifetime analysis.
INFO: [BIND 205-101] Exploring resource sharing.
INFO: [BIND 205-101] Binding ...
INFO: [BIND 205-100] Finished micro-architecture generation.
INFO: [HLS 200-111] Finished Binding: CPU user time: 0 seconds. CPU system time: 0 seconds. Elapsed time: 0.014 seconds; current allocated memory: 141.344 MB.
INFO: [HLS 200-10] ----------------------------------------------------------------
INFO: [HLS 200-10] -- Generating RTL for module 'video_gray_live' 
INFO: [HLS 200-10] ----------------------------------------------------------------
WARNING: [RTGEN 206-101] Design contains AXI ports. Reset is fixed to synchronous and active low.
INFO: [RTGEN 206-500] Setting interface mode on port 'video_gray_live/in_stream_V_data_V' to 'axis' (register, both mode).
INFO: [RTGEN 206-500] Setting interface mode on port 'video_gray_live/in_stream_V_keep_V' to 'axis' (register, both mode).
INFO: [RTGEN 206-500] Setting interface mode on port 'video_gray_live/in_stream_V_strb_V' to 'axis' (register, both mode).
INFO: [RTGEN 206-500] Setting interface mode on port 'video_gray_live/in_stream_V_user_V' to 'axis' (register, both mode).
INFO: [RTGEN 206-500] Setting interface mode on port 'video_gray_live/in_stream_V_last_V' to 'axis' (register, both mode).
INFO: [RTGEN 206-500] Setting interface mode on port 'video_gray_live/in_stream_V_id_V' to 'axis' (register, both mode).
INFO: [RTGEN 206-500] Setting interface mode on port 'video_gray_live/in_stream_V_dest_V' to 'axis' (register, both mode).
INFO: [RTGEN 206-500] Setting interface mode on port 'video_gray_live/out_stream_V_data_V' to 'axis' (register, both mode).
INFO: [RTGEN 206-500] Setting interface mode on port 'video_gray_live/out_stream_V_keep_V' to 'axis' (register, both mode).
INFO: [RTGEN 206-500] Setting interface mode on port 'video_gray_live/out_stream_V_strb_V' to 'axis' (register, both mode).
INFO: [RTGEN 206-500] Setting interface mode on port 'video_gray_live/out_stream_V_user_V' to 'axis' (register, both mode).
INFO: [RTGEN 206-500] Setting interface mode on port 'video_gray_live/out_stream_V_last_V' to 'axis' (register, both mode).
INFO: [RTGEN 206-500] Setting interface mode on port 'video_gray_live/out_stream_V_id_V' to 'axis' (register, both mode).
INFO: [RTGEN 206-500] Setting interface mode on port 'video_gray_live/out_stream_V_dest_V' to 'axis' (register, both mode).
INFO: [RTGEN 206-500] Setting interface mode on function 'video_gray_live' to 'ap_ctrl_none'.
INFO: [RTGEN 206-100] Finished creating RTL model for 'video_gray_live'.
INFO: [HLS 200-111] Finished Creating RTL model: CPU user time: 0 seconds. CPU system time: 0 seconds. Elapsed time: 0.034 seconds; current allocated memory: 142.820 MB.
INFO: [HLS 200-111] Finished Generating all RTL models: CPU user time: 1 seconds. CPU system time: 0 seconds. Elapsed time: 0.182 seconds; current allocated memory: 147.590 MB.
INFO: [HLS 200-111] Finished Updating report files: CPU user time: 0 seconds. CPU system time: 1 seconds. Elapsed time: 0.25 seconds; current allocated memory: 152.297 MB.
INFO: [VHDL 208-304] Generating VHDL RTL for video_gray_live.
INFO: [VLOG 209-307] Generating Verilog RTL for video_gray_live.
INFO: [HLS 200-790] **** Loop Constraint Status: All loop constraints were satisfied.
INFO: [HLS 200-789] **** Estimated Fmax: 203.75 MHz
INFO: [HLS 200-111] Finished Command csynth_design CPU user time: 1 seconds. CPU system time: 1 seconds. Elapsed time: 10.868 seconds; current allocated memory: 42.754 MB.
==============================================================
Vitis HLS - High-Level Synthesis from C, C++ and OpenCL v2023.2 (64-bit)
Tool Version Limit: 2023.10
Copyright 1986-2022 Xilinx, Inc. All Rights Reserved.
Copyright 2022-2023 Advanced Micro Devices, Inc. All Rights Reserved.

==============================================================
INFO: [SYN 201-201] Setting up clock 'default' with a period of 10ns.
INFO: [HLS 200-1611] Setting target device to 'xc7z020-clg400-1'
INFO: [HLS 200-1505] Using flow_target 'vivado'
INFO: [HLS 200-1464] Running solution command: config_export -format=ip_catalog
INFO: [HLS 200-1464] Running solution command: config_export -output=C:/selected_topics_hdmi/pyzq/hw/hls_gray_ip/hls_export
INFO: [HLS 200-1464] Running solution command: config_export -rtl=verilog
INFO: [HLS 200-1510] Running: set_part xc7z020-clg400-1 
INFO: [HLS 200-1510] Running: create_clock -period 10 -name default 
INFO: [HLS 200-1510] Running: config_export -format ip_catalog -output C:/selected_topics_hdmi/pyzq/hw/hls_gray_ip/hls_export -rtl verilog 
INFO: [HLS 200-1510] Running: source ./video_gray_live_prj/solution1/directives.tcl
INFO: [HLS 200-1510] Running: set_directive_top -name video_gray_live video_gray_live 
INFO: [HLS 200-1510] Running: export_design -rtl verilog -format ip_catalog -output C:/selected_topics_hdmi/pyzq/hw/hls_gray_ip/hls_export 
INFO: [IMPL 213-8] Exporting RTL as a Vivado IP.
INFO: [HLS 200-802] Generated output file hls_export/export.zip
INFO: [HLS 200-111] Finished Command export_design CPU user time: 0 seconds. CPU system time: 0 seconds. Elapsed time: 7.896 seconds; current allocated memory: 7.082 MB.
==============================================================
Vitis HLS - High-Level Synthesis from C, C++ and OpenCL v2023.2 (64-bit)
Tool Version Limit: 2023.10
Copyright 1986-2022 Xilinx, Inc. All Rights Reserved.
Copyright 2022-2023 Advanced Micro Devices, Inc. All Rights Reserved.

==============================================================
INFO: [SYN 201-201] Setting up clock 'default' with a period of 10ns.
INFO: [HLS 200-1611] Setting target device to 'xc7z020-clg400-1'
INFO: [HLS 200-1505] Using flow_target 'vivado'
INFO: [HLS 200-1464] Running solution command: config_export -format=ip_catalog
INFO: [HLS 200-1464] Running solution command: config_export -output=C:/selected_topics_hdmi/pyzq/hw/hls_gray_ip/hls_export
INFO: [HLS 200-1464] Running solution command: config_export -rtl=verilog
INFO: [HLS 200-1510] Running: set_part xc7z020-clg400-1 
INFO: [HLS 200-1510] Running: create_clock -period 10 -name default 
INFO: [HLS 200-1510] Running: config_export -format ip_catalog -output C:/selected_topics_hdmi/pyzq/hw/hls_gray_ip/hls_export -rtl verilog 
INFO: [HLS 200-1510] Running: source ./video_gray_live_prj/solution1/directives.tcl
INFO: [HLS 200-1510] Running: set_directive_top -name video_gray_live video_gray_live 
INFO: [HLS 200-1510] Running: csynth_design 
INFO: [HLS 200-111] Finished File checks and directory preparation: CPU user time: 0 seconds. CPU system time: 0 seconds. Elapsed time: 0.053 seconds; current allocated memory: 109.730 MB.
INFO: [HLS 200-10] Analyzing design file 'video_gray_live.cpp' ... 
INFO: [HLS 200-111] Finished Source Code Analysis and Preprocessing: CPU user time: 0 seconds. CPU system time: 1 seconds. Elapsed time: 2.504 seconds; current allocated memory: 111.863 MB.
INFO: [HLS 200-777] Using interface defaults for 'Vivado' flow target.
INFO: [HLS 200-1995] There were 1,246 instructions in the design after the 'Compile/Link' phase of compilation. See the Design Size Report for more details: C:/selected_topics_hdmi/pyzq/hw/hls_gray_ip/video_gray_live_prj/solution1/syn/report/csynth_design_size.rpt
INFO: [HLS 200-1995] There were 219 instructions in the design after the 'Unroll/Inline (step 1)' phase of compilation. See the Design Size Report for more details: C:/selected_topics_hdmi/pyzq/hw/hls_gray_ip/video_gray_live_prj/solution1/syn/report/csynth_design_size.rpt
INFO: [HLS 200-1995] There were 163 instructions in the design after the 'Unroll/Inline (step 2)' phase of compilation. See the Design Size Report for more details: C:/selected_topics_hdmi/pyzq/hw/hls_gray_ip/video_gray_live_prj/solution1/syn/report/csynth_design_size.rpt
INFO: [HLS 200-1995] There were 163 instructions in the design after the 'Unroll/Inline (step 3)' phase of compilation. See the Design Size Report for more details: C:/selected_topics_hdmi/pyzq/hw/hls_gray_ip/video_gray_live_prj/solution1/syn/report/csynth_design_size.rpt
INFO: [HLS 200-1995] There were 163 instructions in the design after the 'Unroll/Inline (step 4)' phase of compilation. See the Design Size Report for more details: C:/selected_topics_hdmi/pyzq/hw/hls_gray_ip/video_gray_live_prj/solution1/syn/report/csynth_design_size.rpt
INFO: [HLS 200-1995] There were 158 instructions in the design after the 'Array/Struct (step 1)' phase of compilation. See the Design Size Report for more details: C:/selected_topics_hdmi/pyzq/hw/hls_gray_ip/video_gray_live_prj/solution1/syn/report/csynth_design_size.rpt
INFO: [HLS 200-1995] There were 158 instructions in the design after the 'Array/Struct (step 2)' phase of compilation. See the Design Size Report for more details: C:/selected_topics_hdmi/pyzq/hw/hls_gray_ip/video_gray_live_prj/solution1/syn/report/csynth_design_size.rpt
INFO: [HLS 200-1995] There were 158 instructions in the design after the 'Array/Struct (step 3)' phase of compilation. See the Design Size Report for more details: C:/selected_topics_hdmi/pyzq/hw/hls_gray_ip/video_gray_live_prj/solution1/syn/report/csynth_design_size.rpt
INFO: [HLS 200-1995] There were 158 instructions in the design after the 'Array/Struct (step 4)' phase of compilation. See the Design Size Report for more details: C:/selected_topics_hdmi/pyzq/hw/hls_gray_ip/video_gray_live_prj/solution1/syn/report/csynth_design_size.rpt
INFO: [HLS 200-1995] There were 270 instructions in the design after the 'Array/Struct (step 5)' phase of compilation. See the Design Size Report for more details: C:/selected_topics_hdmi/pyzq/hw/hls_gray_ip/video_gray_live_prj/solution1/syn/report/csynth_design_size.rpt
INFO: [HLS 200-1995] There were 284 instructions in the design after the 'Performance (step 1)' phase of compilation. See the Design Size Report for more details: C:/selected_topics_hdmi/pyzq/hw/hls_gray_ip/video_gray_live_prj/solution1/syn/report/csynth_design_size.rpt
INFO: [HLS 200-1995] There were 270 instructions in the design after the 'Performance (step 2)' phase of compilation. See the Design Size Report for more details: C:/selected_topics_hdmi/pyzq/hw/hls_gray_ip/video_gray_live_prj/solution1/syn/report/csynth_design_size.rpt
INFO: [HLS 200-1995] There were 171 instructions in the design after the 'Performance (step 3)' phase of compilation. See the Design Size Report for more details: C:/selected_topics_hdmi/pyzq/hw/hls_gray_ip/video_gray_live_prj/solution1/syn/report/csynth_design_size.rpt
INFO: [HLS 200-1995] There were 171 instructions in the design after the 'Performance (step 4)' phase of compilation. See the Design Size Report for more details: C:/selected_topics_hdmi/pyzq/hw/hls_gray_ip/video_gray_live_prj/solution1/syn/report/csynth_design_size.rpt
INFO: [HLS 200-1995] There were 131 instructions in the design after the 'HW Transforms (step 1)' phase of compilation. See the Design Size Report for more details: C:/selected_topics_hdmi/pyzq/hw/hls_gray_ip/video_gray_live_prj/solution1/syn/report/csynth_design_size.rpt
INFO: [HLS 200-1995] There were 105 instructions in the design after the 'HW Transforms (step 2)' phase of compilation. See the Design Size Report for more details: C:/selected_topics_hdmi/pyzq/hw/hls_gray_ip/video_gray_live_prj/solution1/syn/report/csynth_design_size.rpt
INFO: [HLS 200-111] Finished Compiling Optimization and Transform: CPU user time: 0 seconds. CPU system time: 0 seconds. Elapsed time: 7.589 seconds; current allocated memory: 114.133 MB.
INFO: [HLS 200-111] Finished Checking Pragmas: CPU user time: 0 seconds. CPU system time: 0 seconds. Elapsed time: 0.002 seconds; current allocated memory: 114.145 MB.
INFO: [HLS 200-10] Starting code transformations ...
INFO: [HLS 200-111] Finished Standard Transforms: CPU user time: 0 seconds. CPU system time: 0 seconds. Elapsed time: 0.018 seconds; current allocated memory: 118.938 MB.
INFO: [HLS 200-10] Checking synthesizability ...
INFO: [HLS 200-111] Finished Checking Synthesizability: CPU user time: 0 seconds. CPU system time: 0 seconds. Elapsed time: 0.015 seconds; current allocated memory: 120.410 MB.
INFO: [HLS 200-111] Finished Loop, function and other optimizations: CPU user time: 0 seconds. CPU system time: 0 seconds. Elapsed time: 0.05 seconds; current allocated memory: 142.027 MB.
WARNING: [XFORM 203-561] 'VITIS_LOOP_34_1' (video_gray_live.cpp:34:22) in function 'video_gray_live' is an infinite loop.
INFO: [HLS 200-111] Finished Architecture Synthesis: CPU user time: 0 seconds. CPU system time: 0 seconds. Elapsed time: 0.047 seconds; current allocated memory: 142.031 MB.
INFO: [HLS 200-10] Starting hardware synthesis ...
INFO: [HLS 200-10] Synthesizing 'video_gray_live' ...
INFO: [HLS 200-10] ----------------------------------------------------------------
INFO: [HLS 200-42] -- Implementing module 'video_gray_live' 
INFO: [HLS 200-10] ----------------------------------------------------------------
INFO: [SCHED 204-11] Starting scheduling ...
INFO: [SCHED 204-61] Pipelining loop 'VITIS_LOOP_34_1'.
INFO: [HLS 200-1470] Pipelining result : Target II = 1, Final II = 1, Depth = 3, loop 'VITIS_LOOP_34_1'
INFO: [SCHED 204-11] Finished scheduling.
INFO: [HLS 200-111] Finished Scheduling: CPU user time: 0 seconds. CPU system time: 0 seconds. Elapsed time: 0.576 seconds; current allocated memory: 142.031 MB.
INFO: [BIND 205-100] Starting micro-architecture generation ...
INFO: [BIND 205-101] Performing variable lifetime analysis.
INFO: [BIND 205-101] Exploring resource sharing.
INFO: [BIND 205-101] Binding ...
INFO: [BIND 205-100] Finished micro-architecture generation.
INFO: [HLS 200-111] Finished Binding: CPU user time: 0 seconds. CPU system time: 0 seconds. Elapsed time: 0.036 seconds; current allocated memory: 143.039 MB.
INFO: [HLS 200-10] ----------------------------------------------------------------
INFO: [HLS 200-10] -- Generating RTL for module 'video_gray_live' 
INFO: [HLS 200-10] ----------------------------------------------------------------
WARNING: [RTGEN 206-101] Design contains AXI ports. Reset is fixed to synchronous and active low.
INFO: [RTGEN 206-500] Setting interface mode on port 'video_gray_live/in_stream_V_data_V' to 'axis' (register, both mode).
INFO: [RTGEN 206-500] Setting interface mode on port 'video_gray_live/in_stream_V_keep_V' to 'axis' (register, both mode).
INFO: [RTGEN 206-500] Setting interface mode on port 'video_gray_live/in_stream_V_strb_V' to 'axis' (register, both mode).
INFO: [RTGEN 206-500] Setting interface mode on port 'video_gray_live/in_stream_V_user_V' to 'axis' (register, both mode).
INFO: [RTGEN 206-500] Setting interface mode on port 'video_gray_live/in_stream_V_last_V' to 'axis' (register, both mode).
INFO: [RTGEN 206-500] Setting interface mode on port 'video_gray_live/in_stream_V_id_V' to 'axis' (register, both mode).
INFO: [RTGEN 206-500] Setting interface mode on port 'video_gray_live/in_stream_V_dest_V' to 'axis' (register, both mode).
INFO: [RTGEN 206-500] Setting interface mode on port 'video_gray_live/out_stream_V_data_V' to 'axis' (register, both mode).
INFO: [RTGEN 206-500] Setting interface mode on port 'video_gray_live/out_stream_V_keep_V' to 'axis' (register, both mode).
INFO: [RTGEN 206-500] Setting interface mode on port 'video_gray_live/out_stream_V_strb_V' to 'axis' (register, both mode).
INFO: [RTGEN 206-500] Setting interface mode on port 'video_gray_live/out_stream_V_user_V' to 'axis' (register, both mode).
INFO: [RTGEN 206-500] Setting interface mode on port 'video_gray_live/out_stream_V_last_V' to 'axis' (register, both mode).
INFO: [RTGEN 206-500] Setting interface mode on port 'video_gray_live/out_stream_V_id_V' to 'axis' (register, both mode).
INFO: [RTGEN 206-500] Setting interface mode on port 'video_gray_live/out_stream_V_dest_V' to 'axis' (register, both mode).
INFO: [RTGEN 206-500] Setting interface mode on function 'video_gray_live' to 'ap_ctrl_none'.
INFO: [RTGEN 206-100] Finished creating RTL model for 'video_gray_live'.
INFO: [RTMG 210-278] Implementing memory 'video_gray_live_prev_frame_RAM_2P_LUTRAM_1R1W' using distributed RAMs.
INFO: [HLS 200-111] Finished Creating RTL model: CPU user time: 0 seconds. CPU system time: 0 seconds. Elapsed time: 0.125 seconds; current allocated memory: 146.105 MB.
INFO: [HLS 200-111] Finished Generating all RTL models: CPU user time: 1 seconds. CPU system time: 0 seconds. Elapsed time: 0.392 seconds; current allocated memory: 151.887 MB.
INFO: [HLS 200-111] Finished Updating report files: CPU user time: 0 seconds. CPU system time: 0 seconds. Elapsed time: 0.46 seconds; current allocated memory: 156.258 MB.
INFO: [VHDL 208-304] Generating VHDL RTL for video_gray_live.
INFO: [VLOG 209-307] Generating Verilog RTL for video_gray_live.
INFO: [HLS 200-790] **** Loop Constraint Status: All loop constraints were satisfied.
INFO: [HLS 200-789] **** Estimated Fmax: 156.39 MHz
INFO: [HLS 200-111] Finished Command csynth_design CPU user time: 1 seconds. CPU system time: 1 seconds. Elapsed time: 11.894 seconds; current allocated memory: 46.645 MB.
==============================================================
Vitis HLS - High-Level Synthesis from C, C++ and OpenCL v2023.2 (64-bit)
Tool Version Limit: 2023.10
Copyright 1986-2022 Xilinx, Inc. All Rights Reserved.
Copyright 2022-2023 Advanced Micro Devices, Inc. All Rights Reserved.

==============================================================
INFO: [SYN 201-201] Setting up clock 'default' with a period of 10ns.
INFO: [HLS 200-1611] Setting target device to 'xc7z020-clg400-1'
INFO: [HLS 200-1505] Using flow_target 'vivado'
INFO: [HLS 200-1464] Running solution command: config_export -format=ip_catalog
INFO: [HLS 200-1464] Running solution command: config_export -output=C:/selected_topics_hdmi/pyzq/hw/hls_gray_ip/hls_export
INFO: [HLS 200-1464] Running solution command: config_export -rtl=verilog
INFO: [HLS 200-1510] Running: set_part xc7z020-clg400-1 
INFO: [HLS 200-1510] Running: create_clock -period 10 -name default 
INFO: [HLS 200-1510] Running: config_export -format ip_catalog -output C:/selected_topics_hdmi/pyzq/hw/hls_gray_ip/hls_export -rtl verilog 
INFO: [HLS 200-1510] Running: source ./video_gray_live_prj/solution1/directives.tcl
INFO: [HLS 200-1510] Running: set_directive_top -name video_gray_live video_gray_live 
INFO: [HLS 200-1510] Running: export_design -rtl verilog -format ip_catalog -output C:/selected_topics_hdmi/pyzq/hw/hls_gray_ip/hls_export 
INFO: [IMPL 213-8] Exporting RTL as a Vivado IP.
INFO: [HLS 200-802] Generated output file hls_export/export.zip
INFO: [HLS 200-111] Finished Command export_design CPU user time: 0 seconds. CPU system time: 1 seconds. Elapsed time: 8.01 seconds; current allocated memory: 7.328 MB.
==============================================================
Vitis HLS - High-Level Synthesis from C, C++ and OpenCL v2023.2 (64-bit)
Tool Version Limit: 2023.10
Copyright 1986-2022 Xilinx, Inc. All Rights Reserved.
Copyright 2022-2023 Advanced Micro Devices, Inc. All Rights Reserved.

==============================================================
INFO: [SYN 201-201] Setting up clock 'default' with a period of 10ns.
INFO: [HLS 200-1611] Setting target device to 'xc7z020-clg400-1'
INFO: [HLS 200-1505] Using flow_target 'vivado'
INFO: [HLS 200-1464] Running solution command: config_export -format=ip_catalog
INFO: [HLS 200-1464] Running solution command: config_export -output=C:/selected_topics_hdmi/pyzq/hw/hls_gray_ip/hls_export
INFO: [HLS 200-1464] Running solution command: config_export -rtl=verilog
INFO: [HLS 200-1510] Running: set_part xc7z020-clg400-1 
INFO: [HLS 200-1510] Running: create_clock -period 10 -name default 
INFO: [HLS 200-1510] Running: config_export -format ip_catalog -output C:/selected_topics_hdmi/pyzq/hw/hls_gray_ip/hls_export -rtl verilog 
INFO: [HLS 200-1510] Running: source ./video_gray_live_prj/solution1/directives.tcl
INFO: [HLS 200-1510] Running: set_directive_top -name video_gray_live video_gray_live 
INFO: [HLS 200-1510] Running: csynth_design 
INFO: [HLS 200-111] Finished File checks and directory preparation: CPU user time: 0 seconds. CPU system time: 1 seconds. Elapsed time: 0.065 seconds; current allocated memory: 109.941 MB.
INFO: [HLS 200-10] Analyzing design file 'video_gray_live.cpp' ... 
INFO: [HLS 200-111] Finished Source Code Analysis and Preprocessing: CPU user time: 0 seconds. CPU system time: 0 seconds. Elapsed time: 2.812 seconds; current allocated memory: 111.980 MB.
INFO: [HLS 200-777] Using interface defaults for 'Vivado' flow target.
INFO: [HLS 200-1995] There were 1,232 instructions in the design after the 'Compile/Link' phase of compilation. See the Design Size Report for more details: C:/selected_topics_hdmi/pyzq/hw/hls_gray_ip/video_gray_live_prj/solution1/syn/report/csynth_design_size.rpt
INFO: [HLS 200-1995] There were 219 instructions in the design after the 'Unroll/Inline (step 1)' phase of compilation. See the Design Size Report for more details: C:/selected_topics_hdmi/pyzq/hw/hls_gray_ip/video_gray_live_prj/solution1/syn/report/csynth_design_size.rpt
INFO: [HLS 200-1995] There were 162 instructions in the design after the 'Unroll/Inline (step 2)' phase of compilation. See the Design Size Report for more details: C:/selected_topics_hdmi/pyzq/hw/hls_gray_ip/video_gray_live_prj/solution1/syn/report/csynth_design_size.rpt
INFO: [HLS 200-1995] There were 162 instructions in the design after the 'Unroll/Inline (step 3)' phase of compilation. See the Design Size Report for more details: C:/selected_topics_hdmi/pyzq/hw/hls_gray_ip/video_gray_live_prj/solution1/syn/report/csynth_design_size.rpt
INFO: [HLS 200-1995] There were 162 instructions in the design after the 'Unroll/Inline (step 4)' phase of compilation. See the Design Size Report for more details: C:/selected_topics_hdmi/pyzq/hw/hls_gray_ip/video_gray_live_prj/solution1/syn/report/csynth_design_size.rpt
INFO: [HLS 200-1995] There were 158 instructions in the design after the 'Array/Struct (step 1)' phase of compilation. See the Design Size Report for more details: C:/selected_topics_hdmi/pyzq/hw/hls_gray_ip/video_gray_live_prj/solution1/syn/report/csynth_design_size.rpt
INFO: [HLS 200-1995] There were 158 instructions in the design after the 'Array/Struct (step 2)' phase of compilation. See the Design Size Report for more details: C:/selected_topics_hdmi/pyzq/hw/hls_gray_ip/video_gray_live_prj/solution1/syn/report/csynth_design_size.rpt
INFO: [HLS 200-1995] There were 158 instructions in the design after the 'Array/Struct (step 3)' phase of compilation. See the Design Size Report for more details: C:/selected_topics_hdmi/pyzq/hw/hls_gray_ip/video_gray_live_prj/solution1/syn/report/csynth_design_size.rpt
INFO: [HLS 200-1995] There were 158 instructions in the design after the 'Array/Struct (step 4)' phase of compilation. See the Design Size Report for more details: C:/selected_topics_hdmi/pyzq/hw/hls_gray_ip/video_gray_live_prj/solution1/syn/report/csynth_design_size.rpt
INFO: [HLS 200-1995] There were 270 instructions in the design after the 'Array/Struct (step 5)' phase of compilation. See the Design Size Report for more details: C:/selected_topics_hdmi/pyzq/hw/hls_gray_ip/video_gray_live_prj/solution1/syn/report/csynth_design_size.rpt
INFO: [HLS 200-1995] There were 284 instructions in the design after the 'Performance (step 1)' phase of compilation. See the Design Size Report for more details: C:/selected_topics_hdmi/pyzq/hw/hls_gray_ip/video_gray_live_prj/solution1/syn/report/csynth_design_size.rpt
INFO: [HLS 200-1995] There were 270 instructions in the design after the 'Performance (step 2)' phase of compilation. See the Design Size Report for more details: C:/selected_topics_hdmi/pyzq/hw/hls_gray_ip/video_gray_live_prj/solution1/syn/report/csynth_design_size.rpt
INFO: [HLS 200-1995] There were 171 instructions in the design after the 'Performance (step 3)' phase of compilation. See the Design Size Report for more details: C:/selected_topics_hdmi/pyzq/hw/hls_gray_ip/video_gray_live_prj/solution1/syn/report/csynth_design_size.rpt
INFO: [HLS 200-1995] There were 171 instructions in the design after the 'Performance (step 4)' phase of compilation. See the Design Size Report for more details: C:/selected_topics_hdmi/pyzq/hw/hls_gray_ip/video_gray_live_prj/solution1/syn/report/csynth_design_size.rpt
INFO: [HLS 200-1995] There were 131 instructions in the design after the 'HW Transforms (step 1)' phase of compilation. See the Design Size Report for more details: C:/selected_topics_hdmi/pyzq/hw/hls_gray_ip/video_gray_live_prj/solution1/syn/report/csynth_design_size.rpt
INFO: [HLS 200-1995] There were 105 instructions in the design after the 'HW Transforms (step 2)' phase of compilation. See the Design Size Report for more details: C:/selected_topics_hdmi/pyzq/hw/hls_gray_ip/video_gray_live_prj/solution1/syn/report/csynth_design_size.rpt
INFO: [HLS 200-111] Finished Compiling Optimization and Transform: CPU user time: 0 seconds. CPU system time: 0 seconds. Elapsed time: 7.449 seconds; current allocated memory: 114.047 MB.
INFO: [HLS 200-111] Finished Checking Pragmas: CPU user time: 0 seconds. CPU system time: 0 seconds. Elapsed time: 0.002 seconds; current allocated memory: 114.047 MB.
INFO: [HLS 200-10] Starting code transformations ...
INFO: [HLS 200-111] Finished Standard Transforms: CPU user time: 0 seconds. CPU system time: 0 seconds. Elapsed time: 0.026 seconds; current allocated memory: 119.035 MB.
INFO: [HLS 200-10] Checking synthesizability ...
INFO: [HLS 200-111] Finished Checking Synthesizability: CPU user time: 0 seconds. CPU system time: 0 seconds. Elapsed time: 0.02 seconds; current allocated memory: 120.621 MB.
INFO: [HLS 200-111] Finished Loop, function and other optimizations: CPU user time: 0 seconds. CPU system time: 0 seconds. Elapsed time: 0.049 seconds; current allocated memory: 142.312 MB.
WARNING: [XFORM 203-561] 'VITIS_LOOP_33_1' (video_gray_live.cpp:33:22) in function 'video_gray_live' is an infinite loop.
INFO: [HLS 200-111] Finished Architecture Synthesis: CPU user time: 0 seconds. CPU system time: 0 seconds. Elapsed time: 0.044 seconds; current allocated memory: 142.320 MB.
INFO: [HLS 200-10] Starting hardware synthesis ...
INFO: [HLS 200-10] Synthesizing 'video_gray_live' ...
INFO: [HLS 200-10] ----------------------------------------------------------------
INFO: [HLS 200-42] -- Implementing module 'video_gray_live' 
INFO: [HLS 200-10] ----------------------------------------------------------------
INFO: [SCHED 204-11] Starting scheduling ...
INFO: [SCHED 204-61] Pipelining loop 'VITIS_LOOP_33_1'.
INFO: [HLS 200-1470] Pipelining result : Target II = 1, Final II = 1, Depth = 3, loop 'VITIS_LOOP_33_1'
INFO: [SCHED 204-11] Finished scheduling.
INFO: [HLS 200-111] Finished Scheduling: CPU user time: 0 seconds. CPU system time: 0 seconds. Elapsed time: 0.521 seconds; current allocated memory: 142.320 MB.
INFO: [BIND 205-100] Starting micro-architecture generation ...
INFO: [BIND 205-101] Performing variable lifetime analysis.
INFO: [BIND 205-101] Exploring resource sharing.
INFO: [BIND 205-101] Binding ...
INFO: [BIND 205-100] Finished micro-architecture generation.
INFO: [HLS 200-111] Finished Binding: CPU user time: 0 seconds. CPU system time: 0 seconds. Elapsed time: 0.046 seconds; current allocated memory: 142.613 MB.
INFO: [HLS 200-10] ----------------------------------------------------------------
INFO: [HLS 200-10] -- Generating RTL for module 'video_gray_live' 
INFO: [HLS 200-10] ----------------------------------------------------------------
WARNING: [RTGEN 206-101] Design contains AXI ports. Reset is fixed to synchronous and active low.
INFO: [RTGEN 206-500] Setting interface mode on port 'video_gray_live/in_stream_V_data_V' to 'axis' (register, both mode).
INFO: [RTGEN 206-500] Setting interface mode on port 'video_gray_live/in_stream_V_keep_V' to 'axis' (register, both mode).
INFO: [RTGEN 206-500] Setting interface mode on port 'video_gray_live/in_stream_V_strb_V' to 'axis' (register, both mode).
INFO: [RTGEN 206-500] Setting interface mode on port 'video_gray_live/in_stream_V_user_V' to 'axis' (register, both mode).
INFO: [RTGEN 206-500] Setting interface mode on port 'video_gray_live/in_stream_V_last_V' to 'axis' (register, both mode).
INFO: [RTGEN 206-500] Setting interface mode on port 'video_gray_live/in_stream_V_id_V' to 'axis' (register, both mode).
INFO: [RTGEN 206-500] Setting interface mode on port 'video_gray_live/in_stream_V_dest_V' to 'axis' (register, both mode).
INFO: [RTGEN 206-500] Setting interface mode on port 'video_gray_live/out_stream_V_data_V' to 'axis' (register, both mode).
INFO: [RTGEN 206-500] Setting interface mode on port 'video_gray_live/out_stream_V_keep_V' to 'axis' (register, both mode).
INFO: [RTGEN 206-500] Setting interface mode on port 'video_gray_live/out_stream_V_strb_V' to 'axis' (register, both mode).
INFO: [RTGEN 206-500] Setting interface mode on port 'video_gray_live/out_stream_V_user_V' to 'axis' (register, both mode).
INFO: [RTGEN 206-500] Setting interface mode on port 'video_gray_live/out_stream_V_last_V' to 'axis' (register, both mode).
INFO: [RTGEN 206-500] Setting interface mode on port 'video_gray_live/out_stream_V_id_V' to 'axis' (register, both mode).
INFO: [RTGEN 206-500] Setting interface mode on port 'video_gray_live/out_stream_V_dest_V' to 'axis' (register, both mode).
INFO: [RTGEN 206-500] Setting interface mode on function 'video_gray_live' to 'ap_ctrl_none'.
INFO: [RTGEN 206-100] Finished creating RTL model for 'video_gray_live'.
INFO: [RTMG 210-278] Implementing memory 'video_gray_live_prev_frame_RAM_2P_LUTRAM_1R1W' using distributed RAMs.
INFO: [HLS 200-111] Finished Creating RTL model: CPU user time: 0 seconds. CPU system time: 0 seconds. Elapsed time: 0.122 seconds; current allocated memory: 145.891 MB.
INFO: [HLS 200-111] Finished Generating all RTL models: CPU user time: 1 seconds. CPU system time: 0 seconds. Elapsed time: 0.347 seconds; current allocated memory: 151.477 MB.
INFO: [HLS 200-111] Finished Updating report files: CPU user time: 0 seconds. CPU system time: 0 seconds. Elapsed time: 0.423 seconds; current allocated memory: 155.980 MB.
INFO: [VHDL 208-304] Generating VHDL RTL for video_gray_live.
INFO: [VLOG 209-307] Generating Verilog RTL for video_gray_live.
INFO: [HLS 200-790] **** Loop Constraint Status: All loop constraints were satisfied.
INFO: [HLS 200-789] **** Estimated Fmax: 145.01 MHz
INFO: [HLS 200-111] Finished Command csynth_design CPU user time: 1 seconds. CPU system time: 1 seconds. Elapsed time: 11.95 seconds; current allocated memory: 46.281 MB.
==============================================================
Vitis HLS - High-Level Synthesis from C, C++ and OpenCL v2023.2 (64-bit)
Tool Version Limit: 2023.10
Copyright 1986-2022 Xilinx, Inc. All Rights Reserved.
Copyright 2022-2023 Advanced Micro Devices, Inc. All Rights Reserved.

==============================================================
INFO: [SYN 201-201] Setting up clock 'default' with a period of 10ns.
INFO: [HLS 200-1611] Setting target device to 'xc7z020-clg400-1'
INFO: [HLS 200-1505] Using flow_target 'vivado'
INFO: [HLS 200-1464] Running solution command: config_export -format=ip_catalog
INFO: [HLS 200-1464] Running solution command: config_export -output=C:/selected_topics_hdmi/pyzq/hw/hls_gray_ip/hls_export
INFO: [HLS 200-1464] Running solution command: config_export -rtl=verilog
INFO: [HLS 200-1510] Running: set_part xc7z020-clg400-1 
INFO: [HLS 200-1510] Running: create_clock -period 10 -name default 
INFO: [HLS 200-1510] Running: config_export -format ip_catalog -output C:/selected_topics_hdmi/pyzq/hw/hls_gray_ip/hls_export -rtl verilog 
INFO: [HLS 200-1510] Running: source ./video_gray_live_prj/solution1/directives.tcl
INFO: [HLS 200-1510] Running: set_directive_top -name video_gray_live video_gray_live 
INFO: [HLS 200-1510] Running: export_design -rtl verilog -format ip_catalog -output C:/selected_topics_hdmi/pyzq/hw/hls_gray_ip/hls_export 
INFO: [IMPL 213-8] Exporting RTL as a Vivado IP.
INFO: [HLS 200-802] Generated output file hls_export/export.zip
INFO: [HLS 200-111] Finished Command export_design CPU user time: 0 seconds. CPU system time: 0 seconds. Elapsed time: 7.864 seconds; current allocated memory: 7.090 MB.
==============================================================
Vitis HLS - High-Level Synthesis from C, C++ and OpenCL v2023.2 (64-bit)
Tool Version Limit: 2023.10
Copyright 1986-2022 Xilinx, Inc. All Rights Reserved.
Copyright 2022-2023 Advanced Micro Devices, Inc. All Rights Reserved.

==============================================================
INFO: [SYN 201-201] Setting up clock 'default' with a period of 10ns.
INFO: [HLS 200-1611] Setting target device to 'xc7z020-clg400-1'
INFO: [HLS 200-1505] Using flow_target 'vivado'
INFO: [HLS 200-1464] Running solution command: config_export -format=ip_catalog
INFO: [HLS 200-1464] Running solution command: config_export -output=C:/selected_topics_hdmi/pyzq/hw/hls_gray_ip/hls_export
INFO: [HLS 200-1464] Running solution command: config_export -rtl=verilog
INFO: [HLS 200-1510] Running: set_part xc7z020-clg400-1 
INFO: [HLS 200-1510] Running: create_clock -period 10 -name default 
INFO: [HLS 200-1510] Running: config_export -format ip_catalog -output C:/selected_topics_hdmi/pyzq/hw/hls_gray_ip/hls_export -rtl verilog 
INFO: [HLS 200-1510] Running: source ./video_gray_live_prj/solution1/directives.tcl
INFO: [HLS 200-1510] Running: set_directive_top -name video_gray_live video_gray_live 
INFO: [HLS 200-1510] Running: csynth_design 
INFO: [HLS 200-111] Finished File checks and directory preparation: CPU user time: 0 seconds. CPU system time: 0 seconds. Elapsed time: 0.045 seconds; current allocated memory: 109.730 MB.
INFO: [HLS 200-10] Analyzing design file 'video_gray_live.cpp' ... 
ERROR: [HLS 207-3344] no viable overloaded '^=' (video_gray_live.cpp:51:18)
INFO: [HLS 207-4378] candidate function not viable: no known conversion from 'volatile ap_uint<1>' to 'ap_int_base<1, false>' for object argument (C:/Xilinx_vitis/Vitis_HLS/2023.2/common/technology/autopilot\etc/ap_int_base.h:855:114)
INFO: [HLS 207-4406] candidate template ignored: could not match 'ap_range_ref' against 'ap_uint' (C:/Xilinx_vitis/Vitis_HLS/2023.2/common/technology/autopilot\etc/ap_int_base.h:1910:153)
INFO: [HLS 207-4406] candidate template ignored: could not match 'ap_range_ref' against 'ap_uint' (C:/Xilinx_vitis/Vitis_HLS/2023.2/common/technology/autopilot\etc/ap_int_base.h:1910:463)
INFO: [HLS 207-4406] candidate template ignored: could not match 'ap_bit_ref' against 'ap_uint' (C:/Xilinx_vitis/Vitis_HLS/2023.2/common/technology/autopilot\etc/ap_int_base.h:2019:153)
INFO: [HLS 207-4406] candidate template ignored: could not match 'ap_bit_ref' against 'ap_uint' (C:/Xilinx_vitis/Vitis_HLS/2023.2/common/technology/autopilot\etc/ap_int_base.h:2019:454)
INFO: [HLS 207-4406] candidate template ignored: could not match 'ap_fixed_base' against 'ap_uint' (C:/Xilinx_vitis/Vitis_HLS/2023.2/common/technology/autopilot\etc/ap_fixed_base.h:2372:8674)
INFO: [HLS 207-4406] candidate template ignored: could not match 'ap_fixed_base' against 'ap_uint' (C:/Xilinx_vitis/Vitis_HLS/2023.2/common/technology/autopilot\etc/ap_fixed_base.h:2373:9016)
INFO: [HLS 207-4406] candidate template ignored: could not match 'ap_fixed_base' against 'ap_uint' (C:/Xilinx_vitis/Vitis_HLS/2023.2/common/technology/autopilot\etc/ap_fixed_base.h:2374:8790)
INFO: [HLS 207-4406] candidate template ignored: could not match 'ap_fixed_base' against 'ap_uint' (C:/Xilinx_vitis/Vitis_HLS/2023.2/common/technology/autopilot\etc/ap_fixed_base.h:2375:8872)
INFO: [HLS 207-4406] candidate template ignored: could not match 'ap_fixed_base' against 'ap_uint' (C:/Xilinx_vitis/Vitis_HLS/2023.2/common/technology/autopilot\etc/ap_fixed_base.h:2376:9620)
INFO: [HLS 207-4406] candidate template ignored: could not match 'ap_fixed_base' against 'ap_uint' (C:/Xilinx_vitis/Vitis_HLS/2023.2/common/technology/autopilot\etc/ap_fixed_base.h:2377:9856)
INFO: [HLS 207-4406] candidate template ignored: could not match 'ap_fixed_base' against 'ap_uint' (C:/Xilinx_vitis/Vitis_HLS/2023.2/common/technology/autopilot\etc/ap_fixed_base.h:2378:9428)
INFO: [HLS 207-4406] candidate template ignored: could not match 'ap_fixed_base' against 'ap_uint' (C:/Xilinx_vitis/Vitis_HLS/2023.2/common/technology/autopilot\etc/ap_fixed_base.h:2379:9664)
INFO: [HLS 207-4406] candidate template ignored: could not match 'ap_fixed_base' against 'ap_uint' (C:/Xilinx_vitis/Vitis_HLS/2023.2/common/technology/autopilot\etc/ap_fixed_base.h:2380:9524)
INFO: [HLS 207-4406] candidate template ignored: could not match 'ap_fixed_base' against 'ap_uint' (C:/Xilinx_vitis/Vitis_HLS/2023.2/common/technology/autopilot\etc/ap_fixed_base.h:2381:9760)
INFO: [HLS 207-4406] candidate template ignored: could not match 'ap_fixed_base' against 'ap_uint' (C:/Xilinx_vitis/Vitis_HLS/2023.2/common/technology/autopilot\etc/ap_fixed_base.h:2382:9908)
INFO: [HLS 207-4406] candidate template ignored: could not match 'ap_fixed_base' against 'ap_uint' (C:/Xilinx_vitis/Vitis_HLS/2023.2/common/technology/autopilot\etc/ap_fixed_base.h:2383:9946)
INFO: [HLS 207-4406] candidate template ignored: could not match 'ap_fixed_base' against 'ap_uint' (C:/Xilinx_vitis/Vitis_HLS/2023.2/common/technology/autopilot\etc/ap_fixed_base.h:2476:235)
INFO: [HLS 207-4406] candidate template ignored: could not match 'ap_fixed_base' against 'ap_uint' (C:/Xilinx_vitis/Vitis_HLS/2023.2/common/technology/autopilot\etc/ap_fixed_base.h:2476:628)
INFO: [HLS 207-4390] candidate template ignored: deduced type 'ap_int_base<1, false>' of 1st parameter does not match adjusted type 'volatile ap_uint<1>' of argument [with _AP_W = 1, _AP_S = false] (C:/Xilinx_vitis/Vitis_HLS/2023.2/common/technology/autopilot\etc/ap_int_base.h:1717:1678)
INFO: [HLS 207-4390] candidate template ignored: deduced type 'ap_int_base<1, false>' of 1st parameter does not match adjusted type 'volatile ap_uint<1>' of argument [with _AP_W = 1, _AP_S = false] (C:/Xilinx_vitis/Vitis_HLS/2023.2/common/technology/autopilot\etc/ap_int_base.h:1718:1741)
INFO: [HLS 207-4390] candidate template ignored: deduced type 'ap_int_base<1, false>' of 1st parameter does not match adjusted type 'volatile ap_uint<1>' of argument [with _AP_W = 1, _AP_S = false] (C:/Xilinx_vitis/Vitis_HLS/2023.2/common/technology/autopilot\etc/ap_int_base.h:1719:1720)
INFO: [HLS 207-4390] candidate template ignored: deduced type 'ap_int_base<1, false>' of 1st parameter does not match adjusted type 'volatile ap_uint<1>' of argument [with _AP_W = 1, _AP_S = false] (C:/Xilinx_vitis/Vitis_HLS/2023.2/common/technology/autopilot\etc/ap_int_base.h:1720:1741)
INFO: [HLS 207-4390] candidate template ignored: deduced type 'ap_int_base<1, false>' of 1st parameter does not match adjusted type 'volatile ap_uint<1>' of argument [with _AP_W = 1, _AP_S = false] (C:/Xilinx_vitis/Vitis_HLS/2023.2/common/technology/autopilot\etc/ap_int_base.h:1721:1769)
INFO: [HLS 207-4390] candidate template ignored: deduced type 'ap_int_base<1, false>' of 1st parameter does not match adjusted type 'volatile ap_uint<1>' of argument [with _AP_W = 1, _AP_S = false] (C:/Xilinx_vitis/Vitis_HLS/2023.2/common/technology/autopilot\etc/ap_int_base.h:1722:1839)
INFO: [HLS 207-4390] candidate template ignored: deduced type 'ap_int_base<1, false>' of 1st parameter does not match adjusted type 'volatile ap_uint<1>' of argument [with _AP_W = 1, _AP_S = false] (C:/Xilinx_vitis/Vitis_HLS/2023.2/common/technology/autopilot\etc/ap_int_base.h:1723:1741)
INFO: [HLS 207-4390] candidate template ignored: deduced type 'ap_int_base<1, false>' of 1st parameter does not match adjusted type 'volatile ap_uint<1>' of argument [with _AP_W = 1, _AP_S = false] (C:/Xilinx_vitis/Vitis_HLS/2023.2/common/technology/autopilot\etc/ap_int_base.h:1724:1811)
INFO: [HLS 207-4390] candidate template ignored: deduced type 'ap_int_base<1, false>' of 1st parameter does not match adjusted type 'volatile ap_uint<1>' of argument [with _AP_W = 1, _AP_S = false] (C:/Xilinx_vitis/Vitis_HLS/2023.2/common/technology/autopilot\etc/ap_int_base.h:1725:1755)
INFO: [HLS 207-4390] candidate template ignored: deduced type 'ap_int_base<1, false>' of 1st parameter does not match adjusted type 'volatile ap_uint<1>' of argument [with _AP_W = 1, _AP_S = false] (C:/Xilinx_vitis/Vitis_HLS/2023.2/common/technology/autopilot\etc/ap_int_base.h:1726:1825)
INFO: [HLS 207-4390] candidate template ignored: deduced type 'ap_int_base<1, false>' of 1st parameter does not match adjusted type 'volatile ap_uint<1>' of argument [with _AP_W = 1, _AP_S = false] (C:/Xilinx_vitis/Vitis_HLS/2023.2/common/technology/autopilot\etc/ap_int_base.h:1727:1811)
INFO: [HLS 207-4390] candidate template ignored: deduced type 'ap_int_base<1, false>' of 1st parameter does not match adjusted type 'volatile ap_uint<1>' of argument [with _AP_W = 1, _AP_S = false] (C:/Xilinx_vitis/Vitis_HLS/2023.2/common/technology/autopilot\etc/ap_int_base.h:1728:1818)
INFO: [HLS 200-111] Finished Command csynth_design CPU user time: 0 seconds. CPU system time: 0 seconds. Elapsed time: 0.846 seconds; current allocated memory: 1.723 MB.
==============================================================
Vitis HLS - High-Level Synthesis from C, C++ and OpenCL v2023.2 (64-bit)
Tool Version Limit: 2023.10
Copyright 1986-2022 Xilinx, Inc. All Rights Reserved.
Copyright 2022-2023 Advanced Micro Devices, Inc. All Rights Reserved.

==============================================================
INFO: [SYN 201-201] Setting up clock 'default' with a period of 10ns.
INFO: [HLS 200-1611] Setting target device to 'xc7z020-clg400-1'
INFO: [HLS 200-1505] Using flow_target 'vivado'
INFO: [HLS 200-1464] Running solution command: config_export -format=ip_catalog
INFO: [HLS 200-1464] Running solution command: config_export -output=C:/selected_topics_hdmi/pyzq/hw/hls_gray_ip/hls_export
INFO: [HLS 200-1464] Running solution command: config_export -rtl=verilog
INFO: [HLS 200-1510] Running: set_part xc7z020-clg400-1 
INFO: [HLS 200-1510] Running: create_clock -period 10 -name default 
INFO: [HLS 200-1510] Running: config_export -format ip_catalog -output C:/selected_topics_hdmi/pyzq/hw/hls_gray_ip/hls_export -rtl verilog 
INFO: [HLS 200-1510] Running: source ./video_gray_live_prj/solution1/directives.tcl
INFO: [HLS 200-1510] Running: set_directive_top -name video_gray_live video_gray_live 
INFO: [HLS 200-1510] Running: csynth_design 
INFO: [HLS 200-111] Finished File checks and directory preparation: CPU user time: 0 seconds. CPU system time: 0 seconds. Elapsed time: 0.044 seconds; current allocated memory: 109.164 MB.
INFO: [HLS 200-10] Analyzing design file 'video_gray_live.cpp' ... 
INFO: [HLS 200-111] Finished Source Code Analysis and Preprocessing: CPU user time: 0 seconds. CPU system time: 0 seconds. Elapsed time: 2.349 seconds; current allocated memory: 111.754 MB.
INFO: [HLS 200-777] Using interface defaults for 'Vivado' flow target.
INFO: [HLS 200-1995] There were 1,229 instructions in the design after the 'Compile/Link' phase of compilation. See the Design Size Report for more details: C:/selected_topics_hdmi/pyzq/hw/hls_gray_ip/video_gray_live_prj/solution1/syn/report/csynth_design_size.rpt
INFO: [HLS 200-1995] There were 217 instructions in the design after the 'Unroll/Inline (step 1)' phase of compilation. See the Design Size Report for more details: C:/selected_topics_hdmi/pyzq/hw/hls_gray_ip/video_gray_live_prj/solution1/syn/report/csynth_design_size.rpt
INFO: [HLS 200-1995] There were 167 instructions in the design after the 'Unroll/Inline (step 2)' phase of compilation. See the Design Size Report for more details: C:/selected_topics_hdmi/pyzq/hw/hls_gray_ip/video_gray_live_prj/solution1/syn/report/csynth_design_size.rpt
INFO: [HLS 200-1995] There were 167 instructions in the design after the 'Unroll/Inline (step 3)' phase of compilation. See the Design Size Report for more details: C:/selected_topics_hdmi/pyzq/hw/hls_gray_ip/video_gray_live_prj/solution1/syn/report/csynth_design_size.rpt
INFO: [HLS 200-1995] There were 167 instructions in the design after the 'Unroll/Inline (step 4)' phase of compilation. See the Design Size Report for more details: C:/selected_topics_hdmi/pyzq/hw/hls_gray_ip/video_gray_live_prj/solution1/syn/report/csynth_design_size.rpt
INFO: [HLS 200-1995] There were 169 instructions in the design after the 'Array/Struct (step 1)' phase of compilation. See the Design Size Report for more details: C:/selected_topics_hdmi/pyzq/hw/hls_gray_ip/video_gray_live_prj/solution1/syn/report/csynth_design_size.rpt
INFO: [HLS 200-1995] There were 169 instructions in the design after the 'Array/Struct (step 2)' phase of compilation. See the Design Size Report for more details: C:/selected_topics_hdmi/pyzq/hw/hls_gray_ip/video_gray_live_prj/solution1/syn/report/csynth_design_size.rpt
INFO: [HLS 200-1995] There were 169 instructions in the design after the 'Array/Struct (step 3)' phase of compilation. See the Design Size Report for more details: C:/selected_topics_hdmi/pyzq/hw/hls_gray_ip/video_gray_live_prj/solution1/syn/report/csynth_design_size.rpt
INFO: [HLS 200-1995] There were 169 instructions in the design after the 'Array/Struct (step 4)' phase of compilation. See the Design Size Report for more details: C:/selected_topics_hdmi/pyzq/hw/hls_gray_ip/video_gray_live_prj/solution1/syn/report/csynth_design_size.rpt
INFO: [HLS 200-1995] There were 281 instructions in the design after the 'Array/Struct (step 5)' phase of compilation. See the Design Size Report for more details: C:/selected_topics_hdmi/pyzq/hw/hls_gray_ip/video_gray_live_prj/solution1/syn/report/csynth_design_size.rpt
INFO: [HLS 200-1995] There were 295 instructions in the design after the 'Performance (step 1)' phase of compilation. See the Design Size Report for more details: C:/selected_topics_hdmi/pyzq/hw/hls_gray_ip/video_gray_live_prj/solution1/syn/report/csynth_design_size.rpt
INFO: [HLS 200-1995] There were 281 instructions in the design after the 'Performance (step 2)' phase of compilation. See the Design Size Report for more details: C:/selected_topics_hdmi/pyzq/hw/hls_gray_ip/video_gray_live_prj/solution1/syn/report/csynth_design_size.rpt
INFO: [HLS 200-1995] There were 182 instructions in the design after the 'Performance (step 3)' phase of compilation. See the Design Size Report for more details: C:/selected_topics_hdmi/pyzq/hw/hls_gray_ip/video_gray_live_prj/solution1/syn/report/csynth_design_size.rpt
INFO: [HLS 200-1995] There were 182 instructions in the design after the 'Performance (step 4)' phase of compilation. See the Design Size Report for more details: C:/selected_topics_hdmi/pyzq/hw/hls_gray_ip/video_gray_live_prj/solution1/syn/report/csynth_design_size.rpt
INFO: [HLS 200-1995] There were 142 instructions in the design after the 'HW Transforms (step 1)' phase of compilation. See the Design Size Report for more details: C:/selected_topics_hdmi/pyzq/hw/hls_gray_ip/video_gray_live_prj/solution1/syn/report/csynth_design_size.rpt
INFO: [HLS 200-1995] There were 116 instructions in the design after the 'HW Transforms (step 2)' phase of compilation. See the Design Size Report for more details: C:/selected_topics_hdmi/pyzq/hw/hls_gray_ip/video_gray_live_prj/solution1/syn/report/csynth_design_size.rpt
INFO: [HLS 200-111] Finished Compiling Optimization and Transform: CPU user time: 0 seconds. CPU system time: 1 seconds. Elapsed time: 7.422 seconds; current allocated memory: 113.871 MB.
INFO: [HLS 200-111] Finished Checking Pragmas: CPU user time: 0 seconds. CPU system time: 0 seconds. Elapsed time: 0.001 seconds; current allocated memory: 113.871 MB.
INFO: [HLS 200-10] Starting code transformations ...
INFO: [HLS 200-111] Finished Standard Transforms: CPU user time: 0 seconds. CPU system time: 0 seconds. Elapsed time: 0.083 seconds; current allocated memory: 118.863 MB.
INFO: [HLS 200-10] Checking synthesizability ...
INFO: [HLS 200-111] Finished Checking Synthesizability: CPU user time: 0 seconds. CPU system time: 0 seconds. Elapsed time: 0.021 seconds; current allocated memory: 120.562 MB.
INFO: [HLS 200-111] Finished Loop, function and other optimizations: CPU user time: 0 seconds. CPU system time: 0 seconds. Elapsed time: 0.052 seconds; current allocated memory: 142.316 MB.
WARNING: [XFORM 203-561] 'VITIS_LOOP_33_1' (video_gray_live.cpp:33:22) in function 'video_gray_live' is an infinite loop.
INFO: [HLS 200-111] Finished Architecture Synthesis: CPU user time: 0 seconds. CPU system time: 0 seconds. Elapsed time: 0.064 seconds; current allocated memory: 142.320 MB.
INFO: [HLS 200-10] Starting hardware synthesis ...
INFO: [HLS 200-10] Synthesizing 'video_gray_live' ...
INFO: [HLS 200-10] ----------------------------------------------------------------
INFO: [HLS 200-42] -- Implementing module 'video_gray_live' 
INFO: [HLS 200-10] ----------------------------------------------------------------
INFO: [SCHED 204-11] Starting scheduling ...
INFO: [SCHED 204-61] Pipelining loop 'VITIS_LOOP_33_1'.
INFO: [HLS 200-1470] Pipelining result : Target II = 1, Final II = 1, Depth = 3, loop 'VITIS_LOOP_33_1'
INFO: [SCHED 204-11] Finished scheduling.
INFO: [HLS 200-111] Finished Scheduling: CPU user time: 0 seconds. CPU system time: 0 seconds. Elapsed time: 0.527 seconds; current allocated memory: 142.320 MB.
INFO: [BIND 205-100] Starting micro-architecture generation ...
INFO: [BIND 205-101] Performing variable lifetime analysis.
INFO: [BIND 205-101] Exploring resource sharing.
INFO: [BIND 205-101] Binding ...
INFO: [BIND 205-100] Finished micro-architecture generation.
INFO: [HLS 200-111] Finished Binding: CPU user time: 0 seconds. CPU system time: 0 seconds. Elapsed time: 0.035 seconds; current allocated memory: 142.641 MB.
INFO: [HLS 200-10] ----------------------------------------------------------------
INFO: [HLS 200-10] -- Generating RTL for module 'video_gray_live' 
INFO: [HLS 200-10] ----------------------------------------------------------------
WARNING: [RTGEN 206-101] Design contains AXI ports. Reset is fixed to synchronous and active low.
INFO: [RTGEN 206-500] Setting interface mode on port 'video_gray_live/in_stream_V_data_V' to 'axis' (register, both mode).
INFO: [RTGEN 206-500] Setting interface mode on port 'video_gray_live/in_stream_V_keep_V' to 'axis' (register, both mode).
INFO: [RTGEN 206-500] Setting interface mode on port 'video_gray_live/in_stream_V_strb_V' to 'axis' (register, both mode).
INFO: [RTGEN 206-500] Setting interface mode on port 'video_gray_live/in_stream_V_user_V' to 'axis' (register, both mode).
INFO: [RTGEN 206-500] Setting interface mode on port 'video_gray_live/in_stream_V_last_V' to 'axis' (register, both mode).
INFO: [RTGEN 206-500] Setting interface mode on port 'video_gray_live/in_stream_V_id_V' to 'axis' (register, both mode).
INFO: [RTGEN 206-500] Setting interface mode on port 'video_gray_live/in_stream_V_dest_V' to 'axis' (register, both mode).
INFO: [RTGEN 206-500] Setting interface mode on port 'video_gray_live/out_stream_V_data_V' to 'axis' (register, both mode).
INFO: [RTGEN 206-500] Setting interface mode on port 'video_gray_live/out_stream_V_keep_V' to 'axis' (register, both mode).
INFO: [RTGEN 206-500] Setting interface mode on port 'video_gray_live/out_stream_V_strb_V' to 'axis' (register, both mode).
INFO: [RTGEN 206-500] Setting interface mode on port 'video_gray_live/out_stream_V_user_V' to 'axis' (register, both mode).
INFO: [RTGEN 206-500] Setting interface mode on port 'video_gray_live/out_stream_V_last_V' to 'axis' (register, both mode).
INFO: [RTGEN 206-500] Setting interface mode on port 'video_gray_live/out_stream_V_id_V' to 'axis' (register, both mode).
INFO: [RTGEN 206-500] Setting interface mode on port 'video_gray_live/out_stream_V_dest_V' to 'axis' (register, both mode).
INFO: [RTGEN 206-500] Setting interface mode on function 'video_gray_live' to 'ap_ctrl_none'.
WARNING: [RTGEN 206-101] Register 'y' is power-on initialization.
WARNING: [RTGEN 206-101] Register 'x' is power-on initialization.
WARNING: [RTGEN 206-101] Register 'addr' is power-on initialization.
WARNING: [RTGEN 206-101] Register 'sink' is power-on initialization.
INFO: [RTGEN 206-100] Finished creating RTL model for 'video_gray_live'.
INFO: [RTMG 210-278] Implementing memory 'video_gray_live_prev_frame_RAM_2P_LUTRAM_1R1W' using distributed RAMs.
INFO: [HLS 200-111] Finished Creating RTL model: CPU user time: 0 seconds. CPU system time: 0 seconds. Elapsed time: 0.093 seconds; current allocated memory: 145.672 MB.
INFO: [HLS 200-111] Finished Generating all RTL models: CPU user time: 0 seconds. CPU system time: 0 seconds. Elapsed time: 0.261 seconds; current allocated memory: 150.715 MB.
INFO: [HLS 200-111] Finished Updating report files: CPU user time: 1 seconds. CPU system time: 0 seconds. Elapsed time: 0.245 seconds; current allocated memory: 155.738 MB.
INFO: [VHDL 208-304] Generating VHDL RTL for video_gray_live.
INFO: [VLOG 209-307] Generating Verilog RTL for video_gray_live.
INFO: [HLS 200-790] **** Loop Constraint Status: All loop constraints were satisfied.
INFO: [HLS 200-789] **** Estimated Fmax: 139.24 MHz
INFO: [HLS 200-111] Finished Command csynth_design CPU user time: 1 seconds. CPU system time: 1 seconds. Elapsed time: 11.214 seconds; current allocated memory: 46.758 MB.
==============================================================
Vitis HLS - High-Level Synthesis from C, C++ and OpenCL v2023.2 (64-bit)
Tool Version Limit: 2023.10
Copyright 1986-2022 Xilinx, Inc. All Rights Reserved.
Copyright 2022-2023 Advanced Micro Devices, Inc. All Rights Reserved.

==============================================================
INFO: [SYN 201-201] Setting up clock 'default' with a period of 10ns.
INFO: [HLS 200-1611] Setting target device to 'xc7z020-clg400-1'
INFO: [HLS 200-1505] Using flow_target 'vivado'
INFO: [HLS 200-1464] Running solution command: config_export -format=ip_catalog
INFO: [HLS 200-1464] Running solution command: config_export -output=C:/selected_topics_hdmi/pyzq/hw/hls_gray_ip/hls_export
INFO: [HLS 200-1464] Running solution command: config_export -rtl=verilog
INFO: [HLS 200-1510] Running: set_part xc7z020-clg400-1 
INFO: [HLS 200-1510] Running: create_clock -period 10 -name default 
INFO: [HLS 200-1510] Running: config_export -format ip_catalog -output C:/selected_topics_hdmi/pyzq/hw/hls_gray_ip/hls_export -rtl verilog 
INFO: [HLS 200-1510] Running: source ./video_gray_live_prj/solution1/directives.tcl
INFO: [HLS 200-1510] Running: set_directive_top -name video_gray_live video_gray_live 
INFO: [HLS 200-1510] Running: export_design -rtl verilog -format ip_catalog -output C:/selected_topics_hdmi/pyzq/hw/hls_gray_ip/hls_export 
INFO: [IMPL 213-8] Exporting RTL as a Vivado IP.
INFO: [HLS 200-802] Generated output file hls_export/export.zip
INFO: [HLS 200-111] Finished Command export_design CPU user time: 0 seconds. CPU system time: 1 seconds. Elapsed time: 12.156 seconds; current allocated memory: 7.520 MB.
==============================================================
Vitis HLS - High-Level Synthesis from C, C++ and OpenCL v2023.2 (64-bit)
Tool Version Limit: 2023.10
Copyright 1986-2022 Xilinx, Inc. All Rights Reserved.
Copyright 2022-2023 Advanced Micro Devices, Inc. All Rights Reserved.

==============================================================
INFO: [SYN 201-201] Setting up clock 'default' with a period of 10ns.
INFO: [HLS 200-1611] Setting target device to 'xc7z020-clg400-1'
INFO: [HLS 200-1505] Using flow_target 'vivado'
INFO: [HLS 200-1464] Running solution command: config_export -format=ip_catalog
INFO: [HLS 200-1464] Running solution command: config_export -output=C:/selected_topics_hdmi/pyzq/hw/hls_gray_ip/hls_export
INFO: [HLS 200-1464] Running solution command: config_export -rtl=verilog
INFO: [HLS 200-1510] Running: set_part xc7z020-clg400-1 
INFO: [HLS 200-1510] Running: create_clock -period 10 -name default 
INFO: [HLS 200-1510] Running: config_export -format ip_catalog -output C:/selected_topics_hdmi/pyzq/hw/hls_gray_ip/hls_export -rtl verilog 
INFO: [HLS 200-1510] Running: source ./video_gray_live_prj/solution1/directives.tcl
INFO: [HLS 200-1510] Running: set_directive_top -name video_gray_live video_gray_live 
INFO: [HLS 200-1510] Running: csynth_design 
INFO: [HLS 200-111] Finished File checks and directory preparation: CPU user time: 0 seconds. CPU system time: 0 seconds. Elapsed time: 0.044 seconds; current allocated memory: 109.422 MB.
INFO: [HLS 200-10] Analyzing design file 'video_gray_live.cpp' ... 
INFO: [HLS 200-111] Finished Source Code Analysis and Preprocessing: CPU user time: 0 seconds. CPU system time: 0 seconds. Elapsed time: 2.591 seconds; current allocated memory: 111.945 MB.
INFO: [HLS 200-777] Using interface defaults for 'Vivado' flow target.
INFO: [HLS 200-1995] There were 1,425 instructions in the design after the 'Compile/Link' phase of compilation. See the Design Size Report for more details: C:/selected_topics_hdmi/pyzq/hw/hls_gray_ip/video_gray_live_prj/solution1/syn/report/csynth_design_size.rpt
INFO: [HLS 200-1995] There were 239 instructions in the design after the 'Unroll/Inline (step 1)' phase of compilation. See the Design Size Report for more details: C:/selected_topics_hdmi/pyzq/hw/hls_gray_ip/video_gray_live_prj/solution1/syn/report/csynth_design_size.rpt
INFO: [HLS 200-1995] There were 154 instructions in the design after the 'Unroll/Inline (step 2)' phase of compilation. See the Design Size Report for more details: C:/selected_topics_hdmi/pyzq/hw/hls_gray_ip/video_gray_live_prj/solution1/syn/report/csynth_design_size.rpt
INFO: [HLS 200-1995] There were 154 instructions in the design after the 'Unroll/Inline (step 3)' phase of compilation. See the Design Size Report for more details: C:/selected_topics_hdmi/pyzq/hw/hls_gray_ip/video_gray_live_prj/solution1/syn/report/csynth_design_size.rpt
INFO: [HLS 200-1995] There were 154 instructions in the design after the 'Unroll/Inline (step 4)' phase of compilation. See the Design Size Report for more details: C:/selected_topics_hdmi/pyzq/hw/hls_gray_ip/video_gray_live_prj/solution1/syn/report/csynth_design_size.rpt
INFO: [HLS 200-1995] There were 132 instructions in the design after the 'Array/Struct (step 1)' phase of compilation. See the Design Size Report for more details: C:/selected_topics_hdmi/pyzq/hw/hls_gray_ip/video_gray_live_prj/solution1/syn/report/csynth_design_size.rpt
INFO: [HLS 200-1995] There were 132 instructions in the design after the 'Array/Struct (step 2)' phase of compilation. See the Design Size Report for more details: C:/selected_topics_hdmi/pyzq/hw/hls_gray_ip/video_gray_live_prj/solution1/syn/report/csynth_design_size.rpt
INFO: [HLS 200-1995] There were 132 instructions in the design after the 'Array/Struct (step 3)' phase of compilation. See the Design Size Report for more details: C:/selected_topics_hdmi/pyzq/hw/hls_gray_ip/video_gray_live_prj/solution1/syn/report/csynth_design_size.rpt
INFO: [HLS 200-1995] There were 132 instructions in the design after the 'Array/Struct (step 4)' phase of compilation. See the Design Size Report for more details: C:/selected_topics_hdmi/pyzq/hw/hls_gray_ip/video_gray_live_prj/solution1/syn/report/csynth_design_size.rpt
INFO: [HLS 200-1995] There were 244 instructions in the design after the 'Array/Struct (step 5)' phase of compilation. See the Design Size Report for more details: C:/selected_topics_hdmi/pyzq/hw/hls_gray_ip/video_gray_live_prj/solution1/syn/report/csynth_design_size.rpt
INFO: [HLS 200-1995] There were 258 instructions in the design after the 'Performance (step 1)' phase of compilation. See the Design Size Report for more details: C:/selected_topics_hdmi/pyzq/hw/hls_gray_ip/video_gray_live_prj/solution1/syn/report/csynth_design_size.rpt
INFO: [HLS 200-1995] There were 244 instructions in the design after the 'Performance (step 2)' phase of compilation. See the Design Size Report for more details: C:/selected_topics_hdmi/pyzq/hw/hls_gray_ip/video_gray_live_prj/solution1/syn/report/csynth_design_size.rpt
INFO: [HLS 200-1995] There were 145 instructions in the design after the 'Performance (step 3)' phase of compilation. See the Design Size Report for more details: C:/selected_topics_hdmi/pyzq/hw/hls_gray_ip/video_gray_live_prj/solution1/syn/report/csynth_design_size.rpt
INFO: [HLS 200-1995] There were 145 instructions in the design after the 'Performance (step 4)' phase of compilation. See the Design Size Report for more details: C:/selected_topics_hdmi/pyzq/hw/hls_gray_ip/video_gray_live_prj/solution1/syn/report/csynth_design_size.rpt
INFO: [HLS 200-1995] There were 106 instructions in the design after the 'HW Transforms (step 1)' phase of compilation. See the Design Size Report for more details: C:/selected_topics_hdmi/pyzq/hw/hls_gray_ip/video_gray_live_prj/solution1/syn/report/csynth_design_size.rpt
INFO: [HLS 200-1995] There were 80 instructions in the design after the 'HW Transforms (step 2)' phase of compilation. See the Design Size Report for more details: C:/selected_topics_hdmi/pyzq/hw/hls_gray_ip/video_gray_live_prj/solution1/syn/report/csynth_design_size.rpt
INFO: [HLS 200-111] Finished Compiling Optimization and Transform: CPU user time: 0 seconds. CPU system time: 0 seconds. Elapsed time: 7.467 seconds; current allocated memory: 114.215 MB.
INFO: [HLS 200-111] Finished Checking Pragmas: CPU user time: 0 seconds. CPU system time: 0 seconds. Elapsed time: 0.002 seconds; current allocated memory: 114.215 MB.
INFO: [HLS 200-10] Starting code transformations ...
INFO: [HLS 200-111] Finished Standard Transforms: CPU user time: 0 seconds. CPU system time: 0 seconds. Elapsed time: 0.118 seconds; current allocated memory: 118.957 MB.
INFO: [HLS 200-10] Checking synthesizability ...
INFO: [HLS 200-111] Finished Checking Synthesizability: CPU user time: 0 seconds. CPU system time: 0 seconds. Elapsed time: 0.031 seconds; current allocated memory: 120.422 MB.
INFO: [HLS 200-111] Finished Loop, function and other optimizations: CPU user time: 0 seconds. CPU system time: 1 seconds. Elapsed time: 0.067 seconds; current allocated memory: 140.680 MB.
WARNING: [XFORM 203-561] 'VITIS_LOOP_38_1' (video_gray_live.cpp:38:22) in function 'video_gray_live' is an infinite loop.
INFO: [HLS 200-111] Finished Architecture Synthesis: CPU user time: 0 seconds. CPU system time: 0 seconds. Elapsed time: 0.061 seconds; current allocated memory: 140.691 MB.
INFO: [HLS 200-10] Starting hardware synthesis ...
INFO: [HLS 200-10] Synthesizing 'video_gray_live' ...
INFO: [HLS 200-10] ----------------------------------------------------------------
INFO: [HLS 200-42] -- Implementing module 'video_gray_live' 
INFO: [HLS 200-10] ----------------------------------------------------------------
INFO: [SCHED 204-11] Starting scheduling ...
INFO: [SCHED 204-61] Pipelining loop 'VITIS_LOOP_38_1'.
INFO: [HLS 200-1470] Pipelining result : Target II = 1, Final II = 1, Depth = 2, loop 'VITIS_LOOP_38_1'
INFO: [SCHED 204-11] Finished scheduling.
INFO: [HLS 200-111] Finished Scheduling: CPU user time: 0 seconds. CPU system time: 0 seconds. Elapsed time: 0.506 seconds; current allocated memory: 140.691 MB.
INFO: [BIND 205-100] Starting micro-architecture generation ...
INFO: [BIND 205-101] Performing variable lifetime analysis.
INFO: [BIND 205-101] Exploring resource sharing.
INFO: [BIND 205-101] Binding ...
INFO: [BIND 205-100] Finished micro-architecture generation.
INFO: [HLS 200-111] Finished Binding: CPU user time: 0 seconds. CPU system time: 0 seconds. Elapsed time: 0.048 seconds; current allocated memory: 140.691 MB.
INFO: [HLS 200-10] ----------------------------------------------------------------
INFO: [HLS 200-10] -- Generating RTL for module 'video_gray_live' 
INFO: [HLS 200-10] ----------------------------------------------------------------
WARNING: [RTGEN 206-101] Design contains AXI ports. Reset is fixed to synchronous and active low.
INFO: [RTGEN 206-500] Setting interface mode on port 'video_gray_live/in_stream_V_data_V' to 'axis' (register, both mode).
INFO: [RTGEN 206-500] Setting interface mode on port 'video_gray_live/in_stream_V_keep_V' to 'axis' (register, both mode).
INFO: [RTGEN 206-500] Setting interface mode on port 'video_gray_live/in_stream_V_strb_V' to 'axis' (register, both mode).
INFO: [RTGEN 206-500] Setting interface mode on port 'video_gray_live/in_stream_V_user_V' to 'axis' (register, both mode).
INFO: [RTGEN 206-500] Setting interface mode on port 'video_gray_live/in_stream_V_last_V' to 'axis' (register, both mode).
INFO: [RTGEN 206-500] Setting interface mode on port 'video_gray_live/in_stream_V_id_V' to 'axis' (register, both mode).
INFO: [RTGEN 206-500] Setting interface mode on port 'video_gray_live/in_stream_V_dest_V' to 'axis' (register, both mode).
INFO: [RTGEN 206-500] Setting interface mode on port 'video_gray_live/out_stream_V_data_V' to 'axis' (register, both mode).
INFO: [RTGEN 206-500] Setting interface mode on port 'video_gray_live/out_stream_V_keep_V' to 'axis' (register, both mode).
INFO: [RTGEN 206-500] Setting interface mode on port 'video_gray_live/out_stream_V_strb_V' to 'axis' (register, both mode).
INFO: [RTGEN 206-500] Setting interface mode on port 'video_gray_live/out_stream_V_user_V' to 'axis' (register, both mode).
INFO: [RTGEN 206-500] Setting interface mode on port 'video_gray_live/out_stream_V_last_V' to 'axis' (register, both mode).
INFO: [RTGEN 206-500] Setting interface mode on port 'video_gray_live/out_stream_V_id_V' to 'axis' (register, both mode).
INFO: [RTGEN 206-500] Setting interface mode on port 'video_gray_live/out_stream_V_dest_V' to 'axis' (register, both mode).
INFO: [RTGEN 206-500] Setting interface mode on port 'video_gray_live/motion_count_out' to 'ap_none'.
INFO: [RTGEN 206-500] Setting interface mode on function 'video_gray_live' to 'ap_ctrl_none'.
WARNING: [RTGEN 206-101] Port 'video_gray_live/motion_count_out' has no fanin or fanout and is left dangling.
               Please use C simulation to confirm this function argument can be read from or written to.
INFO: [RTGEN 206-100] Finished creating RTL model for 'video_gray_live'.
INFO: [HLS 200-111] Finished Creating RTL model: CPU user time: 0 seconds. CPU system time: 0 seconds. Elapsed time: 0.099 seconds; current allocated memory: 142.484 MB.
INFO: [HLS 200-111] Finished Generating all RTL models: CPU user time: 0 seconds. CPU system time: 0 seconds. Elapsed time: 0.33 seconds; current allocated memory: 147.539 MB.
INFO: [HLS 200-111] Finished Updating report files: CPU user time: 1 seconds. CPU system time: 0 seconds. Elapsed time: 0.45 seconds; current allocated memory: 152.422 MB.
INFO: [VHDL 208-304] Generating VHDL RTL for video_gray_live.
INFO: [VLOG 209-307] Generating Verilog RTL for video_gray_live.
INFO: [HLS 200-790] **** Loop Constraint Status: All loop constraints were satisfied.
INFO: [HLS 200-789] **** Estimated Fmax: 203.75 MHz
INFO: [HLS 200-111] Finished Command csynth_design CPU user time: 1 seconds. CPU system time: 1 seconds. Elapsed time: 11.841 seconds; current allocated memory: 43.348 MB.
==============================================================
Vitis HLS - High-Level Synthesis from C, C++ and OpenCL v2023.2 (64-bit)
Tool Version Limit: 2023.10
Copyright 1986-2022 Xilinx, Inc. All Rights Reserved.
Copyright 2022-2023 Advanced Micro Devices, Inc. All Rights Reserved.

==============================================================
INFO: [SYN 201-201] Setting up clock 'default' with a period of 10ns.
INFO: [HLS 200-1611] Setting target device to 'xc7z020-clg400-1'
INFO: [HLS 200-1505] Using flow_target 'vivado'
INFO: [HLS 200-1464] Running solution command: config_export -format=ip_catalog
INFO: [HLS 200-1464] Running solution command: config_export -output=C:/selected_topics_hdmi/pyzq/hw/hls_gray_ip/hls_export
INFO: [HLS 200-1464] Running solution command: config_export -rtl=verilog
INFO: [HLS 200-1510] Running: set_part xc7z020-clg400-1 
INFO: [HLS 200-1510] Running: create_clock -period 10 -name default 
INFO: [HLS 200-1510] Running: config_export -format ip_catalog -output C:/selected_topics_hdmi/pyzq/hw/hls_gray_ip/hls_export -rtl verilog 
INFO: [HLS 200-1510] Running: source ./video_gray_live_prj/solution1/directives.tcl
INFO: [HLS 200-1510] Running: set_directive_top -name video_gray_live video_gray_live 
INFO: [HLS 200-1510] Running: export_design -rtl verilog -format ip_catalog -output C:/selected_topics_hdmi/pyzq/hw/hls_gray_ip/hls_export 
INFO: [IMPL 213-8] Exporting RTL as a Vivado IP.
INFO: [HLS 200-802] Generated output file hls_export/export.zip
INFO: [HLS 200-111] Finished Command export_design CPU user time: 0 seconds. CPU system time: 0 seconds. Elapsed time: 8.059 seconds; current allocated memory: 7.109 MB.
==============================================================
Vitis HLS - High-Level Synthesis from C, C++ and OpenCL v2023.2 (64-bit)
Tool Version Limit: 2023.10
Copyright 1986-2022 Xilinx, Inc. All Rights Reserved.
Copyright 2022-2023 Advanced Micro Devices, Inc. All Rights Reserved.

==============================================================
INFO: [SYN 201-201] Setting up clock 'default' with a period of 10ns.
INFO: [HLS 200-1611] Setting target device to 'xc7z020-clg400-1'
INFO: [HLS 200-1505] Using flow_target 'vivado'
INFO: [HLS 200-1464] Running solution command: config_export -format=ip_catalog
INFO: [HLS 200-1464] Running solution command: config_export -output=C:/selected_topics_hdmi/pyzq/hw/hls_gray_ip/hls_export
INFO: [HLS 200-1464] Running solution command: config_export -rtl=verilog
INFO: [HLS 200-1510] Running: set_part xc7z020-clg400-1 
INFO: [HLS 200-1510] Running: create_clock -period 10 -name default 
INFO: [HLS 200-1510] Running: config_export -format ip_catalog -output C:/selected_topics_hdmi/pyzq/hw/hls_gray_ip/hls_export -rtl verilog 
INFO: [HLS 200-1510] Running: source ./video_gray_live_prj/solution1/directives.tcl
INFO: [HLS 200-1510] Running: set_directive_top -name video_gray_live video_gray_live 
INFO: [HLS 200-1510] Running: csynth_design 
INFO: [HLS 200-111] Finished File checks and directory preparation: CPU user time: 0 seconds. CPU system time: 0 seconds. Elapsed time: 0.041 seconds; current allocated memory: 111.625 MB.
INFO: [HLS 200-10] Analyzing design file 'video_gray_live.cpp' ... 
INFO: [HLS 200-111] Finished Source Code Analysis and Preprocessing: CPU user time: 0 seconds. CPU system time: 0 seconds. Elapsed time: 2.382 seconds; current allocated memory: 113.551 MB.
INFO: [HLS 200-777] Using interface defaults for 'Vivado' flow target.
INFO: [HLS 200-1995] There were 1,432 instructions in the design after the 'Compile/Link' phase of compilation. See the Design Size Report for more details: C:/selected_topics_hdmi/pyzq/hw/hls_gray_ip/video_gray_live_prj/solution1/syn/report/csynth_design_size.rpt
INFO: [HLS 200-1995] There were 241 instructions in the design after the 'Unroll/Inline (step 1)' phase of compilation. See the Design Size Report for more details: C:/selected_topics_hdmi/pyzq/hw/hls_gray_ip/video_gray_live_prj/solution1/syn/report/csynth_design_size.rpt
INFO: [HLS 200-1995] There were 183 instructions in the design after the 'Unroll/Inline (step 2)' phase of compilation. See the Design Size Report for more details: C:/selected_topics_hdmi/pyzq/hw/hls_gray_ip/video_gray_live_prj/solution1/syn/report/csynth_design_size.rpt
INFO: [HLS 200-1995] There were 183 instructions in the design after the 'Unroll/Inline (step 3)' phase of compilation. See the Design Size Report for more details: C:/selected_topics_hdmi/pyzq/hw/hls_gray_ip/video_gray_live_prj/solution1/syn/report/csynth_design_size.rpt
INFO: [HLS 200-1995] There were 183 instructions in the design after the 'Unroll/Inline (step 4)' phase of compilation. See the Design Size Report for more details: C:/selected_topics_hdmi/pyzq/hw/hls_gray_ip/video_gray_live_prj/solution1/syn/report/csynth_design_size.rpt
INFO: [HLS 200-1995] There were 185 instructions in the design after the 'Array/Struct (step 1)' phase of compilation. See the Design Size Report for more details: C:/selected_topics_hdmi/pyzq/hw/hls_gray_ip/video_gray_live_prj/solution1/syn/report/csynth_design_size.rpt
INFO: [HLS 200-1995] There were 185 instructions in the design after the 'Array/Struct (step 2)' phase of compilation. See the Design Size Report for more details: C:/selected_topics_hdmi/pyzq/hw/hls_gray_ip/video_gray_live_prj/solution1/syn/report/csynth_design_size.rpt
INFO: [HLS 200-1995] There were 185 instructions in the design after the 'Array/Struct (step 3)' phase of compilation. See the Design Size Report for more details: C:/selected_topics_hdmi/pyzq/hw/hls_gray_ip/video_gray_live_prj/solution1/syn/report/csynth_design_size.rpt
INFO: [HLS 200-1995] There were 185 instructions in the design after the 'Array/Struct (step 4)' phase of compilation. See the Design Size Report for more details: C:/selected_topics_hdmi/pyzq/hw/hls_gray_ip/video_gray_live_prj/solution1/syn/report/csynth_design_size.rpt
INFO: [HLS 200-1995] There were 297 instructions in the design after the 'Array/Struct (step 5)' phase of compilation. See the Design Size Report for more details: C:/selected_topics_hdmi/pyzq/hw/hls_gray_ip/video_gray_live_prj/solution1/syn/report/csynth_design_size.rpt
INFO: [HLS 200-1995] There were 311 instructions in the design after the 'Performance (step 1)' phase of compilation. See the Design Size Report for more details: C:/selected_topics_hdmi/pyzq/hw/hls_gray_ip/video_gray_live_prj/solution1/syn/report/csynth_design_size.rpt
INFO: [HLS 200-1995] There were 297 instructions in the design after the 'Performance (step 2)' phase of compilation. See the Design Size Report for more details: C:/selected_topics_hdmi/pyzq/hw/hls_gray_ip/video_gray_live_prj/solution1/syn/report/csynth_design_size.rpt
INFO: [HLS 200-1995] There were 198 instructions in the design after the 'Performance (step 3)' phase of compilation. See the Design Size Report for more details: C:/selected_topics_hdmi/pyzq/hw/hls_gray_ip/video_gray_live_prj/solution1/syn/report/csynth_design_size.rpt
INFO: [HLS 200-1995] There were 198 instructions in the design after the 'Performance (step 4)' phase of compilation. See the Design Size Report for more details: C:/selected_topics_hdmi/pyzq/hw/hls_gray_ip/video_gray_live_prj/solution1/syn/report/csynth_design_size.rpt
INFO: [HLS 200-1995] There were 159 instructions in the design after the 'HW Transforms (step 1)' phase of compilation. See the Design Size Report for more details: C:/selected_topics_hdmi/pyzq/hw/hls_gray_ip/video_gray_live_prj/solution1/syn/report/csynth_design_size.rpt
INFO: [HLS 200-1995] There were 133 instructions in the design after the 'HW Transforms (step 2)' phase of compilation. See the Design Size Report for more details: C:/selected_topics_hdmi/pyzq/hw/hls_gray_ip/video_gray_live_prj/solution1/syn/report/csynth_design_size.rpt
INFO: [HLS 200-111] Finished Compiling Optimization and Transform: CPU user time: 0 seconds. CPU system time: 0 seconds. Elapsed time: 7.307 seconds; current allocated memory: 115.934 MB.
INFO: [HLS 200-111] Finished Checking Pragmas: CPU user time: 0 seconds. CPU system time: 0 seconds. Elapsed time: 0.001 seconds; current allocated memory: 115.934 MB.
INFO: [HLS 200-10] Starting code transformations ...
INFO: [HLS 200-111] Finished Standard Transforms: CPU user time: 0 seconds. CPU system time: 0 seconds. Elapsed time: 0.013 seconds; current allocated memory: 120.848 MB.
INFO: [HLS 200-10] Checking synthesizability ...
INFO: [HLS 200-111] Finished Checking Synthesizability: CPU user time: 0 seconds. CPU system time: 0 seconds. Elapsed time: 0.012 seconds; current allocated memory: 122.582 MB.
INFO: [HLS 200-111] Finished Loop, function and other optimizations: CPU user time: 0 seconds. CPU system time: 0 seconds. Elapsed time: 0.04 seconds; current allocated memory: 144.590 MB.
WARNING: [XFORM 203-561] 'VITIS_LOOP_38_1' (video_gray_live.cpp:38:22) in function 'video_gray_live' is an infinite loop.
INFO: [HLS 200-111] Finished Architecture Synthesis: CPU user time: 0 seconds. CPU system time: 0 seconds. Elapsed time: 0.029 seconds; current allocated memory: 144.648 MB.
INFO: [HLS 200-10] Starting hardware synthesis ...
INFO: [HLS 200-10] Synthesizing 'video_gray_live' ...
INFO: [HLS 200-10] ----------------------------------------------------------------
INFO: [HLS 200-42] -- Implementing module 'video_gray_live' 
INFO: [HLS 200-10] ----------------------------------------------------------------
INFO: [SCHED 204-11] Starting scheduling ...
INFO: [SCHED 204-61] Pipelining loop 'VITIS_LOOP_38_1'.
INFO: [HLS 200-1470] Pipelining result : Target II = 1, Final II = 1, Depth = 2, loop 'VITIS_LOOP_38_1'
WARNING: [HLS 200-871] Estimated clock period (8.064 ns) exceeds the target (target clock period: 10.000 ns, clock uncertainty: 2.700 ns, effective delay budget: 7.300 ns).
WARNING: [HLS 200-1016] The critical path in module 'video_gray_live' consists of the following:
	'load' operation 1 bit ('prev_bin', video_gray_live.cpp:57) on array 'prev_frame' [98]  (2.322 ns)
	'xor' operation 1 bit ('xor_ln58_1', video_gray_live.cpp:58) [100]  (0.000 ns)
	'and' operation 1 bit ('and_ln60', video_gray_live.cpp:60) [101]  (0.978 ns)
	multiplexor before 'phi' operation 16 bit ('motion_count_accum_loc_2', video_gray_live.cpp:61) with incoming values : ('motion_count_accum_loc_0_load') ('add_ln61', video_gray_live.cpp:61) [108]  (1.588 ns)
	'phi' operation 16 bit ('motion_count_accum_loc_2', video_gray_live.cpp:61) with incoming values : ('motion_count_accum_loc_0_load') ('add_ln61', video_gray_live.cpp:61) [108]  (0.000 ns)
	multiplexor before 'phi' operation 16 bit ('motion_count_accum_loc_3', video_gray_live.cpp:61) with incoming values : ('motion_count_accum_loc_0_load') ('add_ln61', video_gray_live.cpp:61) [116]  (1.588 ns)
	'phi' operation 16 bit ('motion_count_accum_loc_3', video_gray_live.cpp:61) with incoming values : ('motion_count_accum_loc_0_load') ('add_ln61', video_gray_live.cpp:61) [116]  (0.000 ns)
	'store' operation 0 bit ('motion_count_accum_loc_0_write_ln61', video_gray_live.cpp:61) of variable 'motion_count_accum_loc_3', video_gray_live.cpp:61 on local variable 'motion_count_accum_loc_0' [146]  (1.588 ns)

INFO: [SCHED 204-11] Finished scheduling.
INFO: [HLS 200-111] Finished Scheduling: CPU user time: 0 seconds. CPU system time: 0 seconds. Elapsed time: 0.536 seconds; current allocated memory: 144.648 MB.
INFO: [BIND 205-100] Starting micro-architecture generation ...
INFO: [BIND 205-101] Performing variable lifetime analysis.
INFO: [BIND 205-101] Exploring resource sharing.
INFO: [BIND 205-101] Binding ...
INFO: [BIND 205-100] Finished micro-architecture generation.
INFO: [HLS 200-111] Finished Binding: CPU user time: 0 seconds. CPU system time: 0 seconds. Elapsed time: 0.028 seconds; current allocated memory: 145.824 MB.
INFO: [HLS 200-10] ----------------------------------------------------------------
INFO: [HLS 200-10] -- Generating RTL for module 'video_gray_live' 
INFO: [HLS 200-10] ----------------------------------------------------------------
WARNING: [RTGEN 206-101] Design contains AXI ports. Reset is fixed to synchronous and active low.
INFO: [RTGEN 206-500] Setting interface mode on port 'video_gray_live/in_stream_V_data_V' to 'axis' (register, both mode).
INFO: [RTGEN 206-500] Setting interface mode on port 'video_gray_live/in_stream_V_keep_V' to 'axis' (register, both mode).
INFO: [RTGEN 206-500] Setting interface mode on port 'video_gray_live/in_stream_V_strb_V' to 'axis' (register, both mode).
INFO: [RTGEN 206-500] Setting interface mode on port 'video_gray_live/in_stream_V_user_V' to 'axis' (register, both mode).
INFO: [RTGEN 206-500] Setting interface mode on port 'video_gray_live/in_stream_V_last_V' to 'axis' (register, both mode).
INFO: [RTGEN 206-500] Setting interface mode on port 'video_gray_live/in_stream_V_id_V' to 'axis' (register, both mode).
INFO: [RTGEN 206-500] Setting interface mode on port 'video_gray_live/in_stream_V_dest_V' to 'axis' (register, both mode).
INFO: [RTGEN 206-500] Setting interface mode on port 'video_gray_live/out_stream_V_data_V' to 'axis' (register, both mode).
INFO: [RTGEN 206-500] Setting interface mode on port 'video_gray_live/out_stream_V_keep_V' to 'axis' (register, both mode).
INFO: [RTGEN 206-500] Setting interface mode on port 'video_gray_live/out_stream_V_strb_V' to 'axis' (register, both mode).
INFO: [RTGEN 206-500] Setting interface mode on port 'video_gray_live/out_stream_V_user_V' to 'axis' (register, both mode).
INFO: [RTGEN 206-500] Setting interface mode on port 'video_gray_live/out_stream_V_last_V' to 'axis' (register, both mode).
INFO: [RTGEN 206-500] Setting interface mode on port 'video_gray_live/out_stream_V_id_V' to 'axis' (register, both mode).
INFO: [RTGEN 206-500] Setting interface mode on port 'video_gray_live/out_stream_V_dest_V' to 'axis' (register, both mode).
INFO: [RTGEN 206-500] Setting interface mode on port 'video_gray_live/motion_count_out' to 'ap_none'.
WARNING: [RTGEN 206-101] Port 'motion_count_out' with mode 'ap_none' may require an associated data valid signal to correctly communicate with other blocks or a test bench; automatic C/RTL co-simulation may not be able to verify such a port.
INFO: [RTGEN 206-500] Setting interface mode on function 'video_gray_live' to 'ap_ctrl_none'.
WARNING: [RTGEN 206-101] Register 'y' is power-on initialization.
WARNING: [RTGEN 206-101] Register 'motion_count_accum' is power-on initialization.
WARNING: [RTGEN 206-101] Register 'first_frame' is power-on initialization.
WARNING: [RTGEN 206-101] Register 'x' is power-on initialization.
WARNING: [RTGEN 206-101] Register 'addr' is power-on initialization.
WARNING: [RTGEN 206-101] Register 'motion_count_latched' is power-on initialization.
INFO: [RTGEN 206-100] Finished creating RTL model for 'video_gray_live'.
INFO: [RTMG 210-278] Implementing memory 'video_gray_live_prev_frame_RAM_2P_LUTRAM_1R1W' using distributed RAMs.
INFO: [HLS 200-111] Finished Creating RTL model: CPU user time: 0 seconds. CPU system time: 0 seconds. Elapsed time: 0.089 seconds; current allocated memory: 148.930 MB.
INFO: [HLS 200-111] Finished Generating all RTL models: CPU user time: 0 seconds. CPU system time: 0 seconds. Elapsed time: 0.275 seconds; current allocated memory: 154.621 MB.
INFO: [HLS 200-111] Finished Updating report files: CPU user time: 0 seconds. CPU system time: 0 seconds. Elapsed time: 0.247 seconds; current allocated memory: 159.250 MB.
INFO: [VHDL 208-304] Generating VHDL RTL for video_gray_live.
INFO: [VLOG 209-307] Generating Verilog RTL for video_gray_live.
INFO: [HLS 200-790] **** Loop Constraint Status: All loop constraints were satisfied.
INFO: [HLS 200-789] **** Estimated Fmax: 124.01 MHz
INFO: [HLS 200-111] Finished Command csynth_design CPU user time: 0 seconds. CPU system time: 0 seconds. Elapsed time: 11.02 seconds; current allocated memory: 47.953 MB.
==============================================================
Vitis HLS - High-Level Synthesis from C, C++ and OpenCL v2023.2 (64-bit)
Tool Version Limit: 2023.10
Copyright 1986-2022 Xilinx, Inc. All Rights Reserved.
Copyright 2022-2023 Advanced Micro Devices, Inc. All Rights Reserved.

==============================================================
INFO: [SYN 201-201] Setting up clock 'default' with a period of 10ns.
INFO: [HLS 200-1611] Setting target device to 'xc7z020-clg400-1'
INFO: [HLS 200-1505] Using flow_target 'vivado'
INFO: [HLS 200-1464] Running solution command: config_export -format=ip_catalog
INFO: [HLS 200-1464] Running solution command: config_export -output=C:/selected_topics_hdmi/pyzq/hw/hls_gray_ip/hls_export
INFO: [HLS 200-1464] Running solution command: config_export -rtl=verilog
INFO: [HLS 200-1510] Running: set_part xc7z020-clg400-1 
INFO: [HLS 200-1510] Running: create_clock -period 10 -name default 
INFO: [HLS 200-1510] Running: config_export -format ip_catalog -output C:/selected_topics_hdmi/pyzq/hw/hls_gray_ip/hls_export -rtl verilog 
INFO: [HLS 200-1510] Running: source ./video_gray_live_prj/solution1/directives.tcl
INFO: [HLS 200-1510] Running: set_directive_top -name video_gray_live video_gray_live 
INFO: [HLS 200-1510] Running: export_design -rtl verilog -format ip_catalog -output C:/selected_topics_hdmi/pyzq/hw/hls_gray_ip/hls_export 
INFO: [IMPL 213-8] Exporting RTL as a Vivado IP.
INFO: [HLS 200-802] Generated output file hls_export/export.zip
INFO: [HLS 200-111] Finished Command export_design CPU user time: 0 seconds. CPU system time: 0 seconds. Elapsed time: 10.007 seconds; current allocated memory: 7.215 MB.
==============================================================
Vitis HLS - High-Level Synthesis from C, C++ and OpenCL v2023.2 (64-bit)
Tool Version Limit: 2023.10
Copyright 1986-2022 Xilinx, Inc. All Rights Reserved.
Copyright 2022-2023 Advanced Micro Devices, Inc. All Rights Reserved.

==============================================================
INFO: [SYN 201-201] Setting up clock 'default' with a period of 10ns.
INFO: [HLS 200-1611] Setting target device to 'xc7z020-clg400-1'
INFO: [HLS 200-1505] Using flow_target 'vivado'
INFO: [HLS 200-1464] Running solution command: config_export -format=ip_catalog
INFO: [HLS 200-1464] Running solution command: config_export -output=C:/selected_topics_hdmi/pyzq/hw/hls_gray_ip/hls_export
INFO: [HLS 200-1464] Running solution command: config_export -rtl=verilog
INFO: [HLS 200-1510] Running: set_part xc7z020-clg400-1 
INFO: [HLS 200-1510] Running: create_clock -period 10 -name default 
INFO: [HLS 200-1510] Running: config_export -format ip_catalog -output C:/selected_topics_hdmi/pyzq/hw/hls_gray_ip/hls_export -rtl verilog 
INFO: [HLS 200-1510] Running: source ./video_gray_live_prj/solution1/directives.tcl
INFO: [HLS 200-1510] Running: set_directive_top -name video_gray_live video_gray_live 
INFO: [HLS 200-1510] Running: csynth_design 
INFO: [HLS 200-111] Finished File checks and directory preparation: CPU user time: 0 seconds. CPU system time: 0 seconds. Elapsed time: 0.325 seconds; current allocated memory: 109.676 MB.
INFO: [HLS 200-10] Analyzing design file 'video_gray_live.cpp' ... 
INFO: [HLS 200-111] Finished Source Code Analysis and Preprocessing: CPU user time: 0 seconds. CPU system time: 0 seconds. Elapsed time: 8.216 seconds; current allocated memory: 111.914 MB.
INFO: [HLS 200-777] Using interface defaults for 'Vivado' flow target.
INFO: [HLS 200-1995] There were 2,269 instructions in the design after the 'Compile/Link' phase of compilation. See the Design Size Report for more details: C:/selected_topics_hdmi/pyzq/hw/hls_gray_ip/video_gray_live_prj/solution1/syn/report/csynth_design_size.rpt
INFO: [HLS 200-1995] There were 306 instructions in the design after the 'Unroll/Inline (step 1)' phase of compilation. See the Design Size Report for more details: C:/selected_topics_hdmi/pyzq/hw/hls_gray_ip/video_gray_live_prj/solution1/syn/report/csynth_design_size.rpt
INFO: [HLS 200-1995] There were 221 instructions in the design after the 'Unroll/Inline (step 2)' phase of compilation. See the Design Size Report for more details: C:/selected_topics_hdmi/pyzq/hw/hls_gray_ip/video_gray_live_prj/solution1/syn/report/csynth_design_size.rpt
INFO: [HLS 200-1995] There were 221 instructions in the design after the 'Unroll/Inline (step 3)' phase of compilation. See the Design Size Report for more details: C:/selected_topics_hdmi/pyzq/hw/hls_gray_ip/video_gray_live_prj/solution1/syn/report/csynth_design_size.rpt
INFO: [HLS 200-1995] There were 219 instructions in the design after the 'Unroll/Inline (step 4)' phase of compilation. See the Design Size Report for more details: C:/selected_topics_hdmi/pyzq/hw/hls_gray_ip/video_gray_live_prj/solution1/syn/report/csynth_design_size.rpt
INFO: [HLS 200-1995] There were 221 instructions in the design after the 'Array/Struct (step 1)' phase of compilation. See the Design Size Report for more details: C:/selected_topics_hdmi/pyzq/hw/hls_gray_ip/video_gray_live_prj/solution1/syn/report/csynth_design_size.rpt
INFO: [HLS 200-1995] There were 221 instructions in the design after the 'Array/Struct (step 2)' phase of compilation. See the Design Size Report for more details: C:/selected_topics_hdmi/pyzq/hw/hls_gray_ip/video_gray_live_prj/solution1/syn/report/csynth_design_size.rpt
INFO: [HLS 200-1995] There were 221 instructions in the design after the 'Array/Struct (step 3)' phase of compilation. See the Design Size Report for more details: C:/selected_topics_hdmi/pyzq/hw/hls_gray_ip/video_gray_live_prj/solution1/syn/report/csynth_design_size.rpt
INFO: [HLS 200-1995] There were 221 instructions in the design after the 'Array/Struct (step 4)' phase of compilation. See the Design Size Report for more details: C:/selected_topics_hdmi/pyzq/hw/hls_gray_ip/video_gray_live_prj/solution1/syn/report/csynth_design_size.rpt
INFO: [HLS 200-1995] There were 333 instructions in the design after the 'Array/Struct (step 5)' phase of compilation. See the Design Size Report for more details: C:/selected_topics_hdmi/pyzq/hw/hls_gray_ip/video_gray_live_prj/solution1/syn/report/csynth_design_size.rpt
INFO: [HLS 200-1995] There were 347 instructions in the design after the 'Performance (step 1)' phase of compilation. See the Design Size Report for more details: C:/selected_topics_hdmi/pyzq/hw/hls_gray_ip/video_gray_live_prj/solution1/syn/report/csynth_design_size.rpt
INFO: [HLS 200-1995] There were 333 instructions in the design after the 'Performance (step 2)' phase of compilation. See the Design Size Report for more details: C:/selected_topics_hdmi/pyzq/hw/hls_gray_ip/video_gray_live_prj/solution1/syn/report/csynth_design_size.rpt
INFO: [HLS 200-1995] There were 234 instructions in the design after the 'Performance (step 3)' phase of compilation. See the Design Size Report for more details: C:/selected_topics_hdmi/pyzq/hw/hls_gray_ip/video_gray_live_prj/solution1/syn/report/csynth_design_size.rpt
INFO: [HLS 200-1995] There were 234 instructions in the design after the 'Performance (step 4)' phase of compilation. See the Design Size Report for more details: C:/selected_topics_hdmi/pyzq/hw/hls_gray_ip/video_gray_live_prj/solution1/syn/report/csynth_design_size.rpt
INFO: [HLS 200-1995] There were 195 instructions in the design after the 'HW Transforms (step 1)' phase of compilation. See the Design Size Report for more details: C:/selected_topics_hdmi/pyzq/hw/hls_gray_ip/video_gray_live_prj/solution1/syn/report/csynth_design_size.rpt
INFO: [HLS 200-1995] There were 169 instructions in the design after the 'HW Transforms (step 2)' phase of compilation. See the Design Size Report for more details: C:/selected_topics_hdmi/pyzq/hw/hls_gray_ip/video_gray_live_prj/solution1/syn/report/csynth_design_size.rpt
INFO: [HLS 200-111] Finished Compiling Optimization and Transform: CPU user time: 0 seconds. CPU system time: 0 seconds. Elapsed time: 11.244 seconds; current allocated memory: 114.078 MB.
INFO: [HLS 200-111] Finished Checking Pragmas: CPU user time: 0 seconds. CPU system time: 0 seconds. Elapsed time: 0.002 seconds; current allocated memory: 114.078 MB.
INFO: [HLS 200-10] Starting code transformations ...
INFO: [HLS 200-111] Finished Standard Transforms: CPU user time: 0 seconds. CPU system time: 0 seconds. Elapsed time: 0.798 seconds; current allocated memory: 119.137 MB.
INFO: [HLS 200-10] Checking synthesizability ...
INFO: [HLS 200-111] Finished Checking Synthesizability: CPU user time: 0 seconds. CPU system time: 0 seconds. Elapsed time: 0.062 seconds; current allocated memory: 120.969 MB.
INFO: [HLS 200-111] Finished Loop, function and other optimizations: CPU user time: 1 seconds. CPU system time: 0 seconds. Elapsed time: 0.568 seconds; current allocated memory: 143.535 MB.
WARNING: [XFORM 203-561] 'VITIS_LOOP_46_1' (video_gray_live.cpp:46:22) in function 'video_gray_live' is an infinite loop.
INFO: [HLS 200-111] Finished Architecture Synthesis: CPU user time: 0 seconds. CPU system time: 1 seconds. Elapsed time: 0.153 seconds; current allocated memory: 143.566 MB.
INFO: [HLS 200-10] Starting hardware synthesis ...
INFO: [HLS 200-10] Synthesizing 'video_gray_live' ...
INFO: [HLS 200-10] ----------------------------------------------------------------
INFO: [HLS 200-42] -- Implementing module 'video_gray_live' 
INFO: [HLS 200-10] ----------------------------------------------------------------
INFO: [SCHED 204-11] Starting scheduling ...
INFO: [SCHED 204-61] Pipelining loop 'VITIS_LOOP_46_1'.
INFO: [HLS 200-1470] Pipelining result : Target II = 1, Final II = 1, Depth = 2, loop 'VITIS_LOOP_46_1'
WARNING: [HLS 200-871] Estimated clock period (12.880 ns) exceeds the target (target clock period: 10.000 ns, clock uncertainty: 2.700 ns, effective delay budget: 7.300 ns).
WARNING: [HLS 200-1016] The critical path in module 'video_gray_live' consists of the following:
	'icmp' operation 1 bit ('icmp_ln92', video_gray_live.cpp:92) [121]  (1.639 ns)
	'select' operation 4 bit ('region_idx', video_gray_live.cpp:92) [122]  (1.024 ns)
	multiplexor before 'phi' operation 4 bit ('region_idx') with incoming values : ('region_idx', video_gray_live.cpp:92) ('select_ln70_1_cast', video_gray_live.cpp:84) ('select_ln70_cast', video_gray_live.cpp:76) [137]  (2.065 ns)
	'phi' operation 4 bit ('region_idx') with incoming values : ('region_idx', video_gray_live.cpp:92) ('select_ln70_1_cast', video_gray_live.cpp:84) ('select_ln70_cast', video_gray_live.cpp:76) [137]  (0.000 ns)
	'shl' operation 9 bit ('shl_ln100', video_gray_live.cpp:100) [141]  (2.397 ns)
	'or' operation 9 bit ('or_ln100', video_gray_live.cpp:100) [142]  (0.990 ns)
	multiplexor before 'phi' operation 16 bit ('motion_count_accum_loc_2', video_gray_live.cpp:99) with incoming values : ('motion_count_accum_loc_0_load') ('add_ln99', video_gray_live.cpp:99) [146]  (1.588 ns)
	'phi' operation 16 bit ('motion_count_accum_loc_2', video_gray_live.cpp:99) with incoming values : ('motion_count_accum_loc_0_load') ('add_ln99', video_gray_live.cpp:99) [146]  (0.000 ns)
	multiplexor before 'phi' operation 16 bit ('motion_count_accum_loc_3', video_gray_live.cpp:99) with incoming values : ('motion_count_accum_loc_0_load') ('add_ln99', video_gray_live.cpp:99) [155]  (1.588 ns)
	'phi' operation 16 bit ('motion_count_accum_loc_3', video_gray_live.cpp:99) with incoming values : ('motion_count_accum_loc_0_load') ('add_ln99', video_gray_live.cpp:99) [155]  (0.000 ns)
	'store' operation 0 bit ('motion_count_latched_write_ln127', video_gray_live.cpp:127) of variable 'motion_count_accum_loc_3', video_gray_live.cpp:99 on static variable 'motion_count_latched' [178]  (1.588 ns)

INFO: [SCHED 204-11] Finished scheduling.
INFO: [HLS 200-111] Finished Scheduling: CPU user time: 0 seconds. CPU system time: 0 seconds. Elapsed time: 1.244 seconds; current allocated memory: 144.059 MB.
INFO: [BIND 205-100] Starting micro-architecture generation ...
INFO: [BIND 205-101] Performing variable lifetime analysis.
INFO: [BIND 205-101] Exploring resource sharing.
INFO: [BIND 205-101] Binding ...
INFO: [BIND 205-100] Finished micro-architecture generation.
INFO: [HLS 200-111] Finished Binding: CPU user time: 0 seconds. CPU system time: 0 seconds. Elapsed time: 0.115 seconds; current allocated memory: 145.625 MB.
INFO: [HLS 200-10] ----------------------------------------------------------------
INFO: [HLS 200-10] -- Generating RTL for module 'video_gray_live' 
INFO: [HLS 200-10] ----------------------------------------------------------------
WARNING: [RTGEN 206-101] Design contains AXI ports. Reset is fixed to synchronous and active low.
INFO: [RTGEN 206-500] Setting interface mode on port 'video_gray_live/in_stream_V_data_V' to 'axis' (register, both mode).
INFO: [RTGEN 206-500] Setting interface mode on port 'video_gray_live/in_stream_V_keep_V' to 'axis' (register, both mode).
INFO: [RTGEN 206-500] Setting interface mode on port 'video_gray_live/in_stream_V_strb_V' to 'axis' (register, both mode).
INFO: [RTGEN 206-500] Setting interface mode on port 'video_gray_live/in_stream_V_user_V' to 'axis' (register, both mode).
INFO: [RTGEN 206-500] Setting interface mode on port 'video_gray_live/in_stream_V_last_V' to 'axis' (register, both mode).
INFO: [RTGEN 206-500] Setting interface mode on port 'video_gray_live/in_stream_V_id_V' to 'axis' (register, both mode).
INFO: [RTGEN 206-500] Setting interface mode on port 'video_gray_live/in_stream_V_dest_V' to 'axis' (register, both mode).
INFO: [RTGEN 206-500] Setting interface mode on port 'video_gray_live/out_stream_V_data_V' to 'axis' (register, both mode).
INFO: [RTGEN 206-500] Setting interface mode on port 'video_gray_live/out_stream_V_keep_V' to 'axis' (register, both mode).
INFO: [RTGEN 206-500] Setting interface mode on port 'video_gray_live/out_stream_V_strb_V' to 'axis' (register, both mode).
INFO: [RTGEN 206-500] Setting interface mode on port 'video_gray_live/out_stream_V_user_V' to 'axis' (register, both mode).
INFO: [RTGEN 206-500] Setting interface mode on port 'video_gray_live/out_stream_V_last_V' to 'axis' (register, both mode).
INFO: [RTGEN 206-500] Setting interface mode on port 'video_gray_live/out_stream_V_id_V' to 'axis' (register, both mode).
INFO: [RTGEN 206-500] Setting interface mode on port 'video_gray_live/out_stream_V_dest_V' to 'axis' (register, both mode).
INFO: [RTGEN 206-500] Setting interface mode on port 'video_gray_live/motion_count_out' to 'ap_none'.
WARNING: [RTGEN 206-101] Port 'motion_count_out' with mode 'ap_none' may require an associated data valid signal to correctly communicate with other blocks or a test bench; automatic C/RTL co-simulation may not be able to verify such a port.
INFO: [RTGEN 206-500] Setting interface mode on function 'video_gray_live' to 'ap_ctrl_none'.
WARNING: [RTGEN 206-101] Register 'y' is power-on initialization.
WARNING: [RTGEN 206-101] Register 'motion_count_accum' is power-on initialization.
WARNING: [RTGEN 206-101] Register 'region_mask_accum' is power-on initialization.
WARNING: [RTGEN 206-101] Register 'first_frame' is power-on initialization.
WARNING: [RTGEN 206-101] Register 'x' is power-on initialization.
WARNING: [RTGEN 206-101] Register 'addr' is power-on initialization.
WARNING: [RTGEN 206-101] Register 'motion_count_latched' is power-on initialization.
WARNING: [RTGEN 206-101] Register 'region_mask_latched' is power-on initialization.
INFO: [RTGEN 206-100] Finished creating RTL model for 'video_gray_live'.
INFO: [RTMG 210-278] Implementing memory 'video_gray_live_prev_frame_RAM_2P_LUTRAM_1R1W' using distributed RAMs.
INFO: [HLS 200-111] Finished Creating RTL model: CPU user time: 0 seconds. CPU system time: 0 seconds. Elapsed time: 0.701 seconds; current allocated memory: 148.387 MB.
INFO: [HLS 200-111] Finished Generating all RTL models: CPU user time: 0 seconds. CPU system time: 0 seconds. Elapsed time: 1.871 seconds; current allocated memory: 155.191 MB.
INFO: [HLS 200-111] Finished Updating report files: CPU user time: 1 seconds. CPU system time: 0 seconds. Elapsed time: 0.919 seconds; current allocated memory: 159.539 MB.
INFO: [VHDL 208-304] Generating VHDL RTL for video_gray_live.
INFO: [VLOG 209-307] Generating Verilog RTL for video_gray_live.
INFO: [HLS 200-790] **** Loop Constraint Status: All loop constraints were satisfied.
INFO: [HLS 200-789] **** Estimated Fmax: 77.64 MHz
INFO: [HLS 200-111] Finished Command csynth_design CPU user time: 2 seconds. CPU system time: 1 seconds. Elapsed time: 26.623 seconds; current allocated memory: 50.113 MB.
==============================================================
Vitis HLS - High-Level Synthesis from C, C++ and OpenCL v2023.2 (64-bit)
Tool Version Limit: 2023.10
Copyright 1986-2022 Xilinx, Inc. All Rights Reserved.
Copyright 2022-2023 Advanced Micro Devices, Inc. All Rights Reserved.

==============================================================
INFO: [SYN 201-201] Setting up clock 'default' with a period of 10ns.
INFO: [HLS 200-1611] Setting target device to 'xc7z020-clg400-1'
INFO: [HLS 200-1505] Using flow_target 'vivado'
INFO: [HLS 200-1464] Running solution command: config_export -format=ip_catalog
INFO: [HLS 200-1464] Running solution command: config_export -output=C:/selected_topics_hdmi/pyzq/hw/hls_gray_ip/hls_export
INFO: [HLS 200-1464] Running solution command: config_export -rtl=verilog
INFO: [HLS 200-1510] Running: set_part xc7z020-clg400-1 
INFO: [HLS 200-1510] Running: create_clock -period 10 -name default 
INFO: [HLS 200-1510] Running: config_export -format ip_catalog -output C:/selected_topics_hdmi/pyzq/hw/hls_gray_ip/hls_export -rtl verilog 
INFO: [HLS 200-1510] Running: source ./video_gray_live_prj/solution1/directives.tcl
INFO: [HLS 200-1510] Running: set_directive_top -name video_gray_live video_gray_live 
INFO: [HLS 200-1510] Running: export_design -rtl verilog -format ip_catalog -output C:/selected_topics_hdmi/pyzq/hw/hls_gray_ip/hls_export 
INFO: [IMPL 213-8] Exporting RTL as a Vivado IP.
INFO: [HLS 200-802] Generated output file hls_export/export.zip
INFO: [HLS 200-111] Finished Command export_design CPU user time: 0 seconds. CPU system time: 0 seconds. Elapsed time: 7.282 seconds; current allocated memory: 7.477 MB.
